{"metadata":{"title":"Introducing Custom Tables in Spyral Notebook","userId":"learnspyral@gh","author":"Stéfan Sinclair & Geoffrey Rockwell","description":"","keywords":["alta"],"modified":"2022-07-15T18:26:06.295Z","created":"2019-07-01T18:44:23.956Z","language":"English","license":"Creative Commons Attribution (CC BY)","version":"0.1"},"cells":[{"cellId":"6kdjciayuay8liir","type":"text","content":"<p>This notebook will help you work with custom Spyral Tables in your&nbsp;notebooks (it's part of the <a data-tabindex-counter=\"60\" data-tabindex-value=\"none\" data-cke-saved-href=\"https://voyant-tools.org/spyral/learnspyral@gh/homeALTA/\" href=\"https://voyant-tools.org/spyral/learnspyral@gh/homeALTA/\" tabindex=\"-1\" target=\"_blank\">Art of Literary Text Analysis with Spyral&nbsp;Notebooks</a>). In particular, we'll look at:<br></p><ul><li><a data-tabindex-counter=\"34\" data-tabindex-value=\"none\" data-cke-saved-href=\"#create\" href=\"#create\" tabindex=\"-1\">creating a table</a></li><li><a data-tabindex-counter=\"26\" data-tabindex-value=\"none\" data-cke-saved-href=\"#display\" href=\"#display\" tabindex=\"-1\">displaying data&nbsp;from a table</a></li><li><a data-tabindex-counter=\"60\" data-tabindex-value=\"none\" data-cke-saved-href=\"#next\" href=\"#next\" tabindex=\"-1\">next steps</a></li></ul><p>In the previous notebook we looked at analyzing Edgar Allan Poe's \"The Gold Bug\" though we didn't spend much time on one of its key topics: cryptography. Indeed, for a literrary short story, there's a fairly good introduction to simple encryption, including this part:</p><blockquote><p>These characters, as any one might readily guess, form a cipher --that is to say, they convey a meaning …&nbsp;Now, in English, the letter which most frequently occurs is 'e'. Afterwards, the succession runs thus:&nbsp;<i>a o i d h n r s t u y c f g l m w b k p q x z</i>. E however predominates so remarkably that an individual sentence of any length is rarely seen, in which it is not the prevailing character.</p></blockquote><p>Beyond an analysis of the story, wouldn't it be interesting to test this affirmation, and in particular to see if the sequence of top frequency letters described in the short story matches the sequence of top frequency letters in text of the short story itself? We can do that! Spryal can help!</p><h2><img class=\"cke_anchor\" data-cke-realelement=\"%3Ca%20id%3D%22create%22%20data-cke-saved-name%3D%22create%22%20name%3D%22create%22%3E%3C%2Fa%3E\" data-cke-real-node-type=\"1\" alt=\"Anchor\" title=\"Anchor\" data-cke-saved-src=\"data:image/gif;base64,R0lGODlhAQABAPABAP///wAAACH5BAEKAAAALAAAAAABAAEAAAICRAEAOw==\" src=\"data:image/gif;base64,R0lGODlhAQABAPABAP///wAAACH5BAEKAAAALAAAAAABAAEAAAICRAEAOw==\" data-cke-real-element-type=\"anchor\" align=\"\">Creating a Table</h2><p>Let's take a moment to describe the steps we'll follow:</p><ul><li>create a corpus with text from \"The Gold Bug\"</li><li>extract the actual text from the corpus</li><li>clean the text (so that we are left with letters from a to z)</li><li>create a table of letters and their frequencies</li><li>display output from the table</li></ul><h3>Create a Corpus with Text from \"The Gold Bug\"</h3><p>Just as we did in the <a data-tabindex-counter=\"37\" data-tabindex-value=\"none\" data-cke-saved-href=\"../alta-smaller/\" href=\"../alta-smaller/\" tabindex=\"-1\" target=\"_blank\">previous notebook</a>, we'll start by <a data-tabindex-counter=\"37\" data-tabindex-value=\"none\" data-cke-saved-href=\"../alta-create/#text\" href=\"../alta-create/#text\" tabindex=\"-1\" target=\"_blank\">creating our corpus</a> (in case it doesn't yet exist).</p>"},{"cellId":"89yohs2vxwwkuqi9","type":"code","content":{"input":"\nloadCorpus(\"https://gist.githubusercontent.com/sgsinclair/84c9da05e9e142af30779cc91440e8c1/raw/goldbug.txt\", {\n    inputRemoveUntil: 'THE GOLD-BUG',\n    inputRemoveFrom: 'FOUR BEASTS IN ONE'\n}).assign(\"goldbug\")","output":"<body class=\"\">\n\n\n\n<div style=\"height: 45px\" id=\"ext-element-28\"><div style=\"height: 31px\"> <div class=\"info\">This corpus has 1 document with 13,731 <span class=\"info-tip\" data-qtip=\"every occurrence of every word (like multiple occurrences of &quot;the&quot;) is counted\">total words</span> and 2,756 <span class=\"info-tip\" data-qtip=\"multiple occurrences of words (like &quot;the&quot;) are counted once\">unique word forms</span>. Created <span class=\"info-tip\" data-qtip=\"2017-06-21, 13:20:57\">about 7 minutes ago</span>.</div></div></div>\n\n\n\n</body>","mode":"javascript","expandResults":true}},{"cellId":"4867egtl9hxwczh5","type":"text","content":"<h3>Extract the Actual Text from the Corpus</h3><p>You may recall from the&nbsp;<a data-tabindex-counter=\"37\" data-tabindex-value=\"none\" data-cke-saved-href=\"http://alts-smaller\" href=\"http://alts-smaller\" tabindex=\"-1\" target=\"_blank\">previous notebook</a> a discussion of <a data-tabindex-counter=\"37\" data-tabindex-value=\"none\" data-cke-saved-href=\"http://en.wikipedia.org/wiki/Ajax_(programming)\" href=\"http://en.wikipedia.org/wiki/Ajax_(programming)\" tabindex=\"-1\">asynchronous</a> Javascript which led us to use the assign function (instead of the more complicated <code>promise … then</code> pattern). We can use a similar trick to get our plain text (note that we can assign and show a subset of the string, but any other processing after assign would need to occur in a separate block). We use <a data-cke-saved-href=\"../../docs/#!/api/Corpus-method-getPlainText\" href=\"../../docs/#!/api/Corpus-method-getPlainText\" data-tabindex-value=\"none\" tabindex=\"-1\" data-tabindex-counter=\"26\">getPlainText</a> here because the text isn't too long, we might not want to do this with a larger corpus of several books.</p>"},{"cellId":"bemi8d3a3mtbtobi","type":"code","content":{"input":"\ngoldbug.getPlainText().assign(\"text\").show(100); // show first 100 characters\n","output":"<body class=\"\">\n\n\n\n<div style=\"height: 28px\" id=\"ext-element-29\"><div style=\"height: 14px\"> <div class=\"info\"></div></div></div>\n\n\n\n</body>","mode":"javascript","expandResults":true}},{"cellId":"jh1da1yjy6z814v6","type":"text","content":"<h3>Clean the Text</h3>\n\n<p>We have the full text of \"The Gold Bug\", but we're only interested in counting letters from a to z. In order to prepare the letters to be counted, we'll do two operations:</p>\n\n<ol>\n\t<li>convert the entire text to lowecase characters</li>\n\t<li>remove all the characters that aren't from a to z using a regular expression</li>\n</ol>\n\n<p>The first operation of converting to lowercase is trivial, we use the <a href=\"https://developer.mozilla.org/en/docs/Web/JavaScript/Reference/Global_Objects/String/toLowerCase\" target=\"_blank\" data-tabindex-value=\"none\" tabindex=\"-1\" data-tabindex-counter=\"27\">toLowerCase</a> function. The second operation is a bit trickier. This isn't the venue to explain <a data-tabindex-counter=\"34\" data-tabindex-value=\"none\" href=\"https://developer.mozilla.org/en/docs/Web/JavaScript/Guide/Regular_Expressions\" tabindex=\"-1\">regular expressions</a> in detail, but essentially they provide a powerful mechanism for string matching that can use wildcards, character classes and character ranges. In our case we can simply&nbsp;strip out all the caracters that are not in the range from a to z: [^a-z].</p>\n\n<ul>\n\t<li>[] denotes a set of characters</li>\n\t<li>^ specifies to match what is NOT the character that follows</li>\n\t<li>a-z is treated as a single range (every character from a to z)</li>\n</ul>\n"},{"cellId":"2k974wrnbfi1fv1o","type":"code","content":{"input":"\n// convert to lower case and replace non a-z characters with nothing\nvar clean = text.toLowerCase().replace(/[^a-z]/g, \"\")\nshow(clean.substring(0,50))","output":"<body class=\"\">\n\n\n\n<div style=\"height: 45px\" id=\"ext-element-30\"><div style=\"height: 31px\"> <div class=\"info\">thegoldbugwhathowhathothisfellowisdancingmadhehath</div></div></div>\n\n\n\n</body>","mode":"javascript","expandResults":true}},{"cellId":"lw0emlqqx6pgka3e","type":"text","content":"<h3>Create a Table of Letter Frequencies</h3>\n\n<p>Creating a&nbsp;<a data-tabindex-counter=\"30\" data-tabindex-value=\"none\" href=\"../../docs/#!/api/Table\" tabindex=\"-1\">Table</a>&nbsp;in Spyral is easy, it can be something as simple as this:</p>\n\n<blockquote>\n<pre><code>var table = new VoyantTable();</code></pre>\n</blockquote>\n\n<p>As we'll see, tables provide convenient methods for updating values and for displaying output. Another benefit of Tables is a convenient way to count the items in an array. In order to convert our string of letters into an array of letters, we'll use the <a data-tabindex-counter=\"34\" data-tabindex-value=\"none\" href=\"https://developer.mozilla.org/en-US/docs/Web/JavaScript/Reference/Global_Objects/String/split\" tabindex=\"-1\" target=\"_blank\">split</a> function.</p>\n"},{"cellId":"n1f4co953g49ag5v","type":"code","content":{"input":"\nvar letters = clean.split(\"\"); // make an array, one letter per item\nvar table = new VoyantTable({count: letters, orientation: 'horizontal'}); // create a table with letter counts\ntable.show();","output":"<body class=\"\">\n\n\n\n<div style=\"height: 76px\" id=\"ext-element-31\"><div style=\"height: 62px\"> <div class=\"info\"><table class=\"voyant-table\" style=\"\" id=\"ext-286\"><thead><tr><th>e</th><th>t</th><th>a</th><th>o</th><th>i</th><th>n</th><th>s</th><th>h</th><th>r</th><th>d</th><th>l</th><th>u</th><th>c</th><th>m</th><th>f</th><th>w</th><th>p</th><th>y</th><th>g</th><th>b</th><th>v</th><th>k</th><th>x</th><th>j</th><th>q</th><th>z</th></tr></thead><tbody><tr><td>7625</td><td>5485</td><td>4478</td><td>4208</td><td>4183</td><td>3912</td><td>3516</td><td>3372</td><td>3278</td><td>2533</td><td>2324</td><td>1893</td><td>1523</td><td>1500</td><td>1392</td><td>1303</td><td>1170</td><td>1146</td><td>1143</td><td>1031</td><td>525</td><td>351</td><td>120</td><td>111</td><td>60</td><td>44</td></tr></tbody></table></div></div></div>\n\n\n\n</body>","mode":"javascript","expandResults":true}},{"cellId":"7vbdn2s9xderoqji","type":"text","content":"<p>So we have a simple output of our table of letters. We definitely see that \"e\" is first (counting the letters sorts them automatically by frequency), though the \"t\" is a bit of a surprise compared to the original. Let's try to output the two sets of letters together:</p>\n"},{"cellId":"6i7cqfq4h6ww889d","type":"code","content":{"input":"\nvar lettersDescribed = \"e a o i d h n r s t u y c f g l m w b k p q x z\";\nvar lettersCounted = table.getHeaders().join(' '); // combine lettes with a space\nshow(\"<pre>\"+lettersDescribed+\"\\n\"+lettersCounted+\"</pre>\");\n","output":"<body class=\"\">\n\n\n\n<div style=\"height: 84px\" id=\"ext-element-32\"><div style=\"height: 70px\"> <div class=\"info\"><pre>e a o i d h n r s t u y c f g l m w b k p q x z\ne t a o i n s h r d l u c m f w p y g b v k x j q z</pre></div></div></div>\n\n\n\n</body>","mode":"javascript","expandResults":true}},{"cellId":"hlltzql4eat4dyy0","type":"text","content":"<p>Very interesting! For one thing, this shows that the list of letters described in the text are missing two members, which we can determine to be \"v\" and \"j\". Is this an omission from the author? From the edition? A quick look at some other editions online suggest that the omission is common, perhaps to all editions. The order of many other letters are different, the top letters are the most significant (such as the prominence of \"t\" in the text of \"Gold Bug\" that interrupts the sequence of vowels). We'd probably want to compare these frequencies to other texts as well to see if \"The Gold Bug\" is somehow distinctive (and how commonly the sequence claimed in the text is right or wrong).</p><h2><img class=\"cke_anchor\" data-cke-realelement=\"%3Ca%20id%3D%22display%22%20data-cke-saved-name%3D%22display%22%20name%3D%22display%22%3E%3C%2Fa%3E\" data-cke-real-node-type=\"1\" alt=\"Ancre\" title=\"Ancre\" src=\"data:image/gif;base64,R0lGODlhAQABAPABAP///wAAACH5BAEKAAAALAAAAAABAAEAAAICRAEAOw==\" data-cke-real-element-type=\"anchor\" align=\"\">Displaying Data from a Table</h2><p>Although the default table.show() method that we used provides a nice display of the letter frequencies, it's also possible to display data from a table in other ways. In Sprial <code>show()</code> is usually used for the simplest (and static)&nbsp;output possible while <code>embed()</code> is used for embedding interactive views. We can generate a default grid from a table by simply calling <a data-tabindex-counter=\"26\" data-tabindex-value=\"none\" data-cke-saved-href=\"../docs/#!/api/VoyantTable-method-embed\" href=\"../docs/#!/api/VoyantTable-method-embed\" tabindex=\"-1\" target=\"_blank\">embed</a>&nbsp;(with a parameter to indicate that the grid should occupy 100% of the width available).</p>"},{"cellId":"ixif3whg6iybsr1n","type":"code","content":{"input":"\ntable.embed({width: \"100%\", height: \"100px\"});","output":"<body class=\"\">\n\n\n\n<div style=\"height: 132px\" id=\"ext-element-33\"><div style=\"height: 118px\"> <div class=\"info\"><iframe style=\"width: 100%; height: 100px\" id=\"ext-287\" name=\"ext-287\" src=\"https://voyant-tools.org/tool/VoyantTableTransform/?minimal=true&amp;embeddedApiId=9602b374b7bcbec31b3ac65f724a210c\" data-tabindex-value=\"none\" tabindex=\"-1\" data-tabindex-counter=\"5\"></iframe></div></div></div>\n\n\n\n</body>","mode":"javascript","expandResults":true}},{"cellId":"ozfzyodqudu4cjcg","type":"text","content":"<p>Although we can show and hide columns (see <a data-tabindex-counter=\"25\" data-tabindex-value=\"none\" data-cke-saved-href=\"../docs/#!/guide/grids\" href=\"../docs/#!/guide/grids\" tabindex=\"-1\" target=\"_blank\">documentation on grids</a>), in this case the grid isn't all that useful, and arguably harder to read than output from show(). But when tables have several rows of data and one wishes to do things like sort columns, embedding a table can be useful.</p><p>In this case what might be more useful is embedding a chart. However, before we do that, we're going to recreate our table with the default vertical orientation instead of the horizontal orientation we had previously (which was a very compact way of seeing letters as column headers and counts in the first row, but which arguably isn't a very standard way of showing tabular data).</p>"},{"cellId":"xbtsixbwwyysspg3","type":"code","content":{"input":"\nvar verticalTable = new VoyantTable({count: letters, headers: [\"Letter\", \"Count\"]}); // create a table with letter counts\nverticalTable.show();","output":"<body class=\"\">\n\n\n\n<div style=\"height: 626px\" id=\"ext-element-34\"><div style=\"height: 612px\"> <div class=\"info\"><table class=\"voyant-table\" style=\"\" id=\"ext-288\"><thead><tr><th>Letter</th><th>Count</th></tr></thead><tbody><tr><td>e</td><td>7625</td></tr><tr><td>t</td><td>5485</td></tr><tr><td>a</td><td>4478</td></tr><tr><td>o</td><td>4208</td></tr><tr><td>i</td><td>4183</td></tr><tr><td>n</td><td>3912</td></tr><tr><td>s</td><td>3516</td></tr><tr><td>h</td><td>3372</td></tr><tr><td>r</td><td>3278</td></tr><tr><td>d</td><td>2533</td></tr><tr><td>l</td><td>2324</td></tr><tr><td>u</td><td>1893</td></tr><tr><td>c</td><td>1523</td></tr><tr><td>m</td><td>1500</td></tr><tr><td>f</td><td>1392</td></tr><tr><td>w</td><td>1303</td></tr><tr><td>p</td><td>1170</td></tr><tr><td>y</td><td>1146</td></tr><tr><td>g</td><td>1143</td></tr><tr><td>b</td><td>1031</td></tr><tr><td>v</td><td>525</td></tr><tr><td>k</td><td>351</td></tr><tr><td>x</td><td>120</td></tr><tr><td>j</td><td>111</td></tr><tr><td>q</td><td>60</td></tr><tr><td>z</td><td>44</td></tr></tbody></table></div></div></div>\n\n\n\n</body>","mode":"javascript","expandResults":true}},{"cellId":"50ocbte1jhnhoerl","type":"text","content":"<p>No surprises, but now that we have a more standard table, we can easily create a line chart that shows the letter counts on the y (vertical) axis and the letters on the x (horizontal) axis.</p>\n"},{"cellId":"b8o6p7zj5m92tbv7","type":"code","content":{"input":"\nverticalTable.embed('VoyantChart', {width: 500});","output":"<body class=\"\">\n\n\n\n<div style=\"height: 432px\" id=\"ext-element-35\"><div style=\"height: 418px\"> <div class=\"info\"><iframe style=\"width: 500px; height: 400px\" id=\"ext-289\" name=\"ext-289\" src=\"https://voyant-tools.org/tool/VoyantChart/?minimal=true&amp;embeddedApiId=3d688caba6e3027c27ed5faa9e695022\" data-tabindex-value=\"none\" tabindex=\"-1\" data-tabindex-counter=\"5\"></iframe></div></div></div>\n\n\n\n</body>","mode":"javascript","expandResults":true}},{"cellId":"7ug6qmfzpn9zwsx6","type":"text","content":"<p>The resulting graph is something close to what's called <a data-tabindex-counter=\"17\" data-tabindex-value=\"none\" data-cke-saved-href=\"https://en.wikipedia.org/wiki/Zipf%27s_law\" href=\"https://en.wikipedia.org/wiki/Zipf%27s_law\" tabindex=\"-1\" target=\"_blank\">Zipf's Law</a> which states that (for many lingustic phenomena like letter and word counts), frequency is inversely proportional to rank (or, roughly speaking, each letter is about half as frequent as its predecessor). While not quite a clean curve, the letter counts in Gold Bug somewhat follows Zipf's Law.</p><p>So we've looked at how easy and convenient it can be to create a table, in this case of letter frequencies&nbsp;in \"The Gold Bug\" and how tables can be display, including as grids and as charts.</p><h2><img class=\"cke_anchor\" data-cke-realelement=\"%3Ca%20id%3D%22next%22%20data-cke-saved-name%3D%22next%22%20name%3D%22next%22%3E%3C%2Fa%3E\" data-cke-real-node-type=\"1\" alt=\"Anchor\" title=\"Anchor\" data-cke-saved-src=\"data:image/gif;base64,R0lGODlhAQABAPABAP///wAAACH5BAEKAAAALAAAAAABAAEAAAICRAEAOw==\" src=\"data:image/gif;base64,R0lGODlhAQABAPABAP///wAAACH5BAEKAAAALAAAAAABAAEAAAICRAEAOw==\" data-cke-real-element-type=\"anchor\" align=\"\">Next Steps</h2><p>Here are some exercises to try, based on the contents of this notebook:</p><ul><li>the prominence of the letter \"t\" in \"The Gold Bug\" is certainly unusual, any theories why? Could you describe in English (not in code) the steps that might be needed to better understand the use and distribution of the letter \"t\"?<br></li><li>create a new corpus from a different <a data-tabindex-counter=\"16\" data-tabindex-value=\"none\" data-cke-saved-href=\"https://www.gutenberg.org/wiki/Short_Stories_(Bookshelf)\" href=\"https://www.gutenberg.org/wiki/Short_Stories_(Bookshelf)\" tabindex=\"-1\" target=\"_blank\">short story</a>&nbsp;and start exploring it in the same way we did here, is the order of letters different?</li></ul><p>If you're working sequentially&nbsp;through the <a data-tabindex-counter=\"26\" data-tabindex-value=\"none\" data-cke-saved-href=\"https://voyant-tools.org/spyral/learnspyral@gh/homeALTA/\" href=\"https://voyant-tools.org/spyral/learnspyral@gh/homeALTA/\" tabindex=\"-1\" target=\"_blank\">Art of Literary Text Analysis with Spyral&nbsp;Notebooks</a>, the next notebook&nbsp;is <a data-tabindex-counter=\"14\" data-tabindex-value=\"none\" data-cke-saved-href=\"alta-scale\" href=\"alta-scale\" tabindex=\"-1\" target=\"_blank\">Thinking about Scale</a>.<br></p>"}]}