{"metadata":{"title":"Using Code Cells","userId":"learnspyral@gh","author":"Geoffrey Rockwell","description":"This tutorial notebook shows how to run code cells.","catalogue":false,"keywords":["tutorials","tutorilas","Running Code"],"modified":"2024-03-04T19:16:09.759Z","created":"2024-03-04T18:08:42.058Z","language":"English","license":"Creative Commons Attribution (CC BY)","version":"0.1"},"cells":[{"cellId":"aj49epv2","type":"text","content":"<p>Like other notebook environments you can run Code Cells individually or in sequence. This notebook introduces different ways to use code cells and to run the code.</p><p><strong>Note:&nbsp;</strong>You need to remember which cells you have run. Sometimes when you return to a notebook and run a code cell part way down it may return an error as it expected other code cells above to be run.&nbsp;<br></p>"},{"cellId":"sgdfhkdn","type":"text","content":"<p></p><p></p><p></p><h2></h2><h2>Code Cells</h2><p>Spyral notebooks can have two types of cells,&nbsp;<strong>Text Cells&nbsp;</strong>and&nbsp;<strong>Code Cells.&nbsp;</strong>Here is a screen shot of the left-hand side of the code cell below.&nbsp;</p><p style=\"text-align: center;\"><img alt=\"Screenshot of Code Cell\" data-cke-saved-src=\"https://github.com/learnspyral/assets/blob/main/CodeCell.jpg?raw=true\" src=\"https://github.com/learnspyral/assets/blob/main/CodeCell.jpg?raw=true\" style=\"width: 489px; height: 100px;\"><br></p><p><strong>Buttons:&nbsp;</strong>If you hover over the left-hand side you will get the buttons that let you do things.<br></p><ul><li>The&nbsp;<img alt=\"Screenshot of Add new cell button.\" data-cke-saved-src=\"https://github.com/learnspyral/assets/blob/main/AddNewCell.jpg?raw=true\" src=\"https://github.com/learnspyral/assets/blob/main/AddNewCell.jpg?raw=true\" style=\"width: 21px; height: 20px;\">&nbsp;<strong>Plus</strong> button gives you a menu that lets you <strong>Add</strong>&nbsp;<strong>Text </strong>or <strong>Add Code&nbsp;</strong>cells right after the one you are focused on.</li><li>The&nbsp;<img alt=\"Screenshot of Run button\" data-cke-saved-src=\"https://github.com/learnspyral/assets/blob/main/Run.jpg?raw=true\" src=\"https://github.com/learnspyral/assets/blob/main/Run.jpg?raw=true\" style=\"width: 20px; height: 20px;\"> <strong>Run</strong>&nbsp;button lets you run the code cell.&nbsp;<br></li><li>The&nbsp;<img alt=\"Screenshot of Trash can button.\" data-cke-saved-src=\"https://github.com/learnspyral/assets/blob/main/Trash.jpg?raw=true\" src=\"https://github.com/learnspyral/assets/blob/main/Trash.jpg?raw=true\" style=\"width: 19px; height: 20px;\">&nbsp;<strong>Trash</strong>&nbsp;can button deletes the cell it is next to.&nbsp;</li><li>The&nbsp;<img alt=\"Screenshot of Menu button.\" data-cke-saved-src=\"https://github.com/learnspyral/assets/blob/main/Menu.jpg?raw=true\" src=\"https://github.com/learnspyral/assets/blob/main/Menu.jpg?raw=true\" style=\"width: 20px; height: 20px;\">&nbsp;<strong>Menu&nbsp;</strong>button gives you a menu for running lots of cells, moving, configuring and collapsing the editor.</li></ul><p><strong>Code:&nbsp;</strong>In the cell you will see line numbers (starting with \"1\") and then actual code that can be run.&nbsp;</p><p><strong>Results:&nbsp;</strong>Beneath the code you will see results if the code has been run.</p><p></p><p></p><h2></h2><p></p>"},{"cellId":"fnhen0s4","type":"text","content":"<p></p><p></p><p></p><h2></h2><h2>Using the Run Button</h2><p><img alt=\"Screenshot of Run button\" data-cke-saved-src=\"https://github.com/learnspyral/assets/blob/main/Run.jpg?raw=true\" src=\"https://github.com/learnspyral/assets/blob/main/Run.jpg?raw=true\" style=\"width: 20px; height: 20px;\">&nbsp;You can use the Run&nbsp;button to run the code in the Code Cell it is close to. The button is to the left of the cell and shows up if you move your pointer into the cell.</p><p>If you click the Run button all the lines of code will run in just that cell. No other cells will be run.</p><p><strong>Try It:&nbsp;</strong>Move your pointer into the Code Cell below and then click the Run button to see what happens.<br></p><p></p>"},{"cellId":"dup82lxb","type":"code","content":{"input":"show(\"Run this cell to show this text in the results!\")","output":"<body class=\"\"><div class=\"info\">Run this cell to show this text in the results!</div></body>","mode":"javascript","expandResults":true}},{"cellId":"eik5nky2","type":"text","content":"<h2>Results</h2><p>If you run a code cell you will either get an <strong>Error</strong> or get some sort of&nbsp;<strong>Result.&nbsp;</strong>The Error or the Result will show up in a slightly grey box below the code cell. You can't edit that box, but you can delete the Results or copy the contents.</p><p><strong></strong>If you get an&nbsp;<strong>Error</strong>&nbsp;it will try to identify what line is the problem and what actually is wrong. You can click&nbsp;<ins><strong>Details</strong></ins>&nbsp;to try to get more information.<br></p><p><strong>Try It:</strong>&nbsp;Try running the cell below and see the Error message. Can you fix the code so it will run properly?<br></p><p></p>"},{"cellId":"jw7fhtxl","type":"code","content":{"input":"show(\"This will produce an Error as there is no closing quotation mark.)","output":"<body class=\"\"><div class=\"error\"><strong>Error: Line 1: Unexpected token ILLEGAL</strong><pre><span style=\"cursor:pointer;text-decoration:underline;\" onclick=\"this.nextElementSibling.style.display='block';this.style.display='none';\">Details</span><span style=\"display:none;\">Error: Line 1: Unexpected token ILLEGAL\n    at e.constructError (https://voyant-tools.org/resources/esprima/esprima.min.js:7:107843)\n    at e.createError (https://voyant-tools.org/resources/esprima/esprima.min.js:7:108062)\n    at e.throwError (https://voyant-tools.org/resources/esprima/esprima.min.js:7:108185)\n    at e.throwUnexpectedToken (https://voyant-tools.org/resources/esprima/esprima.min.js:7:112851)\n    at e.scanStringLiteral (https://voyant-tools.org/resources/esprima/esprima.min.js:7:124759)\n    at e.lex (https://voyant-tools.org/resources/esprima/esprima.min.js:7:128569)\n    at e.nextToken (https://voyant-tools.org/resources/esprima/esprima.min.js:7:47464)\n    at e.expect (https://voyant-tools.org/resources/esprima/esprima.min.js:7:48725)\n    at e.parseArguments (https://voyant-tools.org/resources/esprima/esprima.min.js:7:61115)\n    at e.parseLeftHandSideExpressionAllowCall (https://voyant-tools.org/resources/esprima/esprima.min.js:7:63643)</span></pre></div></body>","mode":"javascript","expandResults":true}},{"cellId":"cvvwoond","type":"text","content":"<h2>More on Code Cells</h2><p><strong>Cell Numbers:&nbsp;</strong>If you hover over a cell you will get a number in a grey box. That is the number of the cell if you want to refer to it.&nbsp;</p><p style=\"text-align: center;\"><img alt=\"Screenshot of righ-hand side of code cell.\" data-cke-saved-src=\"https://github.com/learnspyral/assets/blob/main/RightOfCode.jpg?raw=true\" src=\"https://github.com/learnspyral/assets/blob/main/RightOfCode.jpg?raw=true\" style=\"width: 97px; height: 100px;\"><br></p><p>Also on the right-hand side in the&nbsp;<strong>Results&nbsp;</strong>area you will see buttons that let you handle the results.</p><ul><li>The <strong>Collapse Results&nbsp;</strong>button lets you collapse the area showing results. This is useful if you run a process that produces a long result. You may want to keep the result, but not dedicate lots of your notebook to seeing long results. Collapsing leaves a bit showing so you know its there.<br></li><li><strong>Remove Results</strong>&nbsp;deletes the results, whether long or short.&nbsp;<br></li></ul><p>It can be useful sometimes to save a notebook with results and something it is useful to delete the results to remind you or others to run the process again.&nbsp;</p><p></p>"},{"cellId":"y6dgzlhb","type":"text","content":"<p></p><p></p><p></p><h2></h2><h2>Running All the Code Cells</h2><p>When you return to a notebook it can be useful to&nbsp;<img alt=\"Screenshot of Run All button.\" data-cke-saved-src=\"https://github.com/learnspyral/assets/blob/main/RunAll.jpg?raw=true\" src=\"https://github.com/learnspyral/assets/blob/main/RunAll.jpg?raw=true\" style=\"width: 20px; height: 20px;\">&nbsp;<strong>Run all code blocks in this notebook.</strong>&nbsp;The button is in the menu of buttons in the upper-right of the notebook.</p><p style=\"text-align: center;\"><img alt=\"Screenshot of Run Up To menu.\" data-cke-saved-src=\"https://github.com/learnspyral/assets/blob/main/RunUpTo.jpg?raw=true\" src=\"https://github.com/learnspyral/assets/blob/main/RunUpTo.jpg?raw=true\" style=\"width: 291px; height: 50px;\"><br></p><p>You can also use the&nbsp;<img alt=\"Screenshot of Menu button.\" data-cke-saved-src=\"https://github.com/learnspyral/assets/blob/main/Menu.jpg?raw=true\" src=\"https://github.com/learnspyral/assets/blob/main/Menu.jpg?raw=true\" style=\"width: 20px; height: 20px;\"> Menu next to any Code Cell to call the&nbsp;<strong>Run... &gt;</strong>&nbsp;menu which gives you two choices:</p><ul><li><strong>Run up to here</strong>&nbsp;will run all the cells up to and including the one you called it from.<br></li><li><strong>Run from here onwards</strong>&nbsp;will run the cell you called it from and all subsequent cells.<br></li></ul><p></p>"},{"cellId":"hv643g6y","type":"code","content":{"input":"// Try running all the code cells up to and including this one.\nshow(\"Now you have run all the code blocks up to this one.\")","output":"<body class=\"\"><div class=\"info\">Now you have run all the code blocks up to this one.</div></body>","mode":"javascript","expandResults":true}},{"cellId":"kiwn8i11","type":"text","content":"<p><strong>Try It:&nbsp;</strong>Try running all the cells, all the cells up to and including, and then all subsequent cells. You can&nbsp;<strong>Delete</strong>&nbsp;the Results using the Trash can icon in the results on the&nbsp;<strong>right&nbsp;</strong>if you want to check that things actually ran.<br></p><p>In the cell below you can see how you can do math in a cell.</p><p></p>"},{"cellId":"e98j015w","type":"code","content":{"input":"4 + 3","output":"<div class=\"spyral-dv-container\"><span class=\"spyral-dv-content\" style=\"margin-left: 0px;\"><span class=\"spyral-dv-left\"></span><span class=\"spyral-dv-Number spyral-dv-right\">7</span></span></div>","mode":"javascript","expandResults":true}},{"cellId":"cwjt0vu8","type":"text","content":"<h2>Code Cell Keyboard Shortcuts</h2><p>There are a number of keyboard shortcuts that you can use when working a Code Cell:</p><ul><li><strong>Run</strong> current code cell: <strong>Shift + Enter</strong></li><li>Run all <strong>code cells up to and including</strong> the current one: <strong>Ctrl + Shift + Enter</strong></li><li><strong>Code suggest</strong>/complete: <strong>Ctrl + Space</strong></li><li><strong>Documentation</strong> popup: <strong>Ctrl + D</strong></li><li><strong>Comment/uncomment</strong> current line(s): <strong>Ctrl + /</strong></li></ul><p></p>"},{"cellId":"u6p4ofje","type":"text","content":"<p style=\"text-align: center;\">Return to the&nbsp;<a data-cke-saved-href=\"https://voyant-tools.org/spyral/learnspyral@gh/Tutorials/\" href=\"https://voyant-tools.org/spyral/learnspyral@gh/Tutorials/\" target=\"_blank\" data-tabindex-value=\"none\" tabindex=\"-1\" data-tabindex-counter=\"1\">Spyral Tutorials Table of Contents</a></p><p></p>"}]}