{"metadata":{"title":"The Art of Literary Text Analysis with Spyral Notebooks","userId":"learnspyral@gh","author":"Stéfan Sinclair & Geoffrey Rockwell","description":"","keywords":["alta"],"modified":"2022-07-15T18:20:55.702Z","created":"2019-06-26T17:50:11.213Z","language":"English","license":"Creative Commons Attribution (CC BY)","version":"0.1"},"cells":[{"cellId":"rjvshyc23980rkqr","type":"text","content":"<p><em>The Art of Literary Text Analysis with Spyral Notebooks</em> has two objectives. First, it's designed as a guide to provide a gentle introduction to concepts and methodologies for literary text analysis with computers – it's meant to be very welcoming to newcomers to digital tools for the study of texts. Second, the guide is intended to offer a glimpse of the wide range of possible techniques for using tools to study texts – if it cannot hope to explain and demonstrate everything, it at least has the ambition of suggesting the breadth of possibilities and providing a helpful foundation for further exploration and experimentation.</p><p>This instance of The Art of Literary Text Analysis is created in Spyral Notebooks (there's also companion version in <a data-tabindex-counter=\"23\" data-tabindex-value=\"none\" data-cke-saved-href=\"https://github.com/sgsinclair/alta/blob/master/ipynb/ArtOfLiteraryTextAnalysis.ipynb\" href=\"https://github.com/sgsinclair/alta/blob/master/ipynb/ArtOfLiteraryTextAnalysis.ipynb\" tabindex=\"-1\">iPython Notebooks</a>).&nbsp;Other choices are available, and many conceptual aspects of the guide are relevant regardless of the implementation. Spyral Notebooks was chosen for several&nbsp;reasons:</p><ol><li>Spyral Notebooks requires no setup or installation to get started, you just visit a web page;</li><li>Spyral Notebooks leverages the analytic and visualization capabilities of <a data-tabindex-counter=\"23\" data-tabindex-value=\"none\" data-cke-saved-href=\"http://voyant-tools.org\" href=\"http://voyant-tools.org\" tabindex=\"-1\">Voyant Tools</a>;</li><li>Text blocks in Spyral Notebooks are written with a simple styled editor (we're big fans of Markdown but we don't want to force people to learn it);</li><li>Code in Spyral Notebooks&nbsp;is essentially written in Javascript, a relatively friendly language to learn and one that's widely used;</li><li>The native format for Spyral Notebooks is HTML so you can usually open and read a notebook even if you're not doing so within the Spyral application;</li><li>Spyral Notebooks offers a&nbsp;<em>literate programming</em>&nbsp;model of writing where blocks of prose text (like this one) can be interspersed with bits of code and output (like below).&nbsp;<em>The Art of Literary Text Analysis</em>&nbsp;focuses on process, and the documentation-rich format offered by Spiral Notebooks is well-suited to the nature of this guide.</li></ol><p>Below is a very simple example of a Spyral code block. We use the <a data-cke-saved-href=\"../../docs/#!/api/loadCorpus\" target=\"_blank\" href=\"../../docs/#!/api/loadCorpus\" data-tabindex-value=\"none\" tabindex=\"-1\" data-tabindex-counter=\"10\">loadCorpus</a> function to load the built-in Jane Austen corpus of novels and then we call the <a data-cke-saved-href=\"../../docs/#!/api/Spyral.Corpus-method-.tool\" target=\"_blank\" href=\"../../docs/#!/api/Spyral.Corpus-method-.tool\" data-tabindex-value=\"none\" tabindex=\"-1\" data-tabindex-counter=\"10\">tool</a>&nbsp;function to create a <a data-cke-saved-href=\"../../docs/#!/api/Voyant.panel.Cirrus\" target=\"_blank\" href=\"../../docs/#!/api/Voyant.panel.Cirrus\" data-tabindex-value=\"none\" tabindex=\"-1\" data-tabindex-counter=\"10\">Cirrus</a> wordcloud from the corpus.</p>"},{"cellId":"sgeq8cegxqdz58b2","type":"code","content":{"input":"\n// create a corpus and show word cloud\nloadCorpus(\"austen\").tool(\"cirrus\");","output":"<body class=\"\">\n\n\n\n\n\n\n<div style=\"height: 368px\" id=\"ext-element-14\"><iframe style=\"width: 350px; height: 350px\" float=\"right\" src=\"https://voyant-tools.org/tool/cirrus/?corpus=austen&amp;forTool=cirrus\" data-tabindex-value=\"none\" tabindex=\"-1\" data-tabindex-counter=\"6\"></iframe></div>\n\n\n\n\n\n\n</body>","mode":"javascript","expandResults":true}},{"cellId":"uufmjvkmda80ijh7","type":"text","content":"<h2>Table of Contents</h2><ul><li><a data-tabindex-counter=\"23\" data-tabindex-value=\"none\" data-cke-saved-href=\"https://voyant-tools.org/spyral/learnspyral@gh/startALTA/\" href=\"https://voyant-tools.org/spyral/learnspyral@gh/startALTA/\" tabindex=\"-1\" target=\"_blank\">Getting Started</a> (introducing core concepts of Spyral Notebooks)<br></li><li><a data-tabindex-counter=\"21\" data-tabindex-value=\"none\" data-cke-saved-href=\"https://voyant-tools.org/spyral/learnspyral@gh/createALTA/\" href=\"https://voyant-tools.org/spyral/learnspyral@gh/createALTA/\" tabindex=\"-1\" target=\"_blank\">Creating a Corpus</a>&nbsp;(how to create a corpus with Voyant or programmatically with strings or URLs)<br></li><li><a data-tabindex-counter=\"21\" data-tabindex-value=\"none\" data-cke-saved-href=\"https://voyant-tools.org/spyral/learnspyral@gh/smallerALTA/\" href=\"https://voyant-tools.org/spyral/learnspyral@gh/smallerALTA/\" tabindex=\"-1\" target=\"_blank\">Exploring a Smaller Corpus</a>&nbsp;(how to begin exploring a smaller corpus, Edgar Allan Poe's \"The Gold Bug\")<br></li><li><a data-tabindex-counter=\"21\" data-tabindex-value=\"none\" data-cke-saved-href=\"https://voyant-tools.org/spyral/learnspyral@gh/tableALTA/\" href=\"https://voyant-tools.org/spyral/learnspyral@gh/tableALTA/\" tabindex=\"-1\" target=\"_blank\">Introducing Tables</a>&nbsp;(introducing core concepts of working with custom data and tables)<br></li><li>Exploring a Larger Corpus</li></ul>"}]}