{"metadata":{"title":"Useful Code","userId":"learnspyral@gh","author":"Geoffrey Rockwell","description":"A collection of useful code snippets.","catalogue":true,"keywords":["tutorial"],"modified":"2024-03-24T03:39:17.752Z","created":"2024-03-23T20:36:35.878Z","language":"English","license":"Creative Commons Attribution-ShareAlike (CC BY-SA)","version":"0.1"},"cells":[{"cellId":"ws70aj5t","type":"text","content":"<p>This notebook collects various useful examples of code.</p><p>To learn more check out our <a data-cke-saved-href=\"https://voyant-tools.org/spyral/learnspyral@gh/Tutorials/\" href=\"https://voyant-tools.org/spyral/learnspyral@gh/Tutorials/\" target=\"_blank\">Spyral Tutorials Table of Contents</a> page.</p>"},{"cellId":"qmpv54ma","type":"text","content":"<h2>Ways to Load a Corpus</h2><p>Here are some ways to load a corpus and name it. In this cases I am loading the Frankenstein corpus included with Voyant/Spyral.</p><ul><li>You can use the Code Cell configured to <strong>Corpus</strong>.</li><li>You can use the loadCorpus function and <strong>assign</strong> the loaded corpus to a name.</li></ul><p></p>"},{"cellId":"rpb1bcjv","type":"data","content":{"input":{"corpusId":"30cb1499e84c7b83954e20ce2b35f938","type":"id","value":"frank"},"output":"<div class=\"spyral-dv-container\"><span class=\"spyral-dv-content\" style=\"margin-left: 0px;\"><span class=\"spyral-dv-left spyral-dv-folder\">undefined: <span class=\"spyral-dv-type\">Object</span><span class=\"spyral-dv-length\">{10}</span> <span class=\"spyral-dv-folder-icon spyral-dv-expanded\"><svg width=\"8\" height=\"8\" class=\"open\"><path d=\"M4 7L0 1h8z\" fill=\"#000\"></path></svg><svg width=\"8\" height=\"8\" class=\"closed\"><path d=\"M7 4L1 8V0z\" fill=\"#000\"></path></svg></span></span><span class=\"spyral-dv-Object spyral-dv-right spyral-dv-expanded\"><span class=\"spyral-dv-content\" style=\"margin-left: 0px;\"><span class=\"spyral-dv-left\">id:&nbsp;</span><span class=\"spyral-dv-String spyral-dv-right\">\"30cb1499e84c7b83954e20ce2b35f938\"</span></span><span class=\"spyral-dv-content\" style=\"margin-left: 0px;\"><span class=\"spyral-dv-left\">title:&nbsp;</span><span class=\"spyral-dv-String spyral-dv-right\">\"\"</span></span><span class=\"spyral-dv-content\" style=\"margin-left: 0px;\"><span class=\"spyral-dv-left\">subTitle:&nbsp;</span><span class=\"spyral-dv-String spyral-dv-right\">\"\"</span></span><span class=\"spyral-dv-content\" style=\"margin-left: 0px;\"><span class=\"spyral-dv-left\">documentsCount:&nbsp;</span><span class=\"spyral-dv-Number spyral-dv-right\">1</span></span><span class=\"spyral-dv-content\" style=\"margin-left: 0px;\"><span class=\"spyral-dv-left\">createdTime:&nbsp;</span><span class=\"spyral-dv-Number spyral-dv-right\">1644615559885</span></span><span class=\"spyral-dv-content\" style=\"margin-left: 0px;\"><span class=\"spyral-dv-left\">createdDate:&nbsp;</span><span class=\"spyral-dv-String spyral-dv-right\">\"2022-02-11T14:39:19.885-0700\"</span></span><span class=\"spyral-dv-content\" style=\"margin-left: 0px;\"><span class=\"spyral-dv-left\">lexicalTokensCount:&nbsp;</span><span class=\"spyral-dv-Number spyral-dv-right\">78030</span></span><span class=\"spyral-dv-content\" style=\"margin-left: 0px;\"><span class=\"spyral-dv-left\">lexicalTypesCount:&nbsp;</span><span class=\"spyral-dv-Number spyral-dv-right\">7296</span></span><span class=\"spyral-dv-content\" style=\"margin-left: 0px;\"><span class=\"spyral-dv-left\">noPasswordAccess:&nbsp;</span><span class=\"spyral-dv-String spyral-dv-right\">\"NORMAL\"</span></span><span class=\"spyral-dv-content\" style=\"margin-left: 0px;\"><span class=\"spyral-dv-left spyral-dv-folder\">languageCodes: <span class=\"spyral-dv-type\">Array</span><span class=\"spyral-dv-length\">[1]</span> <span class=\"spyral-dv-folder-icon spyral-dv-expanded\"><svg width=\"8\" height=\"8\" class=\"open\"><path d=\"M4 7L0 1h8z\" fill=\"#000\"></path></svg><svg width=\"8\" height=\"8\" class=\"closed\"><path d=\"M7 4L1 8V0z\" fill=\"#000\"></path></svg></span></span><span class=\"spyral-dv-Array spyral-dv-right spyral-dv-expanded\"><span class=\"spyral-dv-content\" style=\"margin-left: 0px;\"><span class=\"spyral-dv-left\">0:&nbsp;</span><span class=\"spyral-dv-String spyral-dv-right\">\"en\"</span></span></span></span></span></span></div>","mode":"corpus","expandResults":false,"dataName":"myCorpus"}},{"cellId":"be7vrbx6","type":"code","content":{"input":"loadCorpus(\"frank\").assign(\"myCorpus\")","output":"<div class=\"spyral-dv-container\"><span class=\"spyral-dv-content\" style=\"margin-left: 0px;\"><span class=\"spyral-dv-left spyral-dv-folder\">myCorpus: <span class=\"spyral-dv-type\">Object</span><span class=\"spyral-dv-length\">{1}</span> <span class=\"spyral-dv-folder-icon spyral-dv-expanded\"><svg width=\"8\" height=\"8\" class=\"open\"><path d=\"M4 7L0 1h8z\" fill=\"#000\"></path></svg><svg width=\"8\" height=\"8\" class=\"closed\"><path d=\"M7 4L1 8V0z\" fill=\"#000\"></path></svg></span></span><span class=\"spyral-dv-Object spyral-dv-right spyral-dv-expanded\"><span class=\"spyral-dv-content\" style=\"margin-left: 0px;\"><span class=\"spyral-dv-left\">corpusid:&nbsp;</span><span class=\"spyral-dv-String spyral-dv-right\">\"30cb1499e84c7b83954e20ce2b35f938\"</span></span></span></span></div>","mode":"javascript","expandResults":true}},{"cellId":"yee68ygs","type":"text","content":"<h2>Named Entity Recognition</h2><p>This first set of code cells shows how to experiment with named entity recognition in Spyral.</p><p></p>"},{"cellId":"zhpdpm6i","type":"data","content":{"input":"Hermeneuti.ca is a collaborative project by Stéfan Sinclair and Geoffrey Rockwell to think through computer-assisted text analysis for humanists. This site is a compantion to the book Hermeneutica book (MIT, 2016) and Voyant Tools. This site includes online versions of the practical interlude chapters from the book with dynamic panels from Voyant. You may also be interested in visiting TAPoR and the Methods Commons (in development).","output":"<div class=\"spyral-dv-container\"><span class=\"spyral-dv-content\" style=\"margin-left: 0px;\"><span class=\"spyral-dv-left\">myData:&nbsp;</span><span class=\"spyral-dv-String spyral-dv-right\">\"Hermeneuti.ca is a collaborative project by Stéfan Sinclair and Geoffrey Rockwell to think through computer-assisted text analysis for humanists. This site is a compantion to the book Hermeneutica book (MIT, 2016) and Voyant Tools. This site includes online versions of the practical interlude chapters from the book with dynamic panels from Voyant. You may also be interested in visiting TAPoR and the Methods Commons (in development).\"</span></span></div>","mode":"text","expandResults":true,"dataName":"myData"}},{"cellId":"s13osfih","type":"code","content":{"input":"loadCorpus(myData).assign(\"myCorpus\");","output":"<div class=\"spyral-dv-container\"><span class=\"spyral-dv-content\" style=\"margin-left: 0px;\"><span class=\"spyral-dv-left spyral-dv-folder\">myCorpus: <span class=\"spyral-dv-type\">Object</span><span class=\"spyral-dv-length\">{1}</span> <span class=\"spyral-dv-folder-icon spyral-dv-expanded\"><svg width=\"8\" height=\"8\" class=\"open\"><path d=\"M4 7L0 1h8z\" fill=\"#000\"></path></svg><svg width=\"8\" height=\"8\" class=\"closed\"><path d=\"M7 4L1 8V0z\" fill=\"#000\"></path></svg></span></span><span class=\"spyral-dv-Object spyral-dv-right spyral-dv-expanded\"><span class=\"spyral-dv-content\" style=\"margin-left: 0px;\"><span class=\"spyral-dv-left\">corpusid:&nbsp;</span><span class=\"spyral-dv-String spyral-dv-right\">\"3a9cb95c0290473831b3385b4b756794\"</span></span></span></span></div>","mode":"javascript","expandResults":true}},{"cellId":"g4ybayr5","type":"code","content":{"input":"var aList = [];\nmyCorpus.entities({annotator: \"nssi\"}).then(entities => aList = entities);","output":"<div class=\"spyral-dv-container\"><span class=\"spyral-dv-content\" style=\"margin-left: 0px;\"><span class=\"spyral-dv-left spyral-dv-folder\">aList: <span class=\"spyral-dv-type\">Array</span><span class=\"spyral-dv-length\">[4]</span> <span class=\"spyral-dv-folder-icon spyral-dv-expanded\"><svg width=\"8\" height=\"8\" class=\"open\"><path d=\"M4 7L0 1h8z\" fill=\"#000\"></path></svg><svg width=\"8\" height=\"8\" class=\"closed\"><path d=\"M7 4L1 8V0z\" fill=\"#000\"></path></svg></span></span><span class=\"spyral-dv-Array spyral-dv-right spyral-dv-expanded\"><span class=\"spyral-dv-content\" style=\"margin-left: 0px;\"><span class=\"spyral-dv-left spyral-dv-folder\">0: <span class=\"spyral-dv-type\">Object</span><span class=\"spyral-dv-length\">{7}</span> <span class=\"spyral-dv-folder-icon spyral-dv-expanded\"><svg width=\"8\" height=\"8\" class=\"open\"><path d=\"M4 7L0 1h8z\" fill=\"#000\"></path></svg><svg width=\"8\" height=\"8\" class=\"closed\"><path d=\"M7 4L1 8V0z\" fill=\"#000\"></path></svg></span></span><span class=\"spyral-dv-Object spyral-dv-right spyral-dv-expanded\"><span class=\"spyral-dv-content\" style=\"margin-left: 0px;\"><span class=\"spyral-dv-left\">docIndex:&nbsp;</span><span class=\"spyral-dv-Number spyral-dv-right\">0</span></span><span class=\"spyral-dv-content\" style=\"margin-left: 0px;\"><span class=\"spyral-dv-left\">term:&nbsp;</span><span class=\"spyral-dv-String spyral-dv-right\">\"Stéfan Sinclair\"</span></span><span class=\"spyral-dv-content\" style=\"margin-left: 0px;\"><span class=\"spyral-dv-left\">normalized:&nbsp;</span><span class=\"spyral-dv-String spyral-dv-right\">\"Stéfan Sinclair\"</span></span><span class=\"spyral-dv-content\" style=\"margin-left: 0px;\"><span class=\"spyral-dv-left\">type:&nbsp;</span><span class=\"spyral-dv-String spyral-dv-right\">\"person\"</span></span><span class=\"spyral-dv-content\" style=\"margin-left: 0px;\"><span class=\"spyral-dv-left\">rawFreq:&nbsp;</span><span class=\"spyral-dv-Number spyral-dv-right\">1</span></span><span class=\"spyral-dv-content\" style=\"margin-left: 0px;\"><span class=\"spyral-dv-left spyral-dv-folder\">positions: <span class=\"spyral-dv-type\">Array</span><span class=\"spyral-dv-length\">[1]</span> <span class=\"spyral-dv-folder-icon spyral-dv-expanded\"><svg width=\"8\" height=\"8\" class=\"open\"><path d=\"M4 7L0 1h8z\" fill=\"#000\"></path></svg><svg width=\"8\" height=\"8\" class=\"closed\"><path d=\"M7 4L1 8V0z\" fill=\"#000\"></path></svg></span></span><span class=\"spyral-dv-Array spyral-dv-right spyral-dv-expanded\"><span class=\"spyral-dv-content\" style=\"margin-left: 0px;\"><span class=\"spyral-dv-left spyral-dv-folder\">0: <span class=\"spyral-dv-type\">Array</span><span class=\"spyral-dv-length\">[2]</span> <span class=\"spyral-dv-folder-icon spyral-dv-expanded\"><svg width=\"8\" height=\"8\" class=\"open\"><path d=\"M4 7L0 1h8z\" fill=\"#000\"></path></svg><svg width=\"8\" height=\"8\" class=\"closed\"><path d=\"M7 4L1 8V0z\" fill=\"#000\"></path></svg></span></span><span class=\"spyral-dv-Array spyral-dv-right spyral-dv-expanded\"><span class=\"spyral-dv-content\" style=\"margin-left: 0px;\"><span class=\"spyral-dv-left\">0:&nbsp;</span><span class=\"spyral-dv-Number spyral-dv-right\">6</span></span><span class=\"spyral-dv-content\" style=\"margin-left: 0px;\"><span class=\"spyral-dv-left\">1:&nbsp;</span><span class=\"spyral-dv-Number spyral-dv-right\">7</span></span></span></span></span></span><span class=\"spyral-dv-content\" style=\"margin-left: 0px;\"><span class=\"spyral-dv-left spyral-dv-folder\">offsets: <span class=\"spyral-dv-type\">Array</span><span class=\"spyral-dv-length\">[1]</span> <span class=\"spyral-dv-folder-icon spyral-dv-expanded\"><svg width=\"8\" height=\"8\" class=\"open\"><path d=\"M4 7L0 1h8z\" fill=\"#000\"></path></svg><svg width=\"8\" height=\"8\" class=\"closed\"><path d=\"M7 4L1 8V0z\" fill=\"#000\"></path></svg></span></span><span class=\"spyral-dv-Array spyral-dv-right spyral-dv-expanded\"><span class=\"spyral-dv-content\" style=\"margin-left: 0px;\"><span class=\"spyral-dv-left spyral-dv-folder\">0: <span class=\"spyral-dv-type\">Array</span><span class=\"spyral-dv-length\">[2]</span> <span class=\"spyral-dv-folder-icon spyral-dv-expanded\"><svg width=\"8\" height=\"8\" class=\"open\"><path d=\"M4 7L0 1h8z\" fill=\"#000\"></path></svg><svg width=\"8\" height=\"8\" class=\"closed\"><path d=\"M7 4L1 8V0z\" fill=\"#000\"></path></svg></span></span><span class=\"spyral-dv-Array spyral-dv-right spyral-dv-expanded\"><span class=\"spyral-dv-content\" style=\"margin-left: 0px;\"><span class=\"spyral-dv-left\">0:&nbsp;</span><span class=\"spyral-dv-Number spyral-dv-right\">53</span></span><span class=\"spyral-dv-content\" style=\"margin-left: 0px;\"><span class=\"spyral-dv-left\">1:&nbsp;</span><span class=\"spyral-dv-Number spyral-dv-right\">68</span></span></span></span></span></span></span></span><span class=\"spyral-dv-content\" style=\"margin-left: 0px;\"><span class=\"spyral-dv-left spyral-dv-folder\">1: <span class=\"spyral-dv-type\">Object</span><span class=\"spyral-dv-length\">{7}</span> <span class=\"spyral-dv-folder-icon spyral-dv-expanded\"><svg width=\"8\" height=\"8\" class=\"open\"><path d=\"M4 7L0 1h8z\" fill=\"#000\"></path></svg><svg width=\"8\" height=\"8\" class=\"closed\"><path d=\"M7 4L1 8V0z\" fill=\"#000\"></path></svg></span></span><span class=\"spyral-dv-Object spyral-dv-right spyral-dv-expanded\"><span class=\"spyral-dv-content\" style=\"margin-left: 0px;\"><span class=\"spyral-dv-left\">docIndex:&nbsp;</span><span class=\"spyral-dv-Number spyral-dv-right\">0</span></span><span class=\"spyral-dv-content\" style=\"margin-left: 0px;\"><span class=\"spyral-dv-left\">term:&nbsp;</span><span class=\"spyral-dv-String spyral-dv-right\">\"Geoffrey Rockwell\"</span></span><span class=\"spyral-dv-content\" style=\"margin-left: 0px;\"><span class=\"spyral-dv-left\">normalized:&nbsp;</span><span class=\"spyral-dv-String spyral-dv-right\">\"Geoffrey Rockwell\"</span></span><span class=\"spyral-dv-content\" style=\"margin-left: 0px;\"><span class=\"spyral-dv-left\">type:&nbsp;</span><span class=\"spyral-dv-String spyral-dv-right\">\"person\"</span></span><span class=\"spyral-dv-content\" style=\"margin-left: 0px;\"><span class=\"spyral-dv-left\">rawFreq:&nbsp;</span><span class=\"spyral-dv-Number spyral-dv-right\">1</span></span><span class=\"spyral-dv-content\" style=\"margin-left: 0px;\"><span class=\"spyral-dv-left spyral-dv-folder\">positions: <span class=\"spyral-dv-type\">Array</span><span class=\"spyral-dv-length\">[1]</span> <span class=\"spyral-dv-folder-icon spyral-dv-expanded\"><svg width=\"8\" height=\"8\" class=\"open\"><path d=\"M4 7L0 1h8z\" fill=\"#000\"></path></svg><svg width=\"8\" height=\"8\" class=\"closed\"><path d=\"M7 4L1 8V0z\" fill=\"#000\"></path></svg></span></span><span class=\"spyral-dv-Array spyral-dv-right spyral-dv-expanded\"><span class=\"spyral-dv-content\" style=\"margin-left: 0px;\"><span class=\"spyral-dv-left spyral-dv-folder\">0: <span class=\"spyral-dv-type\">Array</span><span class=\"spyral-dv-length\">[2]</span> <span class=\"spyral-dv-folder-icon spyral-dv-expanded\"><svg width=\"8\" height=\"8\" class=\"open\"><path d=\"M4 7L0 1h8z\" fill=\"#000\"></path></svg><svg width=\"8\" height=\"8\" class=\"closed\"><path d=\"M7 4L1 8V0z\" fill=\"#000\"></path></svg></span></span><span class=\"spyral-dv-Array spyral-dv-right spyral-dv-expanded\"><span class=\"spyral-dv-content\" style=\"margin-left: 0px;\"><span class=\"spyral-dv-left\">0:&nbsp;</span><span class=\"spyral-dv-Number spyral-dv-right\">9</span></span><span class=\"spyral-dv-content\" style=\"margin-left: 0px;\"><span class=\"spyral-dv-left\">1:&nbsp;</span><span class=\"spyral-dv-Number spyral-dv-right\">10</span></span></span></span></span></span><span class=\"spyral-dv-content\" style=\"margin-left: 0px;\"><span class=\"spyral-dv-left spyral-dv-folder\">offsets: <span class=\"spyral-dv-type\">Array</span><span class=\"spyral-dv-length\">[1]</span> <span class=\"spyral-dv-folder-icon spyral-dv-expanded\"><svg width=\"8\" height=\"8\" class=\"open\"><path d=\"M4 7L0 1h8z\" fill=\"#000\"></path></svg><svg width=\"8\" height=\"8\" class=\"closed\"><path d=\"M7 4L1 8V0z\" fill=\"#000\"></path></svg></span></span><span class=\"spyral-dv-Array spyral-dv-right spyral-dv-expanded\"><span class=\"spyral-dv-content\" style=\"margin-left: 0px;\"><span class=\"spyral-dv-left spyral-dv-folder\">0: <span class=\"spyral-dv-type\">Array</span><span class=\"spyral-dv-length\">[2]</span> <span class=\"spyral-dv-folder-icon spyral-dv-expanded\"><svg width=\"8\" height=\"8\" class=\"open\"><path d=\"M4 7L0 1h8z\" fill=\"#000\"></path></svg><svg width=\"8\" height=\"8\" class=\"closed\"><path d=\"M7 4L1 8V0z\" fill=\"#000\"></path></svg></span></span><span class=\"spyral-dv-Array spyral-dv-right spyral-dv-expanded\"><span class=\"spyral-dv-content\" style=\"margin-left: 0px;\"><span class=\"spyral-dv-left\">0:&nbsp;</span><span class=\"spyral-dv-Number spyral-dv-right\">73</span></span><span class=\"spyral-dv-content\" style=\"margin-left: 0px;\"><span class=\"spyral-dv-left\">1:&nbsp;</span><span class=\"spyral-dv-Number spyral-dv-right\">90</span></span></span></span></span></span></span></span><span class=\"spyral-dv-content\" style=\"margin-left: 0px;\"><span class=\"spyral-dv-left spyral-dv-folder\">2: <span class=\"spyral-dv-type\">Object</span><span class=\"spyral-dv-length\">{7}</span> <span class=\"spyral-dv-folder-icon spyral-dv-expanded\"><svg width=\"8\" height=\"8\" class=\"open\"><path d=\"M4 7L0 1h8z\" fill=\"#000\"></path></svg><svg width=\"8\" height=\"8\" class=\"closed\"><path d=\"M7 4L1 8V0z\" fill=\"#000\"></path></svg></span></span><span class=\"spyral-dv-Object spyral-dv-right spyral-dv-expanded\"><span class=\"spyral-dv-content\" style=\"margin-left: 0px;\"><span class=\"spyral-dv-left\">docIndex:&nbsp;</span><span class=\"spyral-dv-Number spyral-dv-right\">0</span></span><span class=\"spyral-dv-content\" style=\"margin-left: 0px;\"><span class=\"spyral-dv-left\">term:&nbsp;</span><span class=\"spyral-dv-String spyral-dv-right\">\"MIT\"</span></span><span class=\"spyral-dv-content\" style=\"margin-left: 0px;\"><span class=\"spyral-dv-left\">normalized:&nbsp;</span><span class=\"spyral-dv-String spyral-dv-right\">\"MIT\"</span></span><span class=\"spyral-dv-content\" style=\"margin-left: 0px;\"><span class=\"spyral-dv-left\">type:&nbsp;</span><span class=\"spyral-dv-String spyral-dv-right\">\"organization\"</span></span><span class=\"spyral-dv-content\" style=\"margin-left: 0px;\"><span class=\"spyral-dv-left\">rawFreq:&nbsp;</span><span class=\"spyral-dv-Number spyral-dv-right\">1</span></span><span class=\"spyral-dv-content\" style=\"margin-left: 0px;\"><span class=\"spyral-dv-left spyral-dv-folder\">positions: <span class=\"spyral-dv-type\">Array</span><span class=\"spyral-dv-length\">[1]</span> <span class=\"spyral-dv-folder-icon spyral-dv-expanded\"><svg width=\"8\" height=\"8\" class=\"open\"><path d=\"M4 7L0 1h8z\" fill=\"#000\"></path></svg><svg width=\"8\" height=\"8\" class=\"closed\"><path d=\"M7 4L1 8V0z\" fill=\"#000\"></path></svg></span></span><span class=\"spyral-dv-Array spyral-dv-right spyral-dv-expanded\"><span class=\"spyral-dv-content\" style=\"margin-left: 0px;\"><span class=\"spyral-dv-left spyral-dv-folder\">0: <span class=\"spyral-dv-type\">Array</span><span class=\"spyral-dv-length\">[1]</span> <span class=\"spyral-dv-folder-icon spyral-dv-expanded\"><svg width=\"8\" height=\"8\" class=\"open\"><path d=\"M4 7L0 1h8z\" fill=\"#000\"></path></svg><svg width=\"8\" height=\"8\" class=\"closed\"><path d=\"M7 4L1 8V0z\" fill=\"#000\"></path></svg></span></span><span class=\"spyral-dv-Array spyral-dv-right spyral-dv-expanded\"><span class=\"spyral-dv-content\" style=\"margin-left: 0px;\"><span class=\"spyral-dv-left\">0:&nbsp;</span><span class=\"spyral-dv-Number spyral-dv-right\">30</span></span></span></span></span></span><span class=\"spyral-dv-content\" style=\"margin-left: 0px;\"><span class=\"spyral-dv-left spyral-dv-folder\">offsets: <span class=\"spyral-dv-type\">Array</span><span class=\"spyral-dv-length\">[1]</span> <span class=\"spyral-dv-folder-icon spyral-dv-expanded\"><svg width=\"8\" height=\"8\" class=\"open\"><path d=\"M4 7L0 1h8z\" fill=\"#000\"></path></svg><svg width=\"8\" height=\"8\" class=\"closed\"><path d=\"M7 4L1 8V0z\" fill=\"#000\"></path></svg></span></span><span class=\"spyral-dv-Array spyral-dv-right spyral-dv-expanded\"><span class=\"spyral-dv-content\" style=\"margin-left: 0px;\"><span class=\"spyral-dv-left spyral-dv-folder\">0: <span class=\"spyral-dv-type\">Array</span><span class=\"spyral-dv-length\">[2]</span> <span class=\"spyral-dv-folder-icon spyral-dv-expanded\"><svg width=\"8\" height=\"8\" class=\"open\"><path d=\"M4 7L0 1h8z\" fill=\"#000\"></path></svg><svg width=\"8\" height=\"8\" class=\"closed\"><path d=\"M7 4L1 8V0z\" fill=\"#000\"></path></svg></span></span><span class=\"spyral-dv-Array spyral-dv-right spyral-dv-expanded\"><span class=\"spyral-dv-content\" style=\"margin-left: 0px;\"><span class=\"spyral-dv-left\">0:&nbsp;</span><span class=\"spyral-dv-Number spyral-dv-right\">230</span></span><span class=\"spyral-dv-content\" style=\"margin-left: 0px;\"><span class=\"spyral-dv-left\">1:&nbsp;</span><span class=\"spyral-dv-Number spyral-dv-right\">233</span></span></span></span></span></span></span></span><span class=\"spyral-dv-content\" style=\"margin-left: 0px;\"><span class=\"spyral-dv-left spyral-dv-folder\">3: <span class=\"spyral-dv-type\">Object</span><span class=\"spyral-dv-length\">{7}</span> <span class=\"spyral-dv-folder-icon spyral-dv-expanded\"><svg width=\"8\" height=\"8\" class=\"open\"><path d=\"M4 7L0 1h8z\" fill=\"#000\"></path></svg><svg width=\"8\" height=\"8\" class=\"closed\"><path d=\"M7 4L1 8V0z\" fill=\"#000\"></path></svg></span></span><span class=\"spyral-dv-Object spyral-dv-right spyral-dv-expanded\"><span class=\"spyral-dv-content\" style=\"margin-left: 0px;\"><span class=\"spyral-dv-left\">docIndex:&nbsp;</span><span class=\"spyral-dv-Number spyral-dv-right\">0</span></span><span class=\"spyral-dv-content\" style=\"margin-left: 0px;\"><span class=\"spyral-dv-left\">term:&nbsp;</span><span class=\"spyral-dv-String spyral-dv-right\">\"Voyant Tools\"</span></span><span class=\"spyral-dv-content\" style=\"margin-left: 0px;\"><span class=\"spyral-dv-left\">normalized:&nbsp;</span><span class=\"spyral-dv-String spyral-dv-right\">\"Voyant Tools\"</span></span><span class=\"spyral-dv-content\" style=\"margin-left: 0px;\"><span class=\"spyral-dv-left\">type:&nbsp;</span><span class=\"spyral-dv-String spyral-dv-right\">\"organization\"</span></span><span class=\"spyral-dv-content\" style=\"margin-left: 0px;\"><span class=\"spyral-dv-left\">rawFreq:&nbsp;</span><span class=\"spyral-dv-Number spyral-dv-right\">1</span></span><span class=\"spyral-dv-content\" style=\"margin-left: 0px;\"><span class=\"spyral-dv-left spyral-dv-folder\">positions: <span class=\"spyral-dv-type\">Array</span><span class=\"spyral-dv-length\">[1]</span> <span class=\"spyral-dv-folder-icon spyral-dv-expanded\"><svg width=\"8\" height=\"8\" class=\"open\"><path d=\"M4 7L0 1h8z\" fill=\"#000\"></path></svg><svg width=\"8\" height=\"8\" class=\"closed\"><path d=\"M7 4L1 8V0z\" fill=\"#000\"></path></svg></span></span><span class=\"spyral-dv-Array spyral-dv-right spyral-dv-expanded\"><span class=\"spyral-dv-content\" style=\"margin-left: 0px;\"><span class=\"spyral-dv-left spyral-dv-folder\">0: <span class=\"spyral-dv-type\">Array</span><span class=\"spyral-dv-length\">[2]</span> <span class=\"spyral-dv-folder-icon spyral-dv-expanded\"><svg width=\"8\" height=\"8\" class=\"open\"><path d=\"M4 7L0 1h8z\" fill=\"#000\"></path></svg><svg width=\"8\" height=\"8\" class=\"closed\"><path d=\"M7 4L1 8V0z\" fill=\"#000\"></path></svg></span></span><span class=\"spyral-dv-Array spyral-dv-right spyral-dv-expanded\"><span class=\"spyral-dv-content\" style=\"margin-left: 0px;\"><span class=\"spyral-dv-left\">0:&nbsp;</span><span class=\"spyral-dv-Number spyral-dv-right\">33</span></span><span class=\"spyral-dv-content\" style=\"margin-left: 0px;\"><span class=\"spyral-dv-left\">1:&nbsp;</span><span class=\"spyral-dv-Number spyral-dv-right\">34</span></span></span></span></span></span><span class=\"spyral-dv-content\" style=\"margin-left: 0px;\"><span class=\"spyral-dv-left spyral-dv-folder\">offsets: <span class=\"spyral-dv-type\">Array</span><span class=\"spyral-dv-length\">[1]</span> <span class=\"spyral-dv-folder-icon spyral-dv-expanded\"><svg width=\"8\" height=\"8\" class=\"open\"><path d=\"M4 7L0 1h8z\" fill=\"#000\"></path></svg><svg width=\"8\" height=\"8\" class=\"closed\"><path d=\"M7 4L1 8V0z\" fill=\"#000\"></path></svg></span></span><span class=\"spyral-dv-Array spyral-dv-right spyral-dv-expanded\"><span class=\"spyral-dv-content\" style=\"margin-left: 0px;\"><span class=\"spyral-dv-left spyral-dv-folder\">0: <span class=\"spyral-dv-type\">Array</span><span class=\"spyral-dv-length\">[2]</span> <span class=\"spyral-dv-folder-icon spyral-dv-expanded\"><svg width=\"8\" height=\"8\" class=\"open\"><path d=\"M4 7L0 1h8z\" fill=\"#000\"></path></svg><svg width=\"8\" height=\"8\" class=\"closed\"><path d=\"M7 4L1 8V0z\" fill=\"#000\"></path></svg></span></span><span class=\"spyral-dv-Array spyral-dv-right spyral-dv-expanded\"><span class=\"spyral-dv-content\" style=\"margin-left: 0px;\"><span class=\"spyral-dv-left\">0:&nbsp;</span><span class=\"spyral-dv-Number spyral-dv-right\">245</span></span><span class=\"spyral-dv-content\" style=\"margin-left: 0px;\"><span class=\"spyral-dv-left\">1:&nbsp;</span><span class=\"spyral-dv-Number spyral-dv-right\">257</span></span></span></span></span></span></span></span></span></span></div>","mode":"javascript","expandResults":true}},{"cellId":"pbtieqzt","type":"code","content":{"input":"myCorpus.entities({annotator: \"stanford\"});","output":"<body class=\"\"><div class=\"error\">Failed to get entities</div></body>","mode":"javascript","expandResults":true}},{"cellId":"c0pnfel3","type":"text","content":"<h2><strong>Extracting Text from Arrays and </strong>Objects</h2><p><strong></strong>Here is some code that gets information out of the array of entities collected in the code above that does entity recognition. It then puts some of the data into a text variable and shows it.</p><p></p>"},{"cellId":"tcbxyzbl","type":"code","content":{"input":"let theList = \"\"\nfor(item in aList) {\n  theList += aList[item].rawFreq + \": \" + aList[item].term + \"<br />\";\n};\nshow(theList);","output":"<body class=\"\"><div class=\"info\">1: Stéfan Sinclair<br>1: Geoffrey Rockwell<br>1: MIT<br>1: Voyant Tools<br></div></body>","mode":"javascript","expandResults":true}}]}