{"metadata":{"title":"Topic Modelling","userId":"learnspyral@gh","author":"Geoffrey Rockwell","description":"This notebook shows how you can explore a text with topic modelling and other tools.","catalogue":false,"keywords":["Topic Modelling"],"modified":"2024-03-08T19:50:24.991Z","created":"2022-07-13T03:24:40.378Z","language":"English","license":"Creative Commons Attribution (CC BY)","version":"0.1"},"cells":[{"cellId":"dx6i6ej2","type":"text","content":"<p>This notebook shows how you can use topic modelling to explore the themes of a text. To use this you should fork it and save it under your account. Then you can edit it as needed.</p><p>Topic modelling or topic discovery is a technique for proposing sets of words that could be coherent topics that appear together in documents. As a technique it will generate a different set of topics every time so don't expect the same combinations of words.</p><p>If you want to understand how topic modelling works we suggest the following:</p><ul><li><a data-cke-saved-href=\"http://journalofdigitalhumanities.org/2-1/\" target=\"_blank\" href=\"http://journalofdigitalhumanities.org/2-1/\" data-tabindex-value=\"none\" tabindex=\"-1\" data-tabindex-counter=\"7\">Topic Modelling Issue</a>: Volume 2, Number 1, Winter 2012 of the Journal of Digital Humanities. This has a number of articles by and for digital humanists on topic modelling including&nbsp;</li><li><a data-cke-saved-href=\"https://towardsdatascience.com/latent-dirichlet-allocation-lda-a-guide-to-probabilistic-modeling-approach-for-topic-discovery-8cb97c08da3c\" target=\"_blank\" href=\"https://towardsdatascience.com/latent-dirichlet-allocation-lda-a-guide-to-probabilistic-modeling-approach-for-topic-discovery-8cb97c08da3c\" data-tabindex-value=\"none\" tabindex=\"-1\" data-tabindex-counter=\"7\">Latent Dirichlet Allocation(LDA): A guide to probabilistic modelling approach for topic discovery</a>&nbsp;- A more technical description with Python code.</li></ul>"},{"cellId":"alarxkon","type":"text","content":"<h2>Creating a Corpus Object</h2><p>The first code cell creates a frankenstein corpus object that we can use elsewhere. It then returns the Topics tool panel so you can experiment.</p><p><strong>Note</strong>: if you are going to use this with your own corpus then replace \"frank\" with the ID of your corpus. (Leave the quotation marks around your ID.)</p>"},{"cellId":"f38lymf1","type":"code","content":{"input":"var myCorpus; \nloadCorpus(\"frank\").then(theCorpus => { // Replace >frank< with the ID of your corpus\n    myCorpus = theCorpus; // This makes the myCorpus corpus object available elsewhere\n    return myCorpus.tool(\"Topics\", {numTopics: 10, style: \"width: 700px; height: 400px\"});\n})","output":"<body class=\"\"><iframe style=\"width: 700px; height: 400px\" src=\"https://voyant-tools.org/tool/Topics/?corpus=30cb1499e84c7b83954e20ce2b35f938&amp;forTool=Topics&amp;numTopics=10\"></iframe></body>","mode":"javascript","expandResults":true}},{"cellId":"mx4lhcjq","type":"text","content":"<h2>Collecting the Topics</h2><p>This next code cell will run topic modelling again (so you will get different answers) and return the topics as lines of text that can be used in later cells to graph the words. Note that the words in each topic will not be the same from one run to another as the underlying algorithm is probabilistic.</p>"},{"cellId":"zepliuba","type":"code","content":{"input":"// Here are some parameters you can play with\nvar numberTopics = 10 // Edit this to set the number of topics you want generated\nvar howManyWords = 20 // Edit this to set the number of words you want from each topic\n// You can also change the number of sweeps below by editing the code.\n\nvar topicCollect = [];\ntopicList = myCorpus.topics({topics: numberTopics, termsPerTopic: howManyWords, iterations: 100}).then(topicData => {\n  var number = 0\n  topicData.topics.forEach(topic => {\n    var topicText = topic.words.map(word => word.word).join(' ');\n    topicCollect.push(topicText)\n    show(number + \": \" + topicText)\n    number = number + 1\n  });\n})","output":"<body class=\"\"><div class=\"info\">0: to the that of was man but in how even after still while human little for indeed return house same</div><div class=\"info\">1: the a and in for to our his thought other day place has was misery country hope despair an he</div><div class=\"info\">2: and of with a the i was his all to would their this we have her own in into its</div><div class=\"info\">3: the be have could are an and in i those of whom who soon friend miserable up see several cannot</div><div class=\"info\">4: i my of the by were this with been do for had a father to there passed must during about</div><div class=\"info\">5: a and me which had when at was from the not to or yet no life only then shall found</div><div class=\"info\">6: the i not on of him in a had more that before you myself what them am said as every</div><div class=\"info\">7: my he it to but was the in so you should these on did with her might most is such</div><div class=\"info\">8: i of the as me and that she they is in my one for will her upon eyes by who</div><div class=\"info\">9: and to your my you his but if now may time elizabeth first from it felt feelings heard like few</div></body>","mode":"javascript","expandResults":true}},{"cellId":"o8ubll2a","type":"text","content":"<h2>Graphing the Words in the Topic</h2><p>This next code cell will graph in Trends all the words for one of the topics above. You indicate which topic by entering the index number (from 0 up, depending on how many topics you asked for) and the code will extract the 10 words of your context and graph them all.&nbsp;</p><p><strong>Note</strong> that when using Trends you can turn off the graphing of the&nbsp;words you don't want to see by clicking on the word at the top of the graph. Click again to show them. You can also graph other words (replacing those from the topic) by typing in the input field below.</p>"},{"cellId":"vstdnhrs","type":"code","content":{"input":"// Set this parameter to choose the topic to graph with Trends\nlet theTopicIndex = \"1\" \n// The rest of the code will get the words in the topic and graph them with Trends\n\nvar theTopic = topicCollect[theTopicIndex];\nlet theList = theTopic.split(\" \");\nvar theWords = \"\\'\"\nfor (let index = 0; index < theList.length; ++index) {\n    const element = theList[index];\n    theWords = theWords + element + \"\\', \\'\" \n};\nvar words2Query = theWords.slice(0,-3);\nloadCorpus(\"frank\").tool(\"Trends\", {query: words2Query, style: \"width: 800px; height: 500px\"});","output":"<body class=\"\"><iframe style=\"width: 800px; height: 500px\" src=\"https://voyant-tools.org/tool/Trends/?corpus=30cb1499e84c7b83954e20ce2b35f938&amp;forTool=Trends&amp;query=%27the%27%2C+%27a%27%2C+%27and%27%2C+%27in%27%2C+%27for%27%2C+%27to%27%2C+%27our%27%2C+%27his%27%2C+%27thought%27%2C+%27other%27%2C+%27day%27%2C+%27place%27%2C+%27has%27%2C+%27was%27%2C+%27misery%27%2C+%27country%27%2C+%27hope%27%2C+%27despair%27%2C+%27an%27%2C+%27he%27\"></iframe></body>","mode":"javascript","expandResults":true}},{"cellId":"qcl4fod4","type":"text","content":"<h2>Graphing the Words as One Pattern</h2><p>This next code cell will graph all the words as one rather than graphing them separately. It uses the syntax you can use in the Trends input field where you concatenate the words with \"|\" which tells Trends to treat them as one pattern to graph. You can then try comparing different topics.</p>"},{"cellId":"eu8ivgh0","type":"code","content":{"input":"// Set this parameter to choose the topic to graph as one pattern with Trends\nlet theTopicIndex = \"2\" \n// The rest of the code \n\nvar theTopic = topicCollect[theTopicIndex];\nlet theList = theTopic.split(\" \");\nvar theWords = \"\\'\"\nfor (let index = 0; index < theList.length; ++index) {\n    const element = theList[index];\n    theWords = theWords + element + \"|\";\n};\nvar words2Query = theWords.slice(0,-1);\nloadCorpus(\"frank\").tool(\"Trends\", {query: words2Query, style: \"width: 800px; height: 500px\"});","output":"<body class=\"\"><iframe style=\"width: 800px; height: 500px\" src=\"https://voyant-tools.org/tool/Trends/?corpus=30cb1499e84c7b83954e20ce2b35f938&amp;forTool=Trends&amp;query=%27and%7Cof%7Cwith%7Ca%7Cthe%7Ci%7Cwas%7Chis%7Call%7Cto%7Cwould%7Ctheir%7Cthis%7Cwe%7Chave%7Cher%7Cown%7Cin%7Cinto%7Cits\"></iframe></body>","mode":"javascript","expandResults":true}},{"cellId":"jct772jx","type":"text","content":"<h2>What's Next?</h2><p>What else could you do? Here are some ideas:</p><ul><li>You could add tool panels like Contexts that would allow you to explore how the words in an interesting topic are used.</li><li>You could the documents and their contribution to a topic that interests you.</li></ul>"}]}