{"metadata":{"title":"Loading An Excel Spreadsheet into Spyral","userId":"learnspyral@gh","author":"Bennett Tchoh and Geoffrey Rockwell","description":"This Notebook shows how to load a corpus into Spyral and to verify that the corpus loading correctly. It was updated by Rockwell in February of 2024.","catalogue":true,"keywords":[" Spreadsheet","Tutorials","Tables"],"modified":"2024-02-28T12:25:02.417Z","created":"2022-02-04T18:41:09.464Z","language":"English","license":"Creative Commons Attribution-ShareAlike (CC BY-SA)","version":"0.1"},"cells":[{"cellId":"ujv2uy2b","type":"text","content":"<p>In this is a Spyral Notebook, we will go through the process of loading a spreadsheet (sometimes called a table) into Spyral and making&nbsp;simple inquiries of the corpus created.</p><p>Spyral Notebooks are composed of text cells (like this one) and code cells (like the one below). You can <span class=\"marker\">click on the cells or blocks to edit</span> them and add new cells by clicking add icon that appears on the left of the cell.</p><p>Code cells can be&nbsp;<strong>configured</strong>&nbsp;to provide different types of cells. One type that is useful is the&nbsp;<strong>File Cell Mode.&nbsp;</strong>This lets use load a file like a spreadsheet from your computer.</p>"},{"cellId":"wr2ncecz","type":"text","content":"<h2>Loading a File</h2><p>To load an new corpus from a file like an Excel spreadsheet you need to load the file into the notebook first. To do that you need to set up a Code cell that has been configured for the File mode like the one below.<br></p><p><strong>Check the cell below.&nbsp;</strong>Click the <strong>Menu </strong>icon on the left side of a cell below. Then click&nbsp;<strong>Config</strong>&nbsp;and make sure that the <strong>File</strong> mode has been chosen. File input options will appear in the cell block. Click<strong> Choose a file ...</strong> to select an Excel Spreadsheet file. In the Data Name input box, assign a variable name like \"cov_data\" to the data and click <strong>Assign</strong>. Then run the block by clicking the run icon (right facing Triangle to the left of the block). This will load the data in the file and assign it to the variable Data Name you gave.</p><p>For the purpose of this tutorial we will use an Excel spreadsheet titled 3_News_Stories.xslx . You can find the file here:&nbsp;<a data-cke-saved-href=\"https://github.com/learnspyral/assets/blob/main/3_News_Stories.xlsx\" target=\"_blank\" href=\"https://github.com/learnspyral/assets/blob/main/3_News_Stories.xlsx\" data-tabindex-value=\"none\" tabindex=\"-1\" data-tabindex-counter=\"2\">https://github.com/learnspyral/assets/blob/main/3_News_Stories.xlsx</a></p><p><strong>​​​​​​​Try It:&nbsp;</strong>Download the file to your computer and then try loading it.</p><p></p>"},{"cellId":"di6k6cfy","type":"data","content":{"input":{"resourceId":"cdynd6sys2wkeq6l46otzdr8hs391bh","fileName":"3_News_Stories.xlsx"},"output":"<div class=\"spyral-dv-container\"><span class=\"spyral-dv-content\" style=\"margin-left: 0px;\"><span class=\"spyral-dv-left\">cov_data:&nbsp;</span><span class=\"spyral-dv-Undefined spyral-dv-right\">[object Blob]</span></span></div>","mode":"file","expandResults":true,"dataName":"cov_data"}},{"cellId":"bsclog4m","type":"text","content":"<h2>Loading a Corpus from the Data</h2><p>In the cell below we will tell Spyral how to use the information in the spreadsheet to create the corpus. We will use the <strong>loadCorpus</strong> function and the arguments for. You can read about the arguments used in the config options section of this <a data-cke-saved-href=\"https://voyant-tools.org/docs/#!/api/Spyral.Corpus\" target=\"_blank\" href=\"https://voyant-tools.org/docs/#!/api/Spyral.Corpus\" data-tabindex-value=\"none\" tabindex=\"-1\" data-tabindex-counter=\"3\">documentation </a>page.</p><p>Then click <strong>Run</strong> on the left to run the cell.</p><p>If the corpus was created successfully, no error will be reported after running the cell and corpus id of the corpus will be displayed below the cell.</p>"},{"cellId":"rto24kxq","type":"code","content":{"input":"loadCorpus(cov_data, {\n  inputFormat : \"xlsx\", // Specify that it is an Excel spreadsheet\n  tableNoHeadersRow: \"\", // Put \"true\" as value if is there is no header\n  tableAuthor: 1, // What column will the Author appear in\n  tableTitle : 2, // What colum will the Title appear in\n  tableDocuments : \"rows\" , // Should each row be a different document\n  tableContent : 4 // What colum will have the text content for the document\n})","output":"<div class=\"spyral-dv-container\"><span class=\"spyral-dv-content\" style=\"margin-left: 0px;\"><span class=\"spyral-dv-left spyral-dv-folder\">undefined: <span class=\"spyral-dv-type\">Object</span><span class=\"spyral-dv-length\">{1}</span> <span class=\"spyral-dv-folder-icon spyral-dv-expanded\"><svg width=\"8\" height=\"8\" class=\"open\"><path d=\"M4 7L0 1h8z\" fill=\"#000\"></path></svg><svg width=\"8\" height=\"8\" class=\"closed\"><path d=\"M7 4L1 8V0z\" fill=\"#000\"></path></svg></span></span><span class=\"spyral-dv-Object spyral-dv-right spyral-dv-expanded\"><span class=\"spyral-dv-content\" style=\"margin-left: 0px;\"><span class=\"spyral-dv-left\">corpusid:&nbsp;</span><span class=\"spyral-dv-String spyral-dv-right\">\"4a04d6076b248c331d2a0bef4c827aca\"</span></span></span></span></div>","mode":"javascript","expandResults":true}},{"cellId":"wiwh30lt","type":"text","content":"<p>We see above that the corpus was successfully created from the Excel spreadsheet.</p><p>Instead of using the 32 character corpus id, we can assign it to a variable, and use this variable to load the corpus. Then we use the summary method to get a summary of the corpus. When we run the block, the summary is displayed below the block.</p>"},{"cellId":"naay1alx","type":"code","content":{"input":"var corpusId = \"4a04d6076b248c331d2a0bef4c827aca\"; // Enter the Corpus ID you get from cell 5\nloadCorpus(corpusId).summary() // Generate a summary","output":"<div class=\"spyral-dv-container\"><span class=\"spyral-dv-content\" style=\"margin-left: 0px;\"><span class=\"spyral-dv-left\"></span><span class=\"spyral-dv-String spyral-dv-right\">\"This corpus (4a04d6076b248c331d2a0bef4c827aca) has 3 documents with 388 total words and 251 unique word forms.\"</span></span></div>","mode":"javascript","expandResults":true}},{"cellId":"h9dfbr5k","type":"text","content":"<p>We can now call other tools like&nbsp;<strong>Trends</strong>&nbsp;on the corpus.&nbsp;</p><p>You can use Code cells to call different tools and Text cells to document what you are doing and finding.&nbsp;</p>"},{"cellId":"uiegzmse","type":"code","content":{"input":"loadCorpus(corpusId).tool(\"Trends\", {\"style\": \"width: 900px; height: 400px\"});","output":"<body class=\"\"><iframe style=\"width: 900px; height: 400px\" src=\"https://voyant-tools.org/tool/Trends/?corpus=4a04d6076b248c331d2a0bef4c827aca&amp;forTool=Trends\"></iframe></body>","mode":"javascript","expandResults":true}},{"cellId":"kcd5mt2f","type":"text","content":"<p>We can also call methods directly&nbsp;on the newly assigned variable.</p><p>In the example below we will use the titles&nbsp;method to get the titles of the documents in the corpus.</p><p></p>"},{"cellId":"ljfoaugd","type":"code","content":{"input":"var myCorpus = loadCorpus(corpusId);\nmyCorpus.titles();","output":"<div class=\"spyral-dv-container\"><span class=\"spyral-dv-content\" style=\"margin-left: 0px;\"><span class=\"spyral-dv-left spyral-dv-folder\">undefined: <span class=\"spyral-dv-type\">Array</span><span class=\"spyral-dv-length\">[3]</span> <span class=\"spyral-dv-folder-icon spyral-dv-expanded\"><svg width=\"8\" height=\"8\" class=\"open\"><path d=\"M4 7L0 1h8z\" fill=\"#000\"></path></svg><svg width=\"8\" height=\"8\" class=\"closed\"><path d=\"M7 4L1 8V0z\" fill=\"#000\"></path></svg></span></span><span class=\"spyral-dv-Array spyral-dv-right spyral-dv-expanded\"><span class=\"spyral-dv-content\" style=\"margin-left: 0px;\"><span class=\"spyral-dv-left\">0:&nbsp;</span><span class=\"spyral-dv-String spyral-dv-right\">\"Canadian contribution to private lunar lander could lead to a telescope on the moon\"</span></span><span class=\"spyral-dv-content\" style=\"margin-left: 0px;\"><span class=\"spyral-dv-left\">1:&nbsp;</span><span class=\"spyral-dv-String spyral-dv-right\">\"Moncton researchers developing artificial intelligence to fight wildfires\"</span></span><span class=\"spyral-dv-content\" style=\"margin-left: 0px;\"><span class=\"spyral-dv-left\">2:&nbsp;</span><span class=\"spyral-dv-String spyral-dv-right\">\"With quarterfinals clinched, Canada aims for top seed at W Gold Cup\"</span></span></span></span></div>","mode":"javascript","expandResults":true}}]}