{"metadata":{"title":"Dialogica: Welcome to Spyral","userId":"learnspyral@gh","author":"Geoffrey Rockwell and Stéfan Sincair","description":"","catalogue":true,"keywords":["text analysis"," Voyant"," notebook"," programming"," Spyral"],"modified":"2024-03-13T16:01:48.178Z","created":"2020-03-21T14:56:13.055Z","language":"English","license":"Creative Commons Attribution (CC BY)","version":"0.1"},"cells":[{"cellId":"x7m1ve99aoa7hef5","type":"text","content":"<div style=\"background:#eeeeee;border:1px solid #cccccc;padding:5px 10px;\">Welcome to Spyral! Spyral is an notebook programming environment that extends Voyant. Here we are using a Spyral notebook to teach how to use Spyral&nbsp;notebooks. We will learn how to&nbsp;combine text blocks (like this one) and code blocks (like the next one.) </div><p>In this notebook we will:<br></p><ol><li>Discuss the <a data-tabindex-counter=\"19\" data-tabindex-value=\"none\" data-cke-saved-href=\"#Anchor1\" href=\"#Anchor1\" id=\"ext-element-18\" tabindex=\"-1\" target=\"_self\">Spyral notebook environment</a><a data-tabindex-counter=\"12\" data-tabindex-value=\"none\" data-cke-saved-href=\"#Anchor1\" href=\"#Anchor1\" tabindex=\"-1\" target=\"_self\">.</a></li><li>Show you how to<a data-tabindex-counter=\"16\" data-tabindex-value=\"none\" data-cke-saved-href=\"#Editing\" href=\"#Editing\" tabindex=\"-1\" target=\"_self\"> edit, save and load a notebook.</a></li><li>Show you how to create a notebook from Voyant with the <a data-tabindex-counter=\"19\" data-tabindex-value=\"none\" data-cke-saved-href=\"#Voyant\" href=\"#Voyant\" tabindex=\"-1\" target=\"_self\">interactive panels you want and how to embed Voyant panels directly</a>.</li><li>Discuss what you need to <a data-tabindex-counter=\"11\" data-tabindex-value=\"none\" data-cke-saved-href=\"#Growing\" href=\"#Growing\" tabindex=\"-1\" target=\"_self\">grow your notebook and expand it</a>.</li><li>Find <a data-tabindex-counter=\"11\" data-tabindex-value=\"none\" data-cke-saved-href=\"#Next\" href=\"#Next\" tabindex=\"-1\" target=\"_self\">resources </a>to further utilize Spyral notebooks.&nbsp;</li></ol><p><strong>What this notebook doesn't do:&nbsp;</strong>This notebook will teach you about managing notebooks, but not about how to program the code blocks. The code blocks use JavaScript. For more specific resources on using JavaScript in Spyral, the <a data-tabindex-counter=\"17\" data-tabindex-value=\"none\" data-cke-saved-href=\"https://voyant-tools.org/spyral/startALTA\" href=\"https://voyant-tools.org/spyral/startALTA\" tabindex=\"-1\" target=\"_blank\">Art of Literary Text Analysis with Spyral </a>provides detailed coding examples and explains basic JavaScript usage for Spyral.</p><p>This cell is a <strong>Text Cell</strong> where you can write formatted text. The next cell is a <strong>Code Cell.</strong></p>"},{"cellId":"buh56l701xenva7x","type":"code","content":{"input":"// Here is a simple code cell that loads a corpus and then returns a Cirrus panel with a word cloud.\nloadCorpus(\"frank\").tool(\"cirrus\");","output":"<body class=\"\">\n\n\n\n\n\n\n\n\n\n\n\n\n\n\n\n\n\n<div style=\"height: 380px\" id=\"ext-element-18\">\n<div style=\"height: 367px\"><iframe style=\"width: 350px; height: 350px\" float=\"right\" src=\"https://voyant-tools.org/tool/cirrus/?corpus=frank&amp;forTool=cirrus\" data-tabindex-value=\"none\" tabindex=\"-1\" data-tabindex-counter=\"14\"></iframe></div>\n</div>\n\n\n\n\n\n\n\n\n\n\n\n\n\n\n\n\n\n</body>","mode":"javascript","expandResults":true}},{"cellId":"wa6yrm95jfiwvcj5","type":"text","content":"<h2><a id=\"Anchor1\" name=\"Anchor1\" data-cke-saved-name=\"Anchor1\"><font color=\"#157fcc\">1. Spyral Notebook Environment</font></a></h2><p>Spyral is an extension of Voyant (<a data-cke-saved-href=\"http://voyant-tools.org\" target=\"_blank\" href=\"http://voyant-tools.org\" data-tabindex-value=\"none\" tabindex=\"-1\" data-tabindex-counter=\"19\">voyant-tools.org</a>), an interactive text analysis environment. In Spyral you can create notebooks that&nbsp;combine text blocks (like this one)&nbsp;with JavaScript code that can draw on Voyant. You can see examples of both types of blocks above, including the title block.&nbsp;</p><ul><li>At the very top there is a special one-off block with the title to this notebook, \"Dialogica: Welcome to Spyral.\" Every notebook has to have a title. If you click on it you can see the&nbsp;<strong>metadata&nbsp;</strong>for this notebook, including the title.</li><li>Then there is a&nbsp;<strong>text block</strong>&nbsp;that starts with \"Welcome to Spyral!...\" If you click on it an editing bar will pop up and you can edit the block like a block of text in any online editor. You can also use HTML to edit the text block by clicking on the HTML icon (a piece of paper with &lt;&gt;).&nbsp;</li><li>The next cell is a&nbsp;<strong>code block</strong>&nbsp;with a line of JavaScript code starting with&nbsp;<code>loadCorpus(\"frank\")... </code>This line of code loads the&nbsp;<em>Frankenstein&nbsp;</em>corpus and opens the Cirrus panel with the default settings.</li><li>If the code block is run, as it is when you open the notebook, it opens a live <strong>Cirrus panel</strong> below the block. You can use this panel just as you would in Voyant by clicking on the visualization.</li></ul><h3>Notebook Programming</h3><p>Notebooks like this are an implementation of Donald Knuth's ideas about \"Literate Programming\" (1984) where the focus is less on programming and more on writing out your ideas. Instead of only adding comments to code to explain what you were thinking, in a notebook you weave code into a literate discussion of how you thought through the issue. While the idea of literate programming has been around for a while, it is only recently with the rise in importance of data anlysis that notebooks have gained prominence as a type of environment. Some important other notebook environments include:</p><ul><li><a data-cke-saved-href=\"https://www.wolfram.com/mathematica/\" target=\"_blank\" href=\"https://www.wolfram.com/mathematica/\" data-tabindex-value=\"none\" tabindex=\"-1\" data-tabindex-counter=\"19\">Wolfram Mathematica</a> is a beautiful and expensive&nbsp;notebook programming environment that has been around for a while. William J Turkel has written a great textbook for teaching humanists <a data-cke-saved-href=\"https://williamjturkel.net/digital-research-methods-with-mathematica/\" target=\"_blank\" href=\"https://williamjturkel.net/digital-research-methods-with-mathematica/\" data-tabindex-value=\"none\" tabindex=\"-1\" data-tabindex-counter=\"19\">Digital Research Methods with Mathematica</a>. If your university has licensed Mathematica, you should check it out.</li><li>The <a data-cke-saved-href=\"https://jupyter.org/\" target=\"_blank\" href=\"https://jupyter.org/\" data-tabindex-value=\"none\" tabindex=\"-1\" data-tabindex-counter=\"19\">Jupyter Project</a> has produced a nice language-agnostic notebook environment that works in the browser. Many use Jupyter with IPython as their kernel in order to write Python notebooks for data analysis. <a data-cke-saved-href=\"https://www.anaconda.com/\" target=\"_blank\" href=\"https://www.anaconda.com/\" data-tabindex-value=\"none\" tabindex=\"-1\" data-tabindex-counter=\"19\">Anaconda</a> offers an environment you can install locally that will run different data analysis tools including Jupyter for Python notebooks. The kernel runs locally and you edit in your browser, saving notebooks on your machine.</li><li>Google now offers an online <a data-cke-saved-href=\"https://colab.research.google.com/\" target=\"_blank\" href=\"https://colab.research.google.com/\" data-tabindex-value=\"none\" tabindex=\"-1\" data-tabindex-counter=\"19\">Colab (Colaboratory)</a> which runs IPython notebooks in the cloud so you don't have to install anything. The notebooks can be saved in your Google Drive and shared like other Google documents. This makes it great for teaching.</li></ul><h3>How Spyral Compares to Other Notebook Environments</h3><p>For those who have experience with other notebook environments here are some of the similarities and differences of Spyral:</p><ul><li><strong>JavaScript.&nbsp;</strong>The programming language of Spyral is <a data-cke-saved-href=\"https://en.wikipedia.org/wiki/JavaScript\" target=\"_blank\" href=\"https://en.wikipedia.org/wiki/JavaScript\" data-tabindex-value=\"none\" tabindex=\"-1\" data-tabindex-counter=\"19\">JavaScript</a>, not Python (and not Java either). We chose JavaScript because it is at the heart of Voyant and because it is a useful language for humanists to learn.</li><li><strong>Extending Voyant.&nbsp;</strong>Spyral is an extension of <a data-cke-saved-href=\"http://voyant-tools.org\" target=\"_blank\" href=\"http://voyant-tools.org\" data-tabindex-value=\"none\" tabindex=\"-1\" data-tabindex-counter=\"19\">Voyant</a> and as such is optimized for text analysis. As you can see above, with one line of code you can load a corpus and open an interactive word cloud panel. Thus you get all the power of Voyant in Spyral and the ability to take it further.</li><li><strong>Start in the Cloud.&nbsp;</strong>Spyral notebooks are on the Voyant server (thank you <a data-cke-saved-href=\"https://alliancecan.ca/en\" target=\"_blank\" href=\"https://alliancecan.ca/en\" data-tabindex-value=\"none\" tabindex=\"-1\" data-tabindex-counter=\"19\">Compute Canada</a>.) When you edit and&nbsp;save a notebook you use the browser and the notebook sits on our server. This makes it easy for humanists to get&nbsp;started. You don't need to install anything - just launch a notebook from Voyant. There are, of course, alternatives if you want to keep your notebooks elsewhere; you can save them to Github or run Voyant (and with it the Spyral extension) locally. For that matter we have various ways to export your notebooks. More on that later.&nbsp;</li></ul>"},{"cellId":"ufcp7uhfsty2ycpb","type":"text","content":"<h2><a id=\"Editing\" name=\"Editing\" data-cke-saved-name=\"Editing\">2. Editing and Saving&nbsp;Spyral Notebooks</a></h2><p>Now we are going to learn to edit and save&nbsp;a Spyral notebook. We will start with editing code blocks and then move on&nbsp;to creating&nbsp;and saving&nbsp;notebooks. First, let's edit the code in the code block so you understand how to call (bring up) a&nbsp;corpus in Voyant.</p><p><strong>Exercises</strong></p><p>1. What happens if you replace the word \"frank\" with \"austen\"? Bonus: how would you call up your own Voyant corpus? Hint: look at the URL for your Voyant corpus to find the corpus ID. You'll need to put the ID in&nbsp;quotes to input it into the code.&nbsp;</p><p>2. What happens if you replace \"cirrus\" with a different Voyant tool? For example, what if you wanted to use the \"trends\" term?&nbsp;</p><p>3. Now that you know how to call up a corpus, let's create a new notebook so that you can start fresh with your own notebook. To create a new notebook, use the plus sign icon at the top-right of the screen. This will open a new Spyral notebook in a separate tab of your web browser. Do the following:&nbsp;</p><ul><li>Change the title of your notebook to reflect your corpus. Don't overthink this! You can always change it later.</li><li>Click on the first text block to edit it. Delete the default text and write a one-sentence description of your corpus as well as one question you would like to explore with your corpus. For example: This corpus contains eight novels written by Jane Austen between the years 1790 and 1818. (Hint: you can find a summary of your corpus by calling the \"summary\" tool). Question: does Austen's use of gendered pronouns change over time?&nbsp;</li></ul><p>4. Now edit the code block to call up your corpus and a Voyant tool that might be useful for answering your question. We assume you have already created a corpus in Voyant with a unique ID. You can copy and paste the code from below and replace the corpus name with your unique corpus ID (found in the URL of your Voyant corpus).&nbsp;</p><p>5. Of course you will want to save your notebook. To do so, click on the cloud icon in the top-right corner of the screen. When you hit the save button, you will be prompted to enter some information about your notebook. You have the option to give your notebook an ID. This will change the URL of the notebook. For example, if you enter the ID \"SpanishShorts\" the new URL for your notebook will be voyant-tools.org/spyral/SpanishShorts. It's good practice to give your notebook an ID to make it easy to identify, but if you do not give the notebook an ID, a random ID will be created for you. You will also be given an access code for saving your notebook. This access code is a password you will need to save your notebook. You can change this to something easy for you to remember. Finally, there is an option to enter your email address. Currently, this feature is not fully enabled, but eventually there will be an email retrieval system should you lose your notebook password.&nbsp;</p><ul><li>Save your notebook using the \"Save\" option. Then make some edits to your notebook and hit the save button again. What happens when you hit the \"Save As\" button? Do you understand the difference between these two options?&nbsp;</li><li>Which pieces of information do you need to bring up your notebook again once you have closed your notebook? Make sure you keep note of the URL and the access code.&nbsp;</li></ul>"},{"cellId":"jn9kt7vqnvbqcouc","type":"code","content":{"input":"// Click here to edit\nloadCorpus(\"frank\").tool(\"cirrus\");","output":"<body class=\"\">\n\n\n\n\n\n\n\n\n\n\n\n\n \n\n\n\n\n\n\n\n\n\n\n\n\n</body>","mode":"javascript","expandResults":true}},{"cellId":"wdw6sja5","type":"text","content":"<h2><a id=\"Voyant\" name=\"Voyant\" data-cke-saved-name=\"Voyant\"><img class=\"cke_anchor\" data-cke-realelement=\"%3Ca%20id%3D%22section3%22%20name%3D%22section3%22%20data-cke-saved-name%3D%22section3%22%3E%3C%2Fa%3E\" data-cke-real-node-type=\"1\" alt=\"Anchor\" title=\"Anchor\" data-cke-saved-src=\"data:image/gif;base64,R0lGODlhAQABAPABAP///wAAACH5BAEKAAAALAAAAAABAAEAAAICRAEAOw==\" src=\"data:image/gif;base64,R0lGODlhAQABAPABAP///wAAACH5BAEKAAAALAAAAAABAAEAAAICRAEAOw==\" data-cke-real-element-type=\"anchor\" align=\"\">3. Voyant and Spyral Notebooks</a></h2><p>Here we will learn about how to create Spyral notebooks from Voyant and how to embed panels into your notebook. Think of this as the inverse process of inputting your corpus ID.</p><p>You can export a Voyant panel directly into a Spyral notebook by using the export tool located in the top-right screen of each Voyant tool window. Click on the export button and then on the drop-down carrot to expand the options under \"Export Tools (Terms and Data)\". You will see an option for \"a new Spyral notebook from this tool and data\". This will load a Spyral notebook with the JavaScript code to call up your corpus and display the selected tool, essentially replicating what we have already done.</p><p><strong>Exercise</strong>&nbsp;</p><ul><li>Why might you want to create a notebook this way? One potential upside of exporting a tool to Spyral is to learn how to manipulate the JavaScript code to tell Voyant what you want to get from your data. Choose a tool in Voyant to manipulate. For exampe, you might choose the trends tool to explore your question about gendered pronouns and type \"he\" and \"she\" into the search box. This will give you a graph showing the usage of these terms across the texts. Now export that tool to a new Spyral notebook and see how the JavaScript represents this query (or see below).&nbsp;</li></ul><p>- How to create a spyral notebook from Voyant to get the code</p><p>- How to copy the code into&nbsp;</p><p>- What to pay attention to - the corpus id.</p><p>- Writing your own code - how to add a panel</p><p>- How to change size of a panel and some parameters</p>"},{"cellId":"sgekdjrw","type":"code","content":{"input":"loadCorpus(\"austen\").tool(\"Trends\",{\"query\":[\"she*\",\"he*\"]});","output":"<body class=\"\">\n\n\n\n\n\n\n\n\n\n\n\n\n\n\n\n\n\n\n\n\n\n\n\n\n\n</body>","mode":"javascript","expandResults":true}},{"cellId":"2f2qyu3e","type":"text","content":"<h2><a id=\"Growing\" name=\"Growing\" data-cke-saved-name=\"Growing\">4. Growing Your Notebook</a></h2><p>How do you add cells to your notebook? You can use the plus sign on the left of each block to add another block. Blocks alternate between text and code, but you can use the shift key to add the same type of block.&nbsp;</p><p><strong>Exercises</strong></p><ul><li>Add a new text block to your Spyral Notebook.&nbsp;</li><li>Delete a text or code block from your Spyral Notebook.&nbsp;</li><li>Re-order one of your cell blocks by using the arrows on the right side of the cell.&nbsp;</li></ul>"},{"cellId":"m8y2y70q","type":"text","content":"<h2><a id=\"Next\" name=\"Next\" data-cke-saved-name=\"Next\">5.&nbsp;What to learn next</a></h2><p>Now that you know how to create, save, and work with Spyral notebooks, there are further steps you can take to familiarize yourself with using Spyral for literary text analysis:&nbsp;</p><p>- <a data-cke-saved-href=\"https://voyant-tools.org/spyral/learnspyral@gh/Tutorials/\" target=\"_blank\" href=\"https://voyant-tools.org/spyral/learnspyral@gh/Tutorials/\" data-tabindex-value=\"none\" tabindex=\"-1\" data-tabindex-counter=\"1\">Spyral Tutorials</a> is a collection of tutorial= and recipe&nbsp;notebooks that walk you through different text analysis methods.&nbsp;</p><p>- By learning JavaScript, you will greatly increase your ability to utilize Spyral notebooks. Some suggested resources:&nbsp;</p><ul><li><a data-cke-saved-href=\"https://eloquentjavascript.net/\" target=\"_blank\" href=\"https://eloquentjavascript.net/\" data-tabindex-value=\"none\" tabindex=\"-1\" data-tabindex-counter=\"16\">Elegant JavaScript</a>, a freely available textbook&nbsp;</li><li><a data-cke-saved-href=\"https://www.w3schools.com/js/DEFAULT.asp\" target=\"_blank\" href=\"https://www.w3schools.com/js/DEFAULT.asp\" data-tabindex-value=\"none\" tabindex=\"-1\" data-tabindex-counter=\"16\">w3 schools JavaScript</a> tutorial&nbsp;</li></ul><p>- Other example notebooks</p>"},{"cellId":"qzifulbumq87ccdt","type":"text","content":"<h2>Links and References</h2><p>Knuth, D. E. (1984). \"Literate Programming.\" <em>The Computer Journal.&nbsp;</em>27:2.&nbsp;97-111.<br></p>"}]}