{"metadata":{"title":"Editing a Spyral Notebook","userId":"learnspyral@gh","author":"Geoffrey Rockwell","description":"This is part of a series of Tutorials on how to use Spyral.​ It shows how you can edit text and code cells.","catalogue":true,"keywords":["Tutorials","Editing"],"modified":"2024-03-03T13:36:55.876Z","created":"2022-07-01T20:49:20.520Z","language":"English","license":"Creative Commons Attribution (CC BY)","version":"0.1"},"cells":[{"cellId":"ilhjpex2","type":"text","content":"<p>This Spyral Notebook is designed to show you how to edit a notebook including how to create, edit, and move cells.</p><ol><li><a data-cke-saved-href=\"#1-About\" href=\"#1-About\" data-tabindex-value=\"none\" tabindex=\"-1\" data-tabindex-counter=\"2\">About Cells in Notebooks</a></li><li><a data-cke-saved-href=\"#2-Editing\" href=\"#2-Editing\" data-tabindex-value=\"none\" tabindex=\"-1\" data-tabindex-counter=\"2\">Editing the Metadata</a> (which is not a cell)</li><li><a data-cke-saved-href=\"#3-Creating\" href=\"#3-Creating\" data-tabindex-value=\"none\" tabindex=\"-1\" data-tabindex-counter=\"2\">Creating, Deleting&nbsp;and Moving Cells</a></li><li><a data-cke-saved-href=\"#4-Editing\" href=\"#4-Editing\" data-tabindex-value=\"none\" tabindex=\"-1\" data-tabindex-counter=\"2\">Editing Text Cells</a></li><li><a data-cke-saved-href=\"#5-Editing\" href=\"#5-Editing\" data-tabindex-value=\"none\" tabindex=\"-1\" data-tabindex-counter=\"2\">Editing a Code Cells</a></li><li><a data-cke-saved-href=\"#6-Things\" href=\"#6-Things\" data-tabindex-value=\"none\" tabindex=\"-1\" data-tabindex-counter=\"2\">Things to Remember</a></li></ol>"},{"cellId":"klv87tvn","type":"text","content":"<h2><a id=\"1-About\" name=\"1-About\" data-cke-saved-name=\"1-About\">1. About</a> Cells in Notebooks</h2><p>Spyral notebooks are a sequence of <strong>T</strong><strong>ext cells</strong> and <strong>Code cells</strong>. Text cells like this one can hold richly formatted text. Code cells hold JavaScript code that can be executed to get Voyant panels or other results. To edit a notebook you need to learn how to:</p><ul><li>Edit the <strong>metadata</strong> for the notebook,</li><li>How to create <strong>cells</strong>, how to delete them, how to rearrange them, and how run code cells,</li><li>How to <strong>edit text</strong> in text cells, and</li><li>How to <strong>edit code</strong> in code cells</li></ul>"},{"cellId":"twffqpfy","type":"text","content":"<h2><a id=\"2-Editing\" name=\"2-Editing\" data-cke-saved-name=\"2-Editing\">2. Editing</a> Metadata</h2><p>The metadata of a notebook is what appears at the very top and bottom. Metadata is information about the notebook like the title, who created it, and keywords. Metadata is also used in the Catalogue&nbsp;to help others find notebooks using tags or authors.</p><p>To edit the metadata click the&nbsp;<img alt=\"Screenshot of Icon\" data-cke-saved-src=\"https://github.com/learnspyral/assets/blob/main/metaDataIcon.jpg?raw=true\" src=\"https://github.com/learnspyral/assets/blob/main/metaDataIcon.jpg?raw=true\" style=\"width: 23px; height: 20px;\">&nbsp;<strong>View and&nbsp;Edit Metadata</strong>&nbsp;button in the upper right. It looks like a set of labels. Hover over the buttons to find the right button. Alternatively you can click the Title at the top. That will also open the panel.</p><p style=\"text-align: center;\"><img alt=\"Screenshot of Edit Metadata dialog box.\" data-cke-saved-src=\"https://github.com/learnspyral/assets/blob/main/metaData.jpg?raw=true\" src=\"https://github.com/learnspyral/assets/blob/main/metaData.jpg?raw=true\" style=\"width: 400px; height: 217px;\"><br></p><p style=\"text-align: center;\">Screen Shot of Edit Metadata&nbsp;<br></p>"},{"cellId":"on1o99o2","type":"text","content":"<p>Some of the information you can enter in the Edit Metadata panel includes:</p><ul><li><strong>Title:&nbsp;</strong>This will be the title at the top of your notebook and will be used in the Catalogue. By default there will be a title \"Spyral Notebook\" which you should replace with something more meaningful.</li><li><strong>Author(s):&nbsp;</strong>This is where you can list the authors.&nbsp;</li><li><strong>Keywords:&nbsp;</strong>This is where you enter one or more tags or keywords. These are then used in the Catalogue for finding notebooks. Tags can be more than one word. Type your word or words and then press Return and a tag gets created. You can delete tags by clicking on the X next them.</li><li>The&nbsp;<strong>Include the notebook&nbsp;in&nbsp;the public Catalogue&nbsp;</strong>checkbox lets you decide whether others can find the notebook. Include it if it is finished and useful to others.</li><li><strong>Description:&nbsp;</strong>In this field you should type a short description of the notebook so others can understand its use. You can include links if the notebook is part of a series.</li><li><strong>License:</strong>&nbsp;This lets you select the type of license you want for your notebook. We provide a set of common licenses.</li><li><strong>Language:&nbsp;</strong>This lets you select the language the notebook is written in.</li></ul><p>After editing the metadata press&nbsp;<strong>Save Metadata</strong>.</p><p></p>"},{"cellId":"qxh3poxy","type":"text","content":"<h2><a id=\"3-Creating\" name=\"3-Creating\" data-cke-saved-name=\"3-Creating\">3. Creating</a>, Deleting and Moving&nbsp;Cells</h2><p>There are two types of cells, <strong>T</strong><b>ext cells&nbsp;</b>and&nbsp;<strong>Code cells</strong>. These are created by using the&nbsp;<img alt=\"Screenshot of Plus button.\" data-cke-saved-src=\"https://raw.githubusercontent.com/learnspyral/assets/main/AddNewCell.jpg\" src=\"https://raw.githubusercontent.com/learnspyral/assets/main/AddNewCell.jpg\" style=\"width: 16px; height: 15px;\"> <strong>Add New Cell&nbsp;</strong>plus button to the left of any cell. </p><h3>Creating a New Cell</h3><p style=\"text-align: center;\"><img alt=\"Screenshot of Add Cell button.\" data-cke-saved-src=\"https://github.com/learnspyral/assets/blob/main/AddTextOrCode.jpg?raw=true\" src=\"https://github.com/learnspyral/assets/blob/main/AddTextOrCode.jpg?raw=true\" style=\"width: 128px; height: 80px;\"><br></p><p>To create a new cell click the&nbsp;<strong>Add New Cell</strong> button to the left of the cell&nbsp;after which you want the new cell. If you click the Add New Cell button right next to this cell this will give you the choice of&nbsp;<strong>Add Text&nbsp;</strong>or&nbsp;<strong>Add Code</strong>. Pick one and you will get a new cell right after this cell. It will be inserted between the cell with the button clicked and the cell that follows.&nbsp;</p><h3>Deleting a Cell</h3><p>To delete a cell click the&nbsp;<img alt=\"Screenshot of Trash icon.\" data-cke-saved-src=\"https://github.com/learnspyral/assets/blob/main/Trash.jpg?raw=true\" src=\"https://github.com/learnspyral/assets/blob/main/Trash.jpg?raw=true\" style=\"width: 29px; height: 30px;\">&nbsp;<strong>Remove&nbsp;</strong>button (with a trash can button) to the right of the cell you want to delete. You will get a dialogue box to confirm as you&nbsp;cannot undo this!</p><h3>Moving a Cell</h3><p>You can rearrange cells by moving them up or down in the sequence that makes up a notebook. Click the&nbsp;<strong>Move&nbsp;</strong>button (with three bars) and then choose the&nbsp;<strong>Move Up</strong>&nbsp;or&nbsp;<strong>Move Down</strong>&nbsp;buttons (which have arrows pointing up or down) to move the cell in the required direction. Moving up will move the cell affected above the cell that is immediately above it.&nbsp;</p><p><strong>Note</strong>: you cannot move the metadata block at the top that shows the title of the notebook and author.</p><p><b>Try It:&nbsp;</b>Try creating Text and Code Cells in this notebook. Try moving them around. Delete some. You can always&nbsp;<strong>Reload</strong>​​​​​​​ the page to get it all back.<br></p>"},{"cellId":"sq21iiq8","type":"text","content":"<h2><a id=\"4-Editing\" name=\"4-Editing\" data-cke-saved-name=\"4-Editing\">4. Editing</a> Text Cells</h2><p>When you click on a text cell a&nbsp;<strong>toolbar</strong>&nbsp;will show up hovering in place. This tool bar lets you control the formatting of the text you put in the text cell. You can also create links, anchors (for linking inside a notebook), insert images, and insert a table. Finally, you can also see the underlying HTML.</p><h3>Text Editing Toolbar</h3><p>Here you can see an image of the toolbar in the context of a notebook. If you click in a text cell you should see your insertion point blinking and the toolbar hovering above or below. The toolbar will follow you as you type or scroll up and down.</p><p style=\"text-align: center;\"><img alt=\"Screenshot of Text Editing Toolbar\" data-cke-saved-src=\"https://raw.githubusercontent.com/learnspyral/assets/main/TextToolbar.jpg\" src=\"https://raw.githubusercontent.com/learnspyral/assets/main/TextToolbar.jpg\" style=\"width: 647px; height: 40px;\"></p><p style=\"text-align: center;\">Screen Shot of the Text Editing Toolbar<br></p><ul></ul>"},{"cellId":"pobuz07t","type":"text","content":"<h3>Using the Toolbar</h3><p>The toolbar lets you access common text formatting options. Here are what the buttons do going left to right.</p><ul><li><strong>B</strong>&nbsp;is for&nbsp;<strong>Bold.</strong></li><li><strong><em>I</em>&nbsp;</strong>is for&nbsp;<em>Italics.</em></li><li><strong><u><em>Tx</em></u>&nbsp;</strong>is to remove formatting.</li><li><strong>Numbered</strong> list (tabbing will change the level down and shift-tab will promote the level)</li><li><strong>Bulleted</strong> list&nbsp;(tabbing and shift-tabbing work to change level)</li><li><strong>Decrease Indent</strong> (or Outdent) the paragraph.</li><li><strong>Increase Indent</strong>&nbsp;of the paragraph.</li><li><strong>Block Quote</strong>&nbsp;will indent the paragraph to indicate a block quote.</li><li><strong>Left Justify</strong>&nbsp;formats the paragraph to be justified on the left.</li><li><strong>Centred&nbsp;</strong>formats the paragraph to be centre justified.</li><li><strong>Right Justify</strong>&nbsp;formats the paragraph to right justified.</li><li><strong>Styles</strong>&nbsp;is a dropdown menu with useful text formatting styles like <del>Deleted Text.</del></li><li><strong>Format&nbsp;</strong>is a dropdown menu with useful paragraph styles like Headings and Normal.</li><li><strong>Link</strong>&nbsp;lets you turn selected text into a link anchor. Use this to create links to other sites. You can also use it to link to Anchors in the same notebook.</li><li><strong>Delete Link</strong>&nbsp;lets you remove the link from selected text.</li><li><b>Anchor</b>&nbsp;lets you place an anchor to which a link elsewhere in the notebook will go.</li><li><b>Image&nbsp;</b>lets you embed an image.</li><li><strong>Table&nbsp;</strong>lets you embed and edit a table.</li><li><strong>Source</strong>&nbsp;lets you see the HTML source and edit it if you need to.</li></ul><p><strong>Try It:&nbsp;</strong>Now try editing this Text Cell or any of the other ones in this notebook. You can't harm the notebook. Just Reload to get it all back.<br></p><p></p>"},{"cellId":"q4bzyed8","type":"text","content":"<h2><a id=\"5-Editing\" name=\"5-Editing\" data-cke-saved-name=\"5-Editing\">5. Editing</a> Code Cells</h2><p>Here is a Code cell with comments (preceded by //) and code. The cell can be&nbsp;<img alt=\"Screenshot of Run icon.\" data-cke-saved-src=\"https://github.com/learnspyral/assets/blob/main/Run.jpg?raw=true\" src=\"https://github.com/learnspyral/assets/blob/main/Run.jpg?raw=true\" style=\"width: 20px; height: 20px;\">​​​​​​​&nbsp;<strong>Run</strong>&nbsp;and will then generate a <strong>Error</strong>.<br></p>"},{"cellId":"fn9hxvcm","type":"code","content":{"input":"// Here is a comment in a code cell\n// When you type in a code cell Spyral will color you code according to its function\nvar myString = \"Hello World!\";\n// Note how the code is purple and variable is in blue\nloadCorpus() // This line is incomplete and will generate an Error if you run as is\n// When typing code Spyral will sometimes provide tooltips as to what you put next and the parameters.\n// Place your cursor in the parantheses of loadCorpus in the line above to the see what loadCorpus takes.\n// try \"loadCorpus(myString).summary()\" - this will properly load a corpus and then give you a summary.","output":"<body class=\"\"><div class=\"error\"><strong>Error: An attempt to expand document sources has failed. Please check your settings.</strong><pre><span style=\"cursor:pointer;text-decoration:underline;\" onclick=\"this.nextElementSibling.style.display='block';this.style.display='none';\">Details</span><span style=\"display:none;\">Error: An attempt to expand document sources has failed. Please check your settings.\njava.lang.IllegalArgumentException: An attempt to expand document sources has failed. Please check your settings.\n\tat org.voyanttools.trombone.tool.build.DocumentExpander.run(DocumentExpander.java:91)\n\tat org.voyanttools.trombone.tool.build.RealCorpusCreator.run(RealCorpusCreator.java:82)\n\tat org.voyanttools.trombone.tool.build.RealCorpusCreator.run(RealCorpusCreator.java:57)\n\tat org.voyanttools.trombone.tool.corpus.CorpusManager.run(CorpusManager.java:104)\n\tat org.voyanttools.trombone.tool.corpus.CorpusManager.getCorpus(CorpusManager.java:112)\n\tat org.voyanttools.trombone.tool.corpus.AbstractCorpusTool.run(AbstractCorpusTool.java:55)\n\tat org.voyanttools.trombone.tool.util.ToolRunner.run(ToolRunner.java:134)\n\tat org.voyanttools.trombone.Controller.run(Controller.java:110)\n\tat org.voyanttools.voyant.Trombone.runTromboneController(Trombone.java:337)\n\tat org.voyanttools.voyant.Trombone.doRequest(Trombone.java:311)\n\tat org.voyanttools.voyant.Trombone.doRequest(Trombone.java:146)\n\tat org.voyanttools.voyant.Trombone.doGet(Trombone.java:80)\n\tat javax.servlet.http.HttpServlet.service(HttpServlet.java:655)\n\tat javax.servlet.http.HttpServlet.service(HttpServlet.java:764)\n\tat org.apache.catalina.core.ApplicationFilterChain.internalDoFilter(ApplicationFilterChain.java:227)\n\tat org.apache.catalina.core.ApplicationFilterChain.doFilter(ApplicationFilterChain.java:162)\n\tat org.apache.tomcat.websocket.server.WsFilter.doFilter(WsFilter.java:53)\n\tat org.apache.catalina.core.ApplicationFilterChain.internalDoFilter(ApplicationFilterChain.java:189)\n\tat org.apache.catalina.core.ApplicationFilterChain.doFilter(ApplicationFilterChain.java:162)\n\tat org.apache.catalina.core.StandardWrapperValve.invoke(StandardWrapperValve.java:197)\n\tat org.apache.catalina.core.StandardContextValve.invoke(StandardContextValve.java:97)\n\tat org.apache.catalina.authenticator.AuthenticatorBase.invoke(AuthenticatorBase.java:540)\n\tat org.apache.catalina.core.StandardHostValve.invoke(StandardHostValve.java:135)\n\tat org.apache.catalina.valves.ErrorReportValve.invoke(ErrorReportValve.java:92)\n\tat org.apache.catalina.core.StandardEngineValve.invoke(StandardEngineValve.java:78)\n\tat org.apache.catalina.connector.CoyoteAdapter.service(CoyoteAdapter.java:357)\n\tat org.apache.coyote.http11.Http11Processor.service(Http11Processor.java:382)\n\tat org.apache.coyote.AbstractProcessorLight.process(AbstractProcessorLight.java:65)\n\tat org.apache.coyote.AbstractProtocol$ConnectionHandler.process(AbstractProtocol.java:893)\n\tat org.apache.tomcat.util.net.NioEndpoint$SocketProcessor.doRun(NioEndpoint.java:1726)\n\tat org.apache.tomcat.util.net.SocketProcessorBase.run(SocketProcessorBase.java:49)\n\tat org.apache.tomcat.util.threads.ThreadPoolExecutor.runWorker(ThreadPoolExecutor.java:1191)\n\tat org.apache.tomcat.util.threads.ThreadPoolExecutor$Worker.run(ThreadPoolExecutor.java:659)\n\tat org.apache.tomcat.util.threads.TaskThread$WrappingRunnable.run(TaskThread.java:61)\n\tat java.base/java.lang.Thread.run(Thread.java:829)\n\n    at https://voyant-tools.org/resources/spyral/build/spyral.js:10714:28</span></pre></div></body>","mode":"javascript","expandResults":false}},{"cellId":"giq3onkj","type":"text","content":"<p>Code cells, like the one immediately above,&nbsp;take JavaScript code, not formatted text, so you won't get a text formatting toolbar. Instead Spyral will colourize your code or comments. Some hints for entering code:</p><ul><li>You should consider <strong>learning JavaScript</strong>. Once place to start would be&nbsp;Eloquent JavaScript:&nbsp;<a data-cke-saved-href=\"https://eloquentjavascript.net/\" target=\"_blank\" href=\"https://eloquentjavascript.net/\" data-tabindex-value=\"none\" tabindex=\"-1\" data-tabindex-counter=\"18\">https://eloquentjavascript.net/</a></li><li>You can <strong>copy and paste code</strong> from other notebooks. Check out the Recipe notebooks we are building with example code.</li><li>To <strong>run the code</strong> press the <img alt=\"Screenshot of Run icon.\" data-cke-saved-src=\"https://github.com/learnspyral/assets/blob/main/Run.jpg?raw=true\" src=\"https://github.com/learnspyral/assets/blob/main/Run.jpg?raw=true\" style=\"width: 20px; height: 20px;\">​​​​​​​&nbsp;<strong>Run</strong>&nbsp;button that looks like play button on the left of the code cell. When you run the code above&nbsp;you will get output or Error information immediately below the cell. If the code works it will generate a result.</li><li>You can enter <strong>comments</strong> in code cells by prefixing them with \"//\". See cell above.</li><li>As you enter code it will often provide&nbsp;<strong>Tooltips</strong>&nbsp;that suggest what could come next. If there is a list of choices you can use arrows to move up and down and the tab to enter the method.</li><li>You can put <strong>different types of code or data</strong> in a code cell. Select the type by clicking the button with three lines and then selecting&nbsp;<strong>Config </strong>(Configuration Options). This is&nbsp;to the left of the code cell. For more detail on the types of code/data see the Tutorial. Your choices are:<ul><li><strong>JavaScript&nbsp;</strong>is the default</li><li><b>File</b>&nbsp;places a File Upload panel that can used to get a file from your hard drive and then assign it a variable name so you work with it.</li><li><b>JSON</b>&nbsp;allows you enter, edit or&nbsp;paste JSON (JavaScript Object Notation)</li><li><b>Text&nbsp;</b>allows you enter and edit text which can then be used by other code cells.</li><li><b>XML&nbsp;</b>allows you to enter and edit XML. It will colourize your tags and try to indent appropriately.</li><li><b>HTML&nbsp;</b>allows you to enter and edit HTML. It will colourize and indent appropriately.</li></ul></li></ul><p><strong>Try It:&nbsp;</strong>Here are some working code cells. Try to Run them. Then try editing them and reruning. <br></p><p><strong>Note:&nbsp;</strong>You can't harm this notebook. Just Reload to get it back.</p>"},{"cellId":"r0060lc4","type":"code","content":{"input":"show(\"Hello World!\");\n// Try changing the text.","output":"<body class=\"\"><div class=\"info\">Hello World!</div></body>","mode":"javascript","expandResults":true}},{"cellId":"hqt64tva","type":"code","content":{"input":"loadCorpus(\"frank\").tool(\"Trends\",{ // Loads Frankenstein and shows the Trends tool\n  \"query\":[\"father\",\"mother\",\"monster\",\"eyes\"] // Graphs a set of words\n});\n// Try changing the words to be graphed.","output":"<body class=\"\"><iframe style=\"width: 350px; height: 350px;\" src=\"https://voyant-tools.org/tool/Trends/?corpus=30cb1499e84c7b83954e20ce2b35f938&amp;forTool=Trends&amp;query=father%2Cmother%2Cmonster%2Ceyes\"></iframe></body>","mode":"javascript","expandResults":true}},{"cellId":"b2lo8c94","type":"text","content":"<h3>Code Cell Keyboard Shortcuts</h3><p>There are a number of keyboard shortcuts that you can use when working a Code Cell:</p><ul><li><strong>Run</strong> current code cell: <strong>Shift + Enter</strong></li><li>Run all <strong>code cells up to and including</strong> the current one: <strong>Ctrl + Shift + Enter</strong></li><li><strong>Code suggest</strong>/complete: <strong>Ctrl + Space</strong></li><li><strong>Documentation</strong> popup: <strong>Ctrl + D</strong></li><li><strong>Comment/uncomment</strong> current line(s): <strong>Ctrl + /</strong></li></ul><p></p>"},{"cellId":"fzlvrx6e","type":"text","content":"<h2><a id=\"6-Things\" name=\"6-Things\" data-cke-saved-name=\"6-Things\">6. Things</a> To Remember</h2><p>Some things to remember when writing a notebook.</p><ul><li>Remember to <strong>save</strong> your notebook periodically. If you don't have a GitHub account you can always <strong>Export the HTML</strong> which can then be imported to run things again.</li><li>You can undo typing.</li><li>It is always a good idea to have text cells that explain what you are trying to do in the notebook.</li><li>It is better to have more text cells with discrete sections than all the text in a single of text cells. Then you can rearrange your text.</li><li>One way to write a notebook is to write out what you want it to do and then add the code cells in between, run them, and debug them.</li></ul>"}]}