{"metadata":{"title":"Visualizing categories using Pie Charts and Highcharts","userId":"learnspyral@gh","author":"Ryan Chartier","description":"","catalogue":true,"keywords":["tutorial","visualization"],"modified":"2025-02-12T15:56:01.922Z","created":"2024-08-13T13:44:48.589Z","language":"English","license":"","version":"0.1"},"cells":[{"cellId":"c4whdc2q","type":"text","content":"<h2>Introduction</h2><p>This notebook provides some brief examples on how to extract data from Voyant and visualize them using third party visualization libraries.</p><p>In this notebook we will show you how to:</p><ol><li>Load data and categories from Voyant.</li><li>Count how many instances of each category are in our dataset.</li><li>Set Up Highchart data</li><li>Transitioning to a third party visualization library.</li><li><strong>Visualize the same data using Highcharts.</strong><br type=\"_moz\"></li></ol>"},{"cellId":"jrezsj5r","type":"text","content":"<h2>Load data and categories from Voyant.</h2><p>As we have done several times before, we will load both the data and the categories from voyant.</p><p>In order to load everything inside a single function. We will be using an async function that will allow us to deal with all of the promises in one go.</p><p><br></p>"},{"cellId":"dxigar8k","type":"code","content":{"input":"// Loading a corpus and a category set happens asyncrounously. The \"assign\" function will assign them to variables once they finish.\n\n// Note: The \"assign\" method has been added to all promise objects. It waits for the promise to resolve, then assigns it to a variable.\nloadCorpus(\"austen\").assign(\"corpus\");\n","output":"<div class=\"spyral-dv-container\"><span style=\"margin-left: 0px;\" class=\"spyral-dv-content\"><span class=\"spyral-dv-left spyral-dv-folder\">corpus: <span class=\"spyral-dv-type\">Object</span><span class=\"spyral-dv-length\">{1}</span> <span class=\"spyral-dv-folder-icon spyral-dv-expanded\"><svg width=\"8\" height=\"8\" class=\"open\"><path d=\"M4 7L0 1h8z\" fill=\"#000\"></path></svg><svg width=\"8\" height=\"8\" class=\"closed\"><path d=\"M7 4L1 8V0z\" fill=\"#000\"></path></svg></span></span><span class=\"spyral-dv-Object spyral-dv-right spyral-dv-expanded\"><span style=\"margin-left: 0px;\" class=\"spyral-dv-content\"><span class=\"spyral-dv-left\">corpusid:&nbsp;</span><span class=\"spyral-dv-String spyral-dv-right\">\"austen\"</span></span></span></span></div>","mode":"javascript","expandResults":true}},{"cellId":"ey6z8m0j","type":"code","content":{"input":"var name_of_category = \"categories.h_pronoun\"\nSpyral.Categories.load(name_of_category).assign(\"categories\");","output":"<div class=\"spyral-dv-container\"><span style=\"margin-left: 0px;\" class=\"spyral-dv-content\"><span class=\"spyral-dv-left spyral-dv-folder\">categories: <span class=\"spyral-dv-type\">Object</span><span class=\"spyral-dv-length\">{4}</span> <span class=\"spyral-dv-folder-icon spyral-dv-expanded\"><svg width=\"8\" height=\"8\" class=\"open\"><path d=\"M4 7L0 1h8z\" fill=\"#000\"></path></svg><svg width=\"8\" height=\"8\" class=\"closed\"><path d=\"M7 4L1 8V0z\" fill=\"#000\"></path></svg></span></span><span class=\"spyral-dv-Object spyral-dv-right spyral-dv-expanded\"><span style=\"margin-left: 0px;\" class=\"spyral-dv-content\"><span class=\"spyral-dv-left spyral-dv-folder\">categories: <span class=\"spyral-dv-type\">Object</span><span class=\"spyral-dv-length\">{4}</span> <span class=\"spyral-dv-folder-icon spyral-dv-expanded\"><svg width=\"8\" height=\"8\" class=\"open\"><path d=\"M4 7L0 1h8z\" fill=\"#000\"></path></svg><svg width=\"8\" height=\"8\" class=\"closed\"><path d=\"M7 4L1 8V0z\" fill=\"#000\"></path></svg></span></span><span class=\"spyral-dv-Object spyral-dv-right spyral-dv-expanded\"><span style=\"margin-left: 0px;\" class=\"spyral-dv-content\"><span class=\"spyral-dv-left spyral-dv-folder\">Name: <span class=\"spyral-dv-type\">Array</span><span class=\"spyral-dv-length\">[83]</span> <span class=\"spyral-dv-folder-icon spyral-dv-expanded\"><svg width=\"8\" height=\"8\" class=\"open\"><path d=\"M4 7L0 1h8z\" fill=\"#000\"></path></svg><svg width=\"8\" height=\"8\" class=\"closed\"><path d=\"M7 4L1 8V0z\" fill=\"#000\"></path></svg></span></span><span class=\"spyral-dv-Array spyral-dv-right spyral-dv-expanded\"><span style=\"margin-left: 0px;\" class=\"spyral-dv-content\"><span class=\"spyral-dv-left\">0:&nbsp;</span><span class=\"spyral-dv-String spyral-dv-right\">\"africa\"</span></span><span style=\"margin-left: 0px;\" class=\"spyral-dv-content\"><span class=\"spyral-dv-left\">1:&nbsp;</span><span class=\"spyral-dv-String spyral-dv-right\">\"african\"</span></span><span style=\"margin-left: 0px;\" class=\"spyral-dv-content\"><span class=\"spyral-dv-left\">2:&nbsp;</span><span class=\"spyral-dv-String spyral-dv-right\">\"alaska\"</span></span><span style=\"margin-left: 0px;\" class=\"spyral-dv-content\"><span class=\"spyral-dv-left\">3:&nbsp;</span><span class=\"spyral-dv-String spyral-dv-right\">\"america\"</span></span><span style=\"margin-left: 0px;\" class=\"spyral-dv-content\"><span class=\"spyral-dv-left\">4:&nbsp;</span><span class=\"spyral-dv-String spyral-dv-right\">\"american\"</span></span><span style=\"margin-left: 0px;\" class=\"spyral-dv-content\"><span class=\"spyral-dv-left\">5:&nbsp;</span><span class=\"spyral-dv-String spyral-dv-right\">\"asia\"</span></span><span style=\"margin-left: 0px;\" class=\"spyral-dv-content\"><span class=\"spyral-dv-left\">6:&nbsp;</span><span class=\"spyral-dv-String spyral-dv-right\">\"atlantic\"</span></span><span style=\"margin-left: 0px;\" class=\"spyral-dv-content\"><span class=\"spyral-dv-left\">7:&nbsp;</span><span class=\"spyral-dv-String spyral-dv-right\">\"berlin\"</span></span><span style=\"margin-left: 0px;\" class=\"spyral-dv-content\"><span class=\"spyral-dv-left\">8:&nbsp;</span><span class=\"spyral-dv-String spyral-dv-right\">\"boston\"</span></span><span style=\"margin-left: 0px;\" class=\"spyral-dv-content\"><span class=\"spyral-dv-left\">9:&nbsp;</span><span class=\"spyral-dv-String spyral-dv-right\">\"britain\"</span></span><span class=\"spyral-dv-content\">...</span></span></span><span style=\"margin-left: 0px;\" class=\"spyral-dv-content\"><span class=\"spyral-dv-left spyral-dv-folder\">Self: <span class=\"spyral-dv-type\">Array</span><span class=\"spyral-dv-length\">[7]</span> <span class=\"spyral-dv-folder-icon spyral-dv-expanded\"><svg width=\"8\" height=\"8\" class=\"open\"><path d=\"M4 7L0 1h8z\" fill=\"#000\"></path></svg><svg width=\"8\" height=\"8\" class=\"closed\"><path d=\"M7 4L1 8V0z\" fill=\"#000\"></path></svg></span></span><span class=\"spyral-dv-Array spyral-dv-right spyral-dv-expanded\"><span style=\"margin-left: 0px;\" class=\"spyral-dv-content\"><span class=\"spyral-dv-left\">0:&nbsp;</span><span class=\"spyral-dv-String spyral-dv-right\">\"i\"</span></span><span style=\"margin-left: 0px;\" class=\"spyral-dv-content\"><span class=\"spyral-dv-left\">1:&nbsp;</span><span class=\"spyral-dv-String spyral-dv-right\">\"i'm\"</span></span><span style=\"margin-left: 0px;\" class=\"spyral-dv-content\"><span class=\"spyral-dv-left\">2:&nbsp;</span><span class=\"spyral-dv-String spyral-dv-right\">\"me\"</span></span><span style=\"margin-left: 0px;\" class=\"spyral-dv-content\"><span class=\"spyral-dv-left\">3:&nbsp;</span><span class=\"spyral-dv-String spyral-dv-right\">\"mine\"</span></span><span style=\"margin-left: 0px;\" class=\"spyral-dv-content\"><span class=\"spyral-dv-left\">4:&nbsp;</span><span class=\"spyral-dv-String spyral-dv-right\">\"my\"</span></span><span style=\"margin-left: 0px;\" class=\"spyral-dv-content\"><span class=\"spyral-dv-left\">5:&nbsp;</span><span class=\"spyral-dv-String spyral-dv-right\">\"myself&gt;\"</span></span><span style=\"margin-left: 0px;\" class=\"spyral-dv-content\"><span class=\"spyral-dv-left\">6:&nbsp;</span><span class=\"spyral-dv-String spyral-dv-right\">\"oneself\"</span></span></span></span><span style=\"margin-left: 0px;\" class=\"spyral-dv-content\"><span class=\"spyral-dv-left spyral-dv-folder\">Our: <span class=\"spyral-dv-type\">Array</span><span class=\"spyral-dv-length\">[6]</span> <span class=\"spyral-dv-folder-icon spyral-dv-expanded\"><svg width=\"8\" height=\"8\" class=\"open\"><path d=\"M4 7L0 1h8z\" fill=\"#000\"></path></svg><svg width=\"8\" height=\"8\" class=\"closed\"><path d=\"M7 4L1 8V0z\" fill=\"#000\"></path></svg></span></span><span class=\"spyral-dv-Array spyral-dv-right spyral-dv-expanded\"><span style=\"margin-left: 0px;\" class=\"spyral-dv-content\"><span class=\"spyral-dv-left\">0:&nbsp;</span><span class=\"spyral-dv-String spyral-dv-right\">\"let's\"</span></span><span style=\"margin-left: 0px;\" class=\"spyral-dv-content\"><span class=\"spyral-dv-left\">1:&nbsp;</span><span class=\"spyral-dv-String spyral-dv-right\">\"our\"</span></span><span style=\"margin-left: 0px;\" class=\"spyral-dv-content\"><span class=\"spyral-dv-left\">2:&nbsp;</span><span class=\"spyral-dv-String spyral-dv-right\">\"ours\"</span></span><span style=\"margin-left: 0px;\" class=\"spyral-dv-content\"><span class=\"spyral-dv-left\">3:&nbsp;</span><span class=\"spyral-dv-String spyral-dv-right\">\"ourselves\"</span></span><span style=\"margin-left: 0px;\" class=\"spyral-dv-content\"><span class=\"spyral-dv-left\">4:&nbsp;</span><span class=\"spyral-dv-String spyral-dv-right\">\"us\"</span></span><span style=\"margin-left: 0px;\" class=\"spyral-dv-content\"><span class=\"spyral-dv-left\">5:&nbsp;</span><span class=\"spyral-dv-String spyral-dv-right\">\"we\"</span></span></span></span><span style=\"margin-left: 0px;\" class=\"spyral-dv-content\"><span class=\"spyral-dv-left spyral-dv-folder\">You: <span class=\"spyral-dv-type\">Array</span><span class=\"spyral-dv-length\">[8]</span> <span class=\"spyral-dv-folder-icon spyral-dv-expanded\"><svg width=\"8\" height=\"8\" class=\"open\"><path d=\"M4 7L0 1h8z\" fill=\"#000\"></path></svg><svg width=\"8\" height=\"8\" class=\"closed\"><path d=\"M7 4L1 8V0z\" fill=\"#000\"></path></svg></span></span><span class=\"spyral-dv-Array spyral-dv-right spyral-dv-expanded\"><span style=\"margin-left: 0px;\" class=\"spyral-dv-content\"><span class=\"spyral-dv-left\">0:&nbsp;</span><span class=\"spyral-dv-String spyral-dv-right\">\"thee\"</span></span><span style=\"margin-left: 0px;\" class=\"spyral-dv-content\"><span class=\"spyral-dv-left\">1:&nbsp;</span><span class=\"spyral-dv-String spyral-dv-right\">\"thou\"</span></span><span style=\"margin-left: 0px;\" class=\"spyral-dv-content\"><span class=\"spyral-dv-left\">2:&nbsp;</span><span class=\"spyral-dv-String spyral-dv-right\">\"thy\"</span></span><span style=\"margin-left: 0px;\" class=\"spyral-dv-content\"><span class=\"spyral-dv-left\">3:&nbsp;</span><span class=\"spyral-dv-String spyral-dv-right\">\"you\"</span></span><span style=\"margin-left: 0px;\" class=\"spyral-dv-content\"><span class=\"spyral-dv-left\">4:&nbsp;</span><span class=\"spyral-dv-String spyral-dv-right\">\"your\"</span></span><span style=\"margin-left: 0px;\" class=\"spyral-dv-content\"><span class=\"spyral-dv-left\">5:&nbsp;</span><span class=\"spyral-dv-String spyral-dv-right\">\"yours\"</span></span><span style=\"margin-left: 0px;\" class=\"spyral-dv-content\"><span class=\"spyral-dv-left\">6:&nbsp;</span><span class=\"spyral-dv-String spyral-dv-right\">\"yourself\"</span></span><span style=\"margin-left: 0px;\" class=\"spyral-dv-content\"><span class=\"spyral-dv-left\">7:&nbsp;</span><span class=\"spyral-dv-String spyral-dv-right\">\"yourselves\"</span></span></span></span></span></span><span style=\"margin-left: 0px;\" class=\"spyral-dv-content\"><span class=\"spyral-dv-left spyral-dv-folder\">categoriesRanking: <span class=\"spyral-dv-type\">Array</span><span class=\"spyral-dv-length\">[4]</span> <span class=\"spyral-dv-folder-icon spyral-dv-expanded\"><svg width=\"8\" height=\"8\" class=\"open\"><path d=\"M4 7L0 1h8z\" fill=\"#000\"></path></svg><svg width=\"8\" height=\"8\" class=\"closed\"><path d=\"M7 4L1 8V0z\" fill=\"#000\"></path></svg></span></span><span class=\"spyral-dv-Array spyral-dv-right spyral-dv-expanded\"><span style=\"margin-left: 0px;\" class=\"spyral-dv-content\"><span class=\"spyral-dv-left\">0:&nbsp;</span><span class=\"spyral-dv-String spyral-dv-right\">\"Name\"</span></span><span style=\"margin-left: 0px;\" class=\"spyral-dv-content\"><span class=\"spyral-dv-left\">1:&nbsp;</span><span class=\"spyral-dv-String spyral-dv-right\">\"Self\"</span></span><span style=\"margin-left: 0px;\" class=\"spyral-dv-content\"><span class=\"spyral-dv-left\">2:&nbsp;</span><span class=\"spyral-dv-String spyral-dv-right\">\"Our\"</span></span><span style=\"margin-left: 0px;\" class=\"spyral-dv-content\"><span class=\"spyral-dv-left\">3:&nbsp;</span><span class=\"spyral-dv-String spyral-dv-right\">\"You\"</span></span></span></span><span style=\"margin-left: 0px;\" class=\"spyral-dv-content\"><span class=\"spyral-dv-left spyral-dv-folder\">features: <span class=\"spyral-dv-type\">Object</span><span class=\"spyral-dv-length\">{1}</span> <span class=\"spyral-dv-folder-icon spyral-dv-expanded\"><svg width=\"8\" height=\"8\" class=\"open\"><path d=\"M4 7L0 1h8z\" fill=\"#000\"></path></svg><svg width=\"8\" height=\"8\" class=\"closed\"><path d=\"M7 4L1 8V0z\" fill=\"#000\"></path></svg></span></span><span class=\"spyral-dv-Object spyral-dv-right spyral-dv-expanded\"><span style=\"margin-left: 0px;\" class=\"spyral-dv-content\"><span class=\"spyral-dv-left spyral-dv-folder\">color: <span class=\"spyral-dv-type\">Object</span><span class=\"spyral-dv-length\">{4}</span> <span class=\"spyral-dv-folder-icon spyral-dv-expanded\"><svg width=\"8\" height=\"8\" class=\"open\"><path d=\"M4 7L0 1h8z\" fill=\"#000\"></path></svg><svg width=\"8\" height=\"8\" class=\"closed\"><path d=\"M7 4L1 8V0z\" fill=\"#000\"></path></svg></span></span><span class=\"spyral-dv-Object spyral-dv-right spyral-dv-expanded\"><span style=\"margin-left: 0px;\" class=\"spyral-dv-content\"><span class=\"spyral-dv-left\">Name:&nbsp;</span><span class=\"spyral-dv-String spyral-dv-right\">\"#1f77b4\"</span></span><span style=\"margin-left: 0px;\" class=\"spyral-dv-content\"><span class=\"spyral-dv-left\">Self:&nbsp;</span><span class=\"spyral-dv-String spyral-dv-right\">\"#ff7f0e\"</span></span><span style=\"margin-left: 0px;\" class=\"spyral-dv-content\"><span class=\"spyral-dv-left\">Our:&nbsp;</span><span class=\"spyral-dv-String spyral-dv-right\">\"#2ca02c\"</span></span><span style=\"margin-left: 0px;\" class=\"spyral-dv-content\"><span class=\"spyral-dv-left\">You:&nbsp;</span><span class=\"spyral-dv-String spyral-dv-right\">\"#d62728\"</span></span></span></span></span></span><span style=\"margin-left: 0px;\" class=\"spyral-dv-content\"><span>featureDefaults: <span class=\"spyral-dv-type\">Object</span><span class=\"spyral-dv-length\">{0}</span> </span><span></span></span></span></span></div>","mode":"javascript","expandResults":true}},{"cellId":"kw56koax","type":"text","content":"<h2>Set Up Highchart data</h2><p>Highcharts is a high level configuration based visualization library. Similar to Voyant, Highcharts has a large amount of pre-made visualizations that can be called with arbitrary data. However unlike Voyant, Highcharts visualizations are endlessly customizable and can be transformed and combined in extremely interesting ways.</p><p>We will be using <a data-cke-saved-href=\"https://www.highcharts.com/demo/highcharts/pie-chart\" target=\"_blank\" href=\"https://www.highcharts.com/demo/highcharts/pie-chart\">this</a> example from the Highcharts library as our base. First we need to create our dataset. This visualizations takes in a list of objects, each object has two attributes:</p><ul><li>name - The name of the pie slice.</li><li>y - The number that will be used to size the slice.</li></ul><p><br></p>"},{"cellId":"odr6qvgq","type":"code","content":{"input":"// The \"filterByCategory\" function counts the occurances of each token for each category in the corpus.\ncorpus.filterByCategory(categories).assign(\"output_data\");","output":"<div class=\"spyral-dv-container\"><span style=\"margin-left: 0px;\" class=\"spyral-dv-content\"><span class=\"spyral-dv-left spyral-dv-folder\">output_data: <span class=\"spyral-dv-type\">Object</span><span class=\"spyral-dv-length\">{4}</span> <span class=\"spyral-dv-folder-icon spyral-dv-expanded\"><svg width=\"8\" height=\"8\" class=\"open\"><path d=\"M4 7L0 1h8z\" fill=\"#000\"></path></svg><svg width=\"8\" height=\"8\" class=\"closed\"><path d=\"M7 4L1 8V0z\" fill=\"#000\"></path></svg></span></span><span class=\"spyral-dv-Object spyral-dv-right spyral-dv-expanded\"><span style=\"margin-left: 0px;\" class=\"spyral-dv-content\"><span class=\"spyral-dv-left spyral-dv-folder\">Name: <span class=\"spyral-dv-type\">Array</span><span class=\"spyral-dv-length\">[83]</span> <span class=\"spyral-dv-folder-icon spyral-dv-expanded\"><svg width=\"8\" height=\"8\" class=\"open\"><path d=\"M4 7L0 1h8z\" fill=\"#000\"></path></svg><svg width=\"8\" height=\"8\" class=\"closed\"><path d=\"M7 4L1 8V0z\" fill=\"#000\"></path></svg></span></span><span class=\"spyral-dv-Array spyral-dv-right spyral-dv-expanded\"><span style=\"margin-left: 0px;\" class=\"spyral-dv-content\"><span class=\"spyral-dv-left spyral-dv-folder\">0: <span class=\"spyral-dv-type\">Object</span><span class=\"spyral-dv-length\">{5}</span> <span class=\"spyral-dv-folder-icon spyral-dv-expanded\"><svg width=\"8\" height=\"8\" class=\"open\"><path d=\"M4 7L0 1h8z\" fill=\"#000\"></path></svg><svg width=\"8\" height=\"8\" class=\"closed\"><path d=\"M7 4L1 8V0z\" fill=\"#000\"></path></svg></span></span><span class=\"spyral-dv-Object spyral-dv-right spyral-dv-expanded\"><span style=\"margin-left: 0px;\" class=\"spyral-dv-content\"><span class=\"spyral-dv-left\">term:&nbsp;</span><span class=\"spyral-dv-String spyral-dv-right\">\"miss\"</span></span><span style=\"margin-left: 0px;\" class=\"spyral-dv-content\"><span class=\"spyral-dv-left\">inDocumentsCount:&nbsp;</span><span class=\"spyral-dv-Number spyral-dv-right\">8</span></span><span style=\"margin-left: 0px;\" class=\"spyral-dv-content\"><span class=\"spyral-dv-left\">rawFreq:&nbsp;</span><span class=\"spyral-dv-Number spyral-dv-right\">1942</span></span><span style=\"margin-left: 0px;\" class=\"spyral-dv-content\"><span class=\"spyral-dv-left\">relativeFreq:&nbsp;</span><span class=\"spyral-dv-Number spyral-dv-right\">0.0024841288</span></span><span style=\"margin-left: 0px;\" class=\"spyral-dv-content\"><span class=\"spyral-dv-left\">comparisonRelativeFreqDifference:&nbsp;</span><span class=\"spyral-dv-Null spyral-dv-right\">null</span></span></span></span><span style=\"margin-left: 0px;\" class=\"spyral-dv-content\"><span class=\"spyral-dv-left spyral-dv-folder\">1: <span class=\"spyral-dv-type\">Object</span><span class=\"spyral-dv-length\">{5}</span> <span class=\"spyral-dv-folder-icon spyral-dv-expanded\"><svg width=\"8\" height=\"8\" class=\"open\"><path d=\"M4 7L0 1h8z\" fill=\"#000\"></path></svg><svg width=\"8\" height=\"8\" class=\"closed\"><path d=\"M7 4L1 8V0z\" fill=\"#000\"></path></svg></span></span><span class=\"spyral-dv-Object spyral-dv-right spyral-dv-expanded\"><span style=\"margin-left: 0px;\" class=\"spyral-dv-content\"><span class=\"spyral-dv-left\">term:&nbsp;</span><span class=\"spyral-dv-String spyral-dv-right\">\"great\"</span></span><span style=\"margin-left: 0px;\" class=\"spyral-dv-content\"><span class=\"spyral-dv-left\">inDocumentsCount:&nbsp;</span><span class=\"spyral-dv-Number spyral-dv-right\">8</span></span><span style=\"margin-left: 0px;\" class=\"spyral-dv-content\"><span class=\"spyral-dv-left\">rawFreq:&nbsp;</span><span class=\"spyral-dv-Number spyral-dv-right\">1053</span></span><span style=\"margin-left: 0px;\" class=\"spyral-dv-content\"><span class=\"spyral-dv-left\">relativeFreq:&nbsp;</span><span class=\"spyral-dv-Number spyral-dv-right\">0.0013469555</span></span><span style=\"margin-left: 0px;\" class=\"spyral-dv-content\"><span class=\"spyral-dv-left\">comparisonRelativeFreqDifference:&nbsp;</span><span class=\"spyral-dv-Null spyral-dv-right\">null</span></span></span></span><span style=\"margin-left: 0px;\" class=\"spyral-dv-content\"><span class=\"spyral-dv-left spyral-dv-folder\">2: <span class=\"spyral-dv-type\">Object</span><span class=\"spyral-dv-length\">{5}</span> <span class=\"spyral-dv-folder-icon spyral-dv-expanded\"><svg width=\"8\" height=\"8\" class=\"open\"><path d=\"M4 7L0 1h8z\" fill=\"#000\"></path></svg><svg width=\"8\" height=\"8\" class=\"closed\"><path d=\"M7 4L1 8V0z\" fill=\"#000\"></path></svg></span></span><span class=\"spyral-dv-Object spyral-dv-right spyral-dv-expanded\"><span style=\"margin-left: 0px;\" class=\"spyral-dv-content\"><span class=\"spyral-dv-left\">term:&nbsp;</span><span class=\"spyral-dv-String spyral-dv-right\">\"london\"</span></span><span style=\"margin-left: 0px;\" class=\"spyral-dv-content\"><span class=\"spyral-dv-left\">inDocumentsCount:&nbsp;</span><span class=\"spyral-dv-Number spyral-dv-right\">8</span></span><span style=\"margin-left: 0px;\" class=\"spyral-dv-content\"><span class=\"spyral-dv-left\">rawFreq:&nbsp;</span><span class=\"spyral-dv-Number spyral-dv-right\">262</span></span><span style=\"margin-left: 0px;\" class=\"spyral-dv-content\"><span class=\"spyral-dv-left\">relativeFreq:&nbsp;</span><span class=\"spyral-dv-Number spyral-dv-right\">0.00033513992</span></span><span style=\"margin-left: 0px;\" class=\"spyral-dv-content\"><span class=\"spyral-dv-left\">comparisonRelativeFreqDifference:&nbsp;</span><span class=\"spyral-dv-Null spyral-dv-right\">null</span></span></span></span><span style=\"margin-left: 0px;\" class=\"spyral-dv-content\"><span class=\"spyral-dv-left spyral-dv-folder\">3: <span class=\"spyral-dv-type\">Object</span><span class=\"spyral-dv-length\">{5}</span> <span class=\"spyral-dv-folder-icon spyral-dv-expanded\"><svg width=\"8\" height=\"8\" class=\"open\"><path d=\"M4 7L0 1h8z\" fill=\"#000\"></path></svg><svg width=\"8\" height=\"8\" class=\"closed\"><path d=\"M7 4L1 8V0z\" fill=\"#000\"></path></svg></span></span><span class=\"spyral-dv-Object spyral-dv-right spyral-dv-expanded\"><span style=\"margin-left: 0px;\" class=\"spyral-dv-content\"><span class=\"spyral-dv-left\">term:&nbsp;</span><span class=\"spyral-dv-String spyral-dv-right\">\"state\"</span></span><span style=\"margin-left: 0px;\" class=\"spyral-dv-content\"><span class=\"spyral-dv-left\">inDocumentsCount:&nbsp;</span><span class=\"spyral-dv-Number spyral-dv-right\">8</span></span><span style=\"margin-left: 0px;\" class=\"spyral-dv-content\"><span class=\"spyral-dv-left\">rawFreq:&nbsp;</span><span class=\"spyral-dv-Number spyral-dv-right\">227</span></span><span style=\"margin-left: 0px;\" class=\"spyral-dv-content\"><span class=\"spyral-dv-left\">relativeFreq:&nbsp;</span><span class=\"spyral-dv-Number spyral-dv-right\">0.00029036932</span></span><span style=\"margin-left: 0px;\" class=\"spyral-dv-content\"><span class=\"spyral-dv-left\">comparisonRelativeFreqDifference:&nbsp;</span><span class=\"spyral-dv-Null spyral-dv-right\">null</span></span></span></span><span style=\"margin-left: 0px;\" class=\"spyral-dv-content\"><span class=\"spyral-dv-left spyral-dv-folder\">4: <span class=\"spyral-dv-type\">Object</span><span class=\"spyral-dv-length\">{5}</span> <span class=\"spyral-dv-folder-icon spyral-dv-expanded\"><svg width=\"8\" height=\"8\" class=\"open\"><path d=\"M4 7L0 1h8z\" fill=\"#000\"></path></svg><svg width=\"8\" height=\"8\" class=\"closed\"><path d=\"M7 4L1 8V0z\" fill=\"#000\"></path></svg></span></span><span class=\"spyral-dv-Object spyral-dv-right spyral-dv-expanded\"><span style=\"margin-left: 0px;\" class=\"spyral-dv-content\"><span class=\"spyral-dv-left\">term:&nbsp;</span><span class=\"spyral-dv-String spyral-dv-right\">\"new\"</span></span><span style=\"margin-left: 0px;\" class=\"spyral-dv-content\"><span class=\"spyral-dv-left\">inDocumentsCount:&nbsp;</span><span class=\"spyral-dv-Number spyral-dv-right\">7</span></span><span style=\"margin-left: 0px;\" class=\"spyral-dv-content\"><span class=\"spyral-dv-left\">rawFreq:&nbsp;</span><span class=\"spyral-dv-Number spyral-dv-right\">210</span></span><span style=\"margin-left: 0px;\" class=\"spyral-dv-content\"><span class=\"spyral-dv-left\">relativeFreq:&nbsp;</span><span class=\"spyral-dv-Number spyral-dv-right\">0.0002686236</span></span><span style=\"margin-left: 0px;\" class=\"spyral-dv-content\"><span class=\"spyral-dv-left\">comparisonRelativeFreqDifference:&nbsp;</span><span class=\"spyral-dv-Null spyral-dv-right\">null</span></span></span></span><span style=\"margin-left: 0px;\" class=\"spyral-dv-content\"><span class=\"spyral-dv-left spyral-dv-folder\">5: <span class=\"spyral-dv-type\">Object</span><span class=\"spyral-dv-length\">{5}</span> <span class=\"spyral-dv-folder-icon spyral-dv-expanded\"><svg width=\"8\" height=\"8\" class=\"open\"><path d=\"M4 7L0 1h8z\" fill=\"#000\"></path></svg><svg width=\"8\" height=\"8\" class=\"closed\"><path d=\"M7 4L1 8V0z\" fill=\"#000\"></path></svg></span></span><span class=\"spyral-dv-Object spyral-dv-right spyral-dv-expanded\"><span style=\"margin-left: 0px;\" class=\"spyral-dv-content\"><span class=\"spyral-dv-left\">term:&nbsp;</span><span class=\"spyral-dv-String spyral-dv-right\">\"welcome\"</span></span><span style=\"margin-left: 0px;\" class=\"spyral-dv-content\"><span class=\"spyral-dv-left\">inDocumentsCount:&nbsp;</span><span class=\"spyral-dv-Number spyral-dv-right\">6</span></span><span style=\"margin-left: 0px;\" class=\"spyral-dv-content\"><span class=\"spyral-dv-left\">rawFreq:&nbsp;</span><span class=\"spyral-dv-Number spyral-dv-right\">86</span></span><span style=\"margin-left: 0px;\" class=\"spyral-dv-content\"><span class=\"spyral-dv-left\">relativeFreq:&nbsp;</span><span class=\"spyral-dv-Number spyral-dv-right\">0.000110007764</span></span><span style=\"margin-left: 0px;\" class=\"spyral-dv-content\"><span class=\"spyral-dv-left\">comparisonRelativeFreqDifference:&nbsp;</span><span class=\"spyral-dv-Null spyral-dv-right\">null</span></span></span></span><span style=\"margin-left: 0px;\" class=\"spyral-dv-content\"><span class=\"spyral-dv-left spyral-dv-folder\">6: <span class=\"spyral-dv-type\">Object</span><span class=\"spyral-dv-length\">{5}</span> <span class=\"spyral-dv-folder-icon spyral-dv-expanded\"><svg width=\"8\" height=\"8\" class=\"open\"><path d=\"M4 7L0 1h8z\" fill=\"#000\"></path></svg><svg width=\"8\" height=\"8\" class=\"closed\"><path d=\"M7 4L1 8V0z\" fill=\"#000\"></path></svg></span></span><span class=\"spyral-dv-Object spyral-dv-right spyral-dv-expanded\"><span style=\"margin-left: 0px;\" class=\"spyral-dv-content\"><span class=\"spyral-dv-left\">term:&nbsp;</span><span class=\"spyral-dv-String spyral-dv-right\">\"england\"</span></span><span style=\"margin-left: 0px;\" class=\"spyral-dv-content\"><span class=\"spyral-dv-left\">inDocumentsCount:&nbsp;</span><span class=\"spyral-dv-Number spyral-dv-right\">8</span></span><span style=\"margin-left: 0px;\" class=\"spyral-dv-content\"><span class=\"spyral-dv-left\">rawFreq:&nbsp;</span><span class=\"spyral-dv-Number spyral-dv-right\">74</span></span><span style=\"margin-left: 0px;\" class=\"spyral-dv-content\"><span class=\"spyral-dv-left\">relativeFreq:&nbsp;</span><span class=\"spyral-dv-Number spyral-dv-right\">0.000094657844</span></span><span style=\"margin-left: 0px;\" class=\"spyral-dv-content\"><span class=\"spyral-dv-left\">comparisonRelativeFreqDifference:&nbsp;</span><span class=\"spyral-dv-Null spyral-dv-right\">null</span></span></span></span><span style=\"margin-left: 0px;\" class=\"spyral-dv-content\"><span class=\"spyral-dv-left spyral-dv-folder\">7: <span class=\"spyral-dv-type\">Object</span><span class=\"spyral-dv-length\">{5}</span> <span class=\"spyral-dv-folder-icon spyral-dv-expanded\"><svg width=\"8\" height=\"8\" class=\"open\"><path d=\"M4 7L0 1h8z\" fill=\"#000\"></path></svg><svg width=\"8\" height=\"8\" class=\"closed\"><path d=\"M7 4L1 8V0z\" fill=\"#000\"></path></svg></span></span><span class=\"spyral-dv-Object spyral-dv-right spyral-dv-expanded\"><span style=\"margin-left: 0px;\" class=\"spyral-dv-content\"><span class=\"spyral-dv-left\">term:&nbsp;</span><span class=\"spyral-dv-String spyral-dv-right\">\"white\"</span></span><span style=\"margin-left: 0px;\" class=\"spyral-dv-content\"><span class=\"spyral-dv-left\">inDocumentsCount:&nbsp;</span><span class=\"spyral-dv-Number spyral-dv-right\">8</span></span><span style=\"margin-left: 0px;\" class=\"spyral-dv-content\"><span class=\"spyral-dv-left\">rawFreq:&nbsp;</span><span class=\"spyral-dv-Number spyral-dv-right\">43</span></span><span style=\"margin-left: 0px;\" class=\"spyral-dv-content\"><span class=\"spyral-dv-left\">relativeFreq:&nbsp;</span><span class=\"spyral-dv-Number spyral-dv-right\">0.000055003882</span></span><span style=\"margin-left: 0px;\" class=\"spyral-dv-content\"><span class=\"spyral-dv-left\">comparisonRelativeFreqDifference:&nbsp;</span><span class=\"spyral-dv-Null spyral-dv-right\">null</span></span></span></span><span style=\"margin-left: 0px;\" class=\"spyral-dv-content\"><span class=\"spyral-dv-left spyral-dv-folder\">8: <span class=\"spyral-dv-type\">Object</span><span class=\"spyral-dv-length\">{5}</span> <span class=\"spyral-dv-folder-icon spyral-dv-expanded\"><svg width=\"8\" height=\"8\" class=\"open\"><path d=\"M4 7L0 1h8z\" fill=\"#000\"></path></svg><svg width=\"8\" height=\"8\" class=\"closed\"><path d=\"M7 4L1 8V0z\" fill=\"#000\"></path></svg></span></span><span class=\"spyral-dv-Object spyral-dv-right spyral-dv-expanded\"><span style=\"margin-left: 0px;\" class=\"spyral-dv-content\"><span class=\"spyral-dv-left\">term:&nbsp;</span><span class=\"spyral-dv-String spyral-dv-right\">\"union\"</span></span><span style=\"margin-left: 0px;\" class=\"spyral-dv-content\"><span class=\"spyral-dv-left\">inDocumentsCount:&nbsp;</span><span class=\"spyral-dv-Number spyral-dv-right\">7</span></span><span style=\"margin-left: 0px;\" class=\"spyral-dv-content\"><span class=\"spyral-dv-left\">rawFreq:&nbsp;</span><span class=\"spyral-dv-Number spyral-dv-right\">28</span></span><span style=\"margin-left: 0px;\" class=\"spyral-dv-content\"><span class=\"spyral-dv-left\">relativeFreq:&nbsp;</span><span class=\"spyral-dv-Number spyral-dv-right\">0.00003581648</span></span><span style=\"margin-left: 0px;\" class=\"spyral-dv-content\"><span class=\"spyral-dv-left\">comparisonRelativeFreqDifference:&nbsp;</span><span class=\"spyral-dv-Null spyral-dv-right\">null</span></span></span></span><span style=\"margin-left: 0px;\" class=\"spyral-dv-content\"><span class=\"spyral-dv-left spyral-dv-folder\">9: <span class=\"spyral-dv-type\">Object</span><span class=\"spyral-dv-length\">{5}</span> <span class=\"spyral-dv-folder-icon spyral-dv-expanded\"><svg width=\"8\" height=\"8\" class=\"open\"><path d=\"M4 7L0 1h8z\" fill=\"#000\"></path></svg><svg width=\"8\" height=\"8\" class=\"closed\"><path d=\"M7 4L1 8V0z\" fill=\"#000\"></path></svg></span></span><span class=\"spyral-dv-Object spyral-dv-right spyral-dv-expanded\"><span style=\"margin-left: 0px;\" class=\"spyral-dv-content\"><span class=\"spyral-dv-left\">term:&nbsp;</span><span class=\"spyral-dv-String spyral-dv-right\">\"south\"</span></span><span style=\"margin-left: 0px;\" class=\"spyral-dv-content\"><span class=\"spyral-dv-left\">inDocumentsCount:&nbsp;</span><span class=\"spyral-dv-Number spyral-dv-right\">7</span></span><span style=\"margin-left: 0px;\" class=\"spyral-dv-content\"><span class=\"spyral-dv-left\">rawFreq:&nbsp;</span><span class=\"spyral-dv-Number spyral-dv-right\">23</span></span><span style=\"margin-left: 0px;\" class=\"spyral-dv-content\"><span class=\"spyral-dv-left\">relativeFreq:&nbsp;</span><span class=\"spyral-dv-Number spyral-dv-right\">0.000029420682</span></span><span style=\"margin-left: 0px;\" class=\"spyral-dv-content\"><span class=\"spyral-dv-left\">comparisonRelativeFreqDifference:&nbsp;</span><span class=\"spyral-dv-Null spyral-dv-right\">null</span></span></span></span><span class=\"spyral-dv-content\">...</span></span></span><span style=\"margin-left: 0px;\" class=\"spyral-dv-content\"><span class=\"spyral-dv-left spyral-dv-folder\">Self: <span class=\"spyral-dv-type\">Array</span><span class=\"spyral-dv-length\">[7]</span> <span class=\"spyral-dv-folder-icon spyral-dv-expanded\"><svg width=\"8\" height=\"8\" class=\"open\"><path d=\"M4 7L0 1h8z\" fill=\"#000\"></path></svg><svg width=\"8\" height=\"8\" class=\"closed\"><path d=\"M7 4L1 8V0z\" fill=\"#000\"></path></svg></span></span><span class=\"spyral-dv-Array spyral-dv-right spyral-dv-expanded\"><span style=\"margin-left: 0px;\" class=\"spyral-dv-content\"><span class=\"spyral-dv-left spyral-dv-folder\">0: <span class=\"spyral-dv-type\">Object</span><span class=\"spyral-dv-length\">{5}</span> <span class=\"spyral-dv-folder-icon spyral-dv-expanded\"><svg width=\"8\" height=\"8\" class=\"open\"><path d=\"M4 7L0 1h8z\" fill=\"#000\"></path></svg><svg width=\"8\" height=\"8\" class=\"closed\"><path d=\"M7 4L1 8V0z\" fill=\"#000\"></path></svg></span></span><span class=\"spyral-dv-Object spyral-dv-right spyral-dv-expanded\"><span style=\"margin-left: 0px;\" class=\"spyral-dv-content\"><span class=\"spyral-dv-left\">term:&nbsp;</span><span class=\"spyral-dv-String spyral-dv-right\">\"i\"</span></span><span style=\"margin-left: 0px;\" class=\"spyral-dv-content\"><span class=\"spyral-dv-left\">inDocumentsCount:&nbsp;</span><span class=\"spyral-dv-Number spyral-dv-right\">8</span></span><span style=\"margin-left: 0px;\" class=\"spyral-dv-content\"><span class=\"spyral-dv-left\">rawFreq:&nbsp;</span><span class=\"spyral-dv-Number spyral-dv-right\">13752</span></span><span style=\"margin-left: 0px;\" class=\"spyral-dv-content\"><span class=\"spyral-dv-left\">relativeFreq:&nbsp;</span><span class=\"spyral-dv-Number spyral-dv-right\">0.017591009</span></span><span style=\"margin-left: 0px;\" class=\"spyral-dv-content\"><span class=\"spyral-dv-left\">comparisonRelativeFreqDifference:&nbsp;</span><span class=\"spyral-dv-Null spyral-dv-right\">null</span></span></span></span><span style=\"margin-left: 0px;\" class=\"spyral-dv-content\"><span class=\"spyral-dv-left spyral-dv-folder\">1: <span class=\"spyral-dv-type\">Object</span><span class=\"spyral-dv-length\">{5}</span> <span class=\"spyral-dv-folder-icon spyral-dv-expanded\"><svg width=\"8\" height=\"8\" class=\"open\"><path d=\"M4 7L0 1h8z\" fill=\"#000\"></path></svg><svg width=\"8\" height=\"8\" class=\"closed\"><path d=\"M7 4L1 8V0z\" fill=\"#000\"></path></svg></span></span><span class=\"spyral-dv-Object spyral-dv-right spyral-dv-expanded\"><span style=\"margin-left: 0px;\" class=\"spyral-dv-content\"><span class=\"spyral-dv-left\">term:&nbsp;</span><span class=\"spyral-dv-String spyral-dv-right\">\"my\"</span></span><span style=\"margin-left: 0px;\" class=\"spyral-dv-content\"><span class=\"spyral-dv-left\">inDocumentsCount:&nbsp;</span><span class=\"spyral-dv-Number spyral-dv-right\">8</span></span><span style=\"margin-left: 0px;\" class=\"spyral-dv-content\"><span class=\"spyral-dv-left\">rawFreq:&nbsp;</span><span class=\"spyral-dv-Number spyral-dv-right\">4081</span></span><span style=\"margin-left: 0px;\" class=\"spyral-dv-content\"><span class=\"spyral-dv-left\">relativeFreq:&nbsp;</span><span class=\"spyral-dv-Number spyral-dv-right\">0.005220252</span></span><span style=\"margin-left: 0px;\" class=\"spyral-dv-content\"><span class=\"spyral-dv-left\">comparisonRelativeFreqDifference:&nbsp;</span><span class=\"spyral-dv-Null spyral-dv-right\">null</span></span></span></span><span style=\"margin-left: 0px;\" class=\"spyral-dv-content\"><span class=\"spyral-dv-left spyral-dv-folder\">2: <span class=\"spyral-dv-type\">Object</span><span class=\"spyral-dv-length\">{5}</span> <span class=\"spyral-dv-folder-icon spyral-dv-expanded\"><svg width=\"8\" height=\"8\" class=\"open\"><path d=\"M4 7L0 1h8z\" fill=\"#000\"></path></svg><svg width=\"8\" height=\"8\" class=\"closed\"><path d=\"M7 4L1 8V0z\" fill=\"#000\"></path></svg></span></span><span class=\"spyral-dv-Object spyral-dv-right spyral-dv-expanded\"><span style=\"margin-left: 0px;\" class=\"spyral-dv-content\"><span class=\"spyral-dv-left\">term:&nbsp;</span><span class=\"spyral-dv-String spyral-dv-right\">\"me\"</span></span><span style=\"margin-left: 0px;\" class=\"spyral-dv-content\"><span class=\"spyral-dv-left\">inDocumentsCount:&nbsp;</span><span class=\"spyral-dv-Number spyral-dv-right\">8</span></span><span style=\"margin-left: 0px;\" class=\"spyral-dv-content\"><span class=\"spyral-dv-left\">rawFreq:&nbsp;</span><span class=\"spyral-dv-Number spyral-dv-right\">2713</span></span><span style=\"margin-left: 0px;\" class=\"spyral-dv-content\"><span class=\"spyral-dv-left\">relativeFreq:&nbsp;</span><span class=\"spyral-dv-Number spyral-dv-right\">0.0034703612</span></span><span style=\"margin-left: 0px;\" class=\"spyral-dv-content\"><span class=\"spyral-dv-left\">comparisonRelativeFreqDifference:&nbsp;</span><span class=\"spyral-dv-Null spyral-dv-right\">null</span></span></span></span><span style=\"margin-left: 0px;\" class=\"spyral-dv-content\"><span class=\"spyral-dv-left spyral-dv-folder\">3: <span class=\"spyral-dv-type\">Object</span><span class=\"spyral-dv-length\">{5}</span> <span class=\"spyral-dv-folder-icon spyral-dv-expanded\"><svg width=\"8\" height=\"8\" class=\"open\"><path d=\"M4 7L0 1h8z\" fill=\"#000\"></path></svg><svg width=\"8\" height=\"8\" class=\"closed\"><path d=\"M7 4L1 8V0z\" fill=\"#000\"></path></svg></span></span><span class=\"spyral-dv-Object spyral-dv-right spyral-dv-expanded\"><span style=\"margin-left: 0px;\" class=\"spyral-dv-content\"><span class=\"spyral-dv-left\">term:&nbsp;</span><span class=\"spyral-dv-String spyral-dv-right\">\"myself&gt;\"</span></span><span style=\"margin-left: 0px;\" class=\"spyral-dv-content\"><span class=\"spyral-dv-left\">inDocumentsCount:&nbsp;</span><span class=\"spyral-dv-Number spyral-dv-right\">8</span></span><span style=\"margin-left: 0px;\" class=\"spyral-dv-content\"><span class=\"spyral-dv-left\">rawFreq:&nbsp;</span><span class=\"spyral-dv-Number spyral-dv-right\">542</span></span><span style=\"margin-left: 0px;\" class=\"spyral-dv-content\"><span class=\"spyral-dv-left\">relativeFreq:&nbsp;</span><span class=\"spyral-dv-Number spyral-dv-right\">0.00069330476</span></span><span style=\"margin-left: 0px;\" class=\"spyral-dv-content\"><span class=\"spyral-dv-left\">comparisonRelativeFreqDifference:&nbsp;</span><span class=\"spyral-dv-Null spyral-dv-right\">null</span></span></span></span><span style=\"margin-left: 0px;\" class=\"spyral-dv-content\"><span class=\"spyral-dv-left spyral-dv-folder\">4: <span class=\"spyral-dv-type\">Object</span><span class=\"spyral-dv-length\">{5}</span> <span class=\"spyral-dv-folder-icon spyral-dv-expanded\"><svg width=\"8\" height=\"8\" class=\"open\"><path d=\"M4 7L0 1h8z\" fill=\"#000\"></path></svg><svg width=\"8\" height=\"8\" class=\"closed\"><path d=\"M7 4L1 8V0z\" fill=\"#000\"></path></svg></span></span><span class=\"spyral-dv-Object spyral-dv-right spyral-dv-expanded\"><span style=\"margin-left: 0px;\" class=\"spyral-dv-content\"><span class=\"spyral-dv-left\">term:&nbsp;</span><span class=\"spyral-dv-String spyral-dv-right\">\"mine\"</span></span><span style=\"margin-left: 0px;\" class=\"spyral-dv-content\"><span class=\"spyral-dv-left\">inDocumentsCount:&nbsp;</span><span class=\"spyral-dv-Number spyral-dv-right\">8</span></span><span style=\"margin-left: 0px;\" class=\"spyral-dv-content\"><span class=\"spyral-dv-left\">rawFreq:&nbsp;</span><span class=\"spyral-dv-Number spyral-dv-right\">109</span></span><span style=\"margin-left: 0px;\" class=\"spyral-dv-content\"><span class=\"spyral-dv-left\">relativeFreq:&nbsp;</span><span class=\"spyral-dv-Number spyral-dv-right\">0.00013942845</span></span><span style=\"margin-left: 0px;\" class=\"spyral-dv-content\"><span class=\"spyral-dv-left\">comparisonRelativeFreqDifference:&nbsp;</span><span class=\"spyral-dv-Null spyral-dv-right\">null</span></span></span></span><span style=\"margin-left: 0px;\" class=\"spyral-dv-content\"><span class=\"spyral-dv-left spyral-dv-folder\">5: <span class=\"spyral-dv-type\">Object</span><span class=\"spyral-dv-length\">{5}</span> <span class=\"spyral-dv-folder-icon spyral-dv-expanded\"><svg width=\"8\" height=\"8\" class=\"open\"><path d=\"M4 7L0 1h8z\" fill=\"#000\"></path></svg><svg width=\"8\" height=\"8\" class=\"closed\"><path d=\"M7 4L1 8V0z\" fill=\"#000\"></path></svg></span></span><span class=\"spyral-dv-Object spyral-dv-right spyral-dv-expanded\"><span style=\"margin-left: 0px;\" class=\"spyral-dv-content\"><span class=\"spyral-dv-left\">term:&nbsp;</span><span class=\"spyral-dv-String spyral-dv-right\">\"oneself\"</span></span><span style=\"margin-left: 0px;\" class=\"spyral-dv-content\"><span class=\"spyral-dv-left\">inDocumentsCount:&nbsp;</span><span class=\"spyral-dv-Number spyral-dv-right\">4</span></span><span style=\"margin-left: 0px;\" class=\"spyral-dv-content\"><span class=\"spyral-dv-left\">rawFreq:&nbsp;</span><span class=\"spyral-dv-Number spyral-dv-right\">5</span></span><span style=\"margin-left: 0px;\" class=\"spyral-dv-content\"><span class=\"spyral-dv-left\">relativeFreq:&nbsp;</span><span class=\"spyral-dv-Number spyral-dv-right\">0.0000063958005</span></span><span style=\"margin-left: 0px;\" class=\"spyral-dv-content\"><span class=\"spyral-dv-left\">comparisonRelativeFreqDifference:&nbsp;</span><span class=\"spyral-dv-Null spyral-dv-right\">null</span></span></span></span><span style=\"margin-left: 0px;\" class=\"spyral-dv-content\"><span class=\"spyral-dv-left spyral-dv-folder\">6: <span class=\"spyral-dv-type\">Object</span><span class=\"spyral-dv-length\">{5}</span> <span class=\"spyral-dv-folder-icon spyral-dv-expanded\"><svg width=\"8\" height=\"8\" class=\"open\"><path d=\"M4 7L0 1h8z\" fill=\"#000\"></path></svg><svg width=\"8\" height=\"8\" class=\"closed\"><path d=\"M7 4L1 8V0z\" fill=\"#000\"></path></svg></span></span><span class=\"spyral-dv-Object spyral-dv-right spyral-dv-expanded\"><span style=\"margin-left: 0px;\" class=\"spyral-dv-content\"><span class=\"spyral-dv-left\">term:&nbsp;</span><span class=\"spyral-dv-String spyral-dv-right\">\"i'm\"</span></span><span style=\"margin-left: 0px;\" class=\"spyral-dv-content\"><span class=\"spyral-dv-left\">inDocumentsCount:&nbsp;</span><span class=\"spyral-dv-Number spyral-dv-right\">3</span></span><span style=\"margin-left: 0px;\" class=\"spyral-dv-content\"><span class=\"spyral-dv-left\">rawFreq:&nbsp;</span><span class=\"spyral-dv-Number spyral-dv-right\">5</span></span><span style=\"margin-left: 0px;\" class=\"spyral-dv-content\"><span class=\"spyral-dv-left\">relativeFreq:&nbsp;</span><span class=\"spyral-dv-Number spyral-dv-right\">0.0000063958005</span></span><span style=\"margin-left: 0px;\" class=\"spyral-dv-content\"><span class=\"spyral-dv-left\">comparisonRelativeFreqDifference:&nbsp;</span><span class=\"spyral-dv-Null spyral-dv-right\">null</span></span></span></span></span></span><span style=\"margin-left: 0px;\" class=\"spyral-dv-content\"><span class=\"spyral-dv-left spyral-dv-folder\">Our: <span class=\"spyral-dv-type\">Array</span><span class=\"spyral-dv-length\">[6]</span> <span class=\"spyral-dv-folder-icon spyral-dv-expanded\"><svg width=\"8\" height=\"8\" class=\"open\"><path d=\"M4 7L0 1h8z\" fill=\"#000\"></path></svg><svg width=\"8\" height=\"8\" class=\"closed\"><path d=\"M7 4L1 8V0z\" fill=\"#000\"></path></svg></span></span><span class=\"spyral-dv-Array spyral-dv-right spyral-dv-expanded\"><span style=\"margin-left: 0px;\" class=\"spyral-dv-content\"><span class=\"spyral-dv-left spyral-dv-folder\">0: <span class=\"spyral-dv-type\">Object</span><span class=\"spyral-dv-length\">{5}</span> <span class=\"spyral-dv-folder-icon spyral-dv-expanded\"><svg width=\"8\" height=\"8\" class=\"open\"><path d=\"M4 7L0 1h8z\" fill=\"#000\"></path></svg><svg width=\"8\" height=\"8\" class=\"closed\"><path d=\"M7 4L1 8V0z\" fill=\"#000\"></path></svg></span></span><span class=\"spyral-dv-Object spyral-dv-right spyral-dv-expanded\"><span style=\"margin-left: 0px;\" class=\"spyral-dv-content\"><span class=\"spyral-dv-left\">term:&nbsp;</span><span class=\"spyral-dv-String spyral-dv-right\">\"we\"</span></span><span style=\"margin-left: 0px;\" class=\"spyral-dv-content\"><span class=\"spyral-dv-left\">inDocumentsCount:&nbsp;</span><span class=\"spyral-dv-Number spyral-dv-right\">8</span></span><span style=\"margin-left: 0px;\" class=\"spyral-dv-content\"><span class=\"spyral-dv-left\">rawFreq:&nbsp;</span><span class=\"spyral-dv-Number spyral-dv-right\">1816</span></span><span style=\"margin-left: 0px;\" class=\"spyral-dv-content\"><span class=\"spyral-dv-left\">relativeFreq:&nbsp;</span><span class=\"spyral-dv-Number spyral-dv-right\">0.0023229546</span></span><span style=\"margin-left: 0px;\" class=\"spyral-dv-content\"><span class=\"spyral-dv-left\">comparisonRelativeFreqDifference:&nbsp;</span><span class=\"spyral-dv-Null spyral-dv-right\">null</span></span></span></span><span style=\"margin-left: 0px;\" class=\"spyral-dv-content\"><span class=\"spyral-dv-left spyral-dv-folder\">1: <span class=\"spyral-dv-type\">Object</span><span class=\"spyral-dv-length\">{5}</span> <span class=\"spyral-dv-folder-icon spyral-dv-expanded\"><svg width=\"8\" height=\"8\" class=\"open\"><path d=\"M4 7L0 1h8z\" fill=\"#000\"></path></svg><svg width=\"8\" height=\"8\" class=\"closed\"><path d=\"M7 4L1 8V0z\" fill=\"#000\"></path></svg></span></span><span class=\"spyral-dv-Object spyral-dv-right spyral-dv-expanded\"><span style=\"margin-left: 0px;\" class=\"spyral-dv-content\"><span class=\"spyral-dv-left\">term:&nbsp;</span><span class=\"spyral-dv-String spyral-dv-right\">\"us\"</span></span><span style=\"margin-left: 0px;\" class=\"spyral-dv-content\"><span class=\"spyral-dv-left\">inDocumentsCount:&nbsp;</span><span class=\"spyral-dv-Number spyral-dv-right\">8</span></span><span style=\"margin-left: 0px;\" class=\"spyral-dv-content\"><span class=\"spyral-dv-left\">rawFreq:&nbsp;</span><span class=\"spyral-dv-Number spyral-dv-right\">662</span></span><span style=\"margin-left: 0px;\" class=\"spyral-dv-content\"><span class=\"spyral-dv-left\">relativeFreq:&nbsp;</span><span class=\"spyral-dv-Number spyral-dv-right\">0.00084680395</span></span><span style=\"margin-left: 0px;\" class=\"spyral-dv-content\"><span class=\"spyral-dv-left\">comparisonRelativeFreqDifference:&nbsp;</span><span class=\"spyral-dv-Null spyral-dv-right\">null</span></span></span></span><span style=\"margin-left: 0px;\" class=\"spyral-dv-content\"><span class=\"spyral-dv-left spyral-dv-folder\">2: <span class=\"spyral-dv-type\">Object</span><span class=\"spyral-dv-length\">{5}</span> <span class=\"spyral-dv-folder-icon spyral-dv-expanded\"><svg width=\"8\" height=\"8\" class=\"open\"><path d=\"M4 7L0 1h8z\" fill=\"#000\"></path></svg><svg width=\"8\" height=\"8\" class=\"closed\"><path d=\"M7 4L1 8V0z\" fill=\"#000\"></path></svg></span></span><span class=\"spyral-dv-Object spyral-dv-right spyral-dv-expanded\"><span style=\"margin-left: 0px;\" class=\"spyral-dv-content\"><span class=\"spyral-dv-left\">term:&nbsp;</span><span class=\"spyral-dv-String spyral-dv-right\">\"our\"</span></span><span style=\"margin-left: 0px;\" class=\"spyral-dv-content\"><span class=\"spyral-dv-left\">inDocumentsCount:&nbsp;</span><span class=\"spyral-dv-Number spyral-dv-right\">8</span></span><span style=\"margin-left: 0px;\" class=\"spyral-dv-content\"><span class=\"spyral-dv-left\">rawFreq:&nbsp;</span><span class=\"spyral-dv-Number spyral-dv-right\">597</span></span><span style=\"margin-left: 0px;\" class=\"spyral-dv-content\"><span class=\"spyral-dv-left\">relativeFreq:&nbsp;</span><span class=\"spyral-dv-Number spyral-dv-right\">0.00076365855</span></span><span style=\"margin-left: 0px;\" class=\"spyral-dv-content\"><span class=\"spyral-dv-left\">comparisonRelativeFreqDifference:&nbsp;</span><span class=\"spyral-dv-Null spyral-dv-right\">null</span></span></span></span><span style=\"margin-left: 0px;\" class=\"spyral-dv-content\"><span class=\"spyral-dv-left spyral-dv-folder\">3: <span class=\"spyral-dv-type\">Object</span><span class=\"spyral-dv-length\">{5}</span> <span class=\"spyral-dv-folder-icon spyral-dv-expanded\"><svg width=\"8\" height=\"8\" class=\"open\"><path d=\"M4 7L0 1h8z\" fill=\"#000\"></path></svg><svg width=\"8\" height=\"8\" class=\"closed\"><path d=\"M7 4L1 8V0z\" fill=\"#000\"></path></svg></span></span><span class=\"spyral-dv-Object spyral-dv-right spyral-dv-expanded\"><span style=\"margin-left: 0px;\" class=\"spyral-dv-content\"><span class=\"spyral-dv-left\">term:&nbsp;</span><span class=\"spyral-dv-String spyral-dv-right\">\"ourselves\"</span></span><span style=\"margin-left: 0px;\" class=\"spyral-dv-content\"><span class=\"spyral-dv-left\">inDocumentsCount:&nbsp;</span><span class=\"spyral-dv-Number spyral-dv-right\">8</span></span><span style=\"margin-left: 0px;\" class=\"spyral-dv-content\"><span class=\"spyral-dv-left\">rawFreq:&nbsp;</span><span class=\"spyral-dv-Number spyral-dv-right\">77</span></span><span style=\"margin-left: 0px;\" class=\"spyral-dv-content\"><span class=\"spyral-dv-left\">relativeFreq:&nbsp;</span><span class=\"spyral-dv-Number spyral-dv-right\">0.00009849532</span></span><span style=\"margin-left: 0px;\" class=\"spyral-dv-content\"><span class=\"spyral-dv-left\">comparisonRelativeFreqDifference:&nbsp;</span><span class=\"spyral-dv-Null spyral-dv-right\">null</span></span></span></span><span style=\"margin-left: 0px;\" class=\"spyral-dv-content\"><span class=\"spyral-dv-left spyral-dv-folder\">4: <span class=\"spyral-dv-type\">Object</span><span class=\"spyral-dv-length\">{5}</span> <span class=\"spyral-dv-folder-icon spyral-dv-expanded\"><svg width=\"8\" height=\"8\" class=\"open\"><path d=\"M4 7L0 1h8z\" fill=\"#000\"></path></svg><svg width=\"8\" height=\"8\" class=\"closed\"><path d=\"M7 4L1 8V0z\" fill=\"#000\"></path></svg></span></span><span class=\"spyral-dv-Object spyral-dv-right spyral-dv-expanded\"><span style=\"margin-left: 0px;\" class=\"spyral-dv-content\"><span class=\"spyral-dv-left\">term:&nbsp;</span><span class=\"spyral-dv-String spyral-dv-right\">\"ours\"</span></span><span style=\"margin-left: 0px;\" class=\"spyral-dv-content\"><span class=\"spyral-dv-left\">inDocumentsCount:&nbsp;</span><span class=\"spyral-dv-Number spyral-dv-right\">7</span></span><span style=\"margin-left: 0px;\" class=\"spyral-dv-content\"><span class=\"spyral-dv-left\">rawFreq:&nbsp;</span><span class=\"spyral-dv-Number spyral-dv-right\">17</span></span><span style=\"margin-left: 0px;\" class=\"spyral-dv-content\"><span class=\"spyral-dv-left\">relativeFreq:&nbsp;</span><span class=\"spyral-dv-Number spyral-dv-right\">0.00002174572</span></span><span style=\"margin-left: 0px;\" class=\"spyral-dv-content\"><span class=\"spyral-dv-left\">comparisonRelativeFreqDifference:&nbsp;</span><span class=\"spyral-dv-Null spyral-dv-right\">null</span></span></span></span><span style=\"margin-left: 0px;\" class=\"spyral-dv-content\"><span class=\"spyral-dv-left spyral-dv-folder\">5: <span class=\"spyral-dv-type\">Object</span><span class=\"spyral-dv-length\">{5}</span> <span class=\"spyral-dv-folder-icon spyral-dv-expanded\"><svg width=\"8\" height=\"8\" class=\"open\"><path d=\"M4 7L0 1h8z\" fill=\"#000\"></path></svg><svg width=\"8\" height=\"8\" class=\"closed\"><path d=\"M7 4L1 8V0z\" fill=\"#000\"></path></svg></span></span><span class=\"spyral-dv-Object spyral-dv-right spyral-dv-expanded\"><span style=\"margin-left: 0px;\" class=\"spyral-dv-content\"><span class=\"spyral-dv-left\">term:&nbsp;</span><span class=\"spyral-dv-String spyral-dv-right\">\"let's\"</span></span><span style=\"margin-left: 0px;\" class=\"spyral-dv-content\"><span class=\"spyral-dv-left\">inDocumentsCount:&nbsp;</span><span class=\"spyral-dv-Number spyral-dv-right\">1</span></span><span style=\"margin-left: 0px;\" class=\"spyral-dv-content\"><span class=\"spyral-dv-left\">rawFreq:&nbsp;</span><span class=\"spyral-dv-Number spyral-dv-right\">1</span></span><span style=\"margin-left: 0px;\" class=\"spyral-dv-content\"><span class=\"spyral-dv-left\">relativeFreq:&nbsp;</span><span class=\"spyral-dv-Number spyral-dv-right\">0.0000012791601</span></span><span style=\"margin-left: 0px;\" class=\"spyral-dv-content\"><span class=\"spyral-dv-left\">comparisonRelativeFreqDifference:&nbsp;</span><span class=\"spyral-dv-Null spyral-dv-right\">null</span></span></span></span></span></span><span style=\"margin-left: 0px;\" class=\"spyral-dv-content\"><span class=\"spyral-dv-left spyral-dv-folder\">You: <span class=\"spyral-dv-type\">Array</span><span class=\"spyral-dv-length\">[8]</span> <span class=\"spyral-dv-folder-icon spyral-dv-expanded\"><svg width=\"8\" height=\"8\" class=\"open\"><path d=\"M4 7L0 1h8z\" fill=\"#000\"></path></svg><svg width=\"8\" height=\"8\" class=\"closed\"><path d=\"M7 4L1 8V0z\" fill=\"#000\"></path></svg></span></span><span class=\"spyral-dv-Array spyral-dv-right spyral-dv-expanded\"><span style=\"margin-left: 0px;\" class=\"spyral-dv-content\"><span class=\"spyral-dv-left spyral-dv-folder\">0: <span class=\"spyral-dv-type\">Object</span><span class=\"spyral-dv-length\">{5}</span> <span class=\"spyral-dv-folder-icon spyral-dv-expanded\"><svg width=\"8\" height=\"8\" class=\"open\"><path d=\"M4 7L0 1h8z\" fill=\"#000\"></path></svg><svg width=\"8\" height=\"8\" class=\"closed\"><path d=\"M7 4L1 8V0z\" fill=\"#000\"></path></svg></span></span><span class=\"spyral-dv-Object spyral-dv-right spyral-dv-expanded\"><span style=\"margin-left: 0px;\" class=\"spyral-dv-content\"><span class=\"spyral-dv-left\">term:&nbsp;</span><span class=\"spyral-dv-String spyral-dv-right\">\"you\"</span></span><span style=\"margin-left: 0px;\" class=\"spyral-dv-content\"><span class=\"spyral-dv-left\">inDocumentsCount:&nbsp;</span><span class=\"spyral-dv-Number spyral-dv-right\">8</span></span><span style=\"margin-left: 0px;\" class=\"spyral-dv-content\"><span class=\"spyral-dv-left\">rawFreq:&nbsp;</span><span class=\"spyral-dv-Number spyral-dv-right\">8314</span></span><span style=\"margin-left: 0px;\" class=\"spyral-dv-content\"><span class=\"spyral-dv-left\">relativeFreq:&nbsp;</span><span class=\"spyral-dv-Number spyral-dv-right\">0.010634936</span></span><span style=\"margin-left: 0px;\" class=\"spyral-dv-content\"><span class=\"spyral-dv-left\">comparisonRelativeFreqDifference:&nbsp;</span><span class=\"spyral-dv-Null spyral-dv-right\">null</span></span></span></span><span style=\"margin-left: 0px;\" class=\"spyral-dv-content\"><span class=\"spyral-dv-left spyral-dv-folder\">1: <span class=\"spyral-dv-type\">Object</span><span class=\"spyral-dv-length\">{5}</span> <span class=\"spyral-dv-folder-icon spyral-dv-expanded\"><svg width=\"8\" height=\"8\" class=\"open\"><path d=\"M4 7L0 1h8z\" fill=\"#000\"></path></svg><svg width=\"8\" height=\"8\" class=\"closed\"><path d=\"M7 4L1 8V0z\" fill=\"#000\"></path></svg></span></span><span class=\"spyral-dv-Object spyral-dv-right spyral-dv-expanded\"><span style=\"margin-left: 0px;\" class=\"spyral-dv-content\"><span class=\"spyral-dv-left\">term:&nbsp;</span><span class=\"spyral-dv-String spyral-dv-right\">\"your\"</span></span><span style=\"margin-left: 0px;\" class=\"spyral-dv-content\"><span class=\"spyral-dv-left\">inDocumentsCount:&nbsp;</span><span class=\"spyral-dv-Number spyral-dv-right\">8</span></span><span style=\"margin-left: 0px;\" class=\"spyral-dv-content\"><span class=\"spyral-dv-left\">rawFreq:&nbsp;</span><span class=\"spyral-dv-Number spyral-dv-right\">2217</span></span><span style=\"margin-left: 0px;\" class=\"spyral-dv-content\"><span class=\"spyral-dv-left\">relativeFreq:&nbsp;</span><span class=\"spyral-dv-Number spyral-dv-right\">0.0028358977</span></span><span style=\"margin-left: 0px;\" class=\"spyral-dv-content\"><span class=\"spyral-dv-left\">comparisonRelativeFreqDifference:&nbsp;</span><span class=\"spyral-dv-Null spyral-dv-right\">null</span></span></span></span><span style=\"margin-left: 0px;\" class=\"spyral-dv-content\"><span class=\"spyral-dv-left spyral-dv-folder\">2: <span class=\"spyral-dv-type\">Object</span><span class=\"spyral-dv-length\">{5}</span> <span class=\"spyral-dv-folder-icon spyral-dv-expanded\"><svg width=\"8\" height=\"8\" class=\"open\"><path d=\"M4 7L0 1h8z\" fill=\"#000\"></path></svg><svg width=\"8\" height=\"8\" class=\"closed\"><path d=\"M7 4L1 8V0z\" fill=\"#000\"></path></svg></span></span><span class=\"spyral-dv-Object spyral-dv-right spyral-dv-expanded\"><span style=\"margin-left: 0px;\" class=\"spyral-dv-content\"><span class=\"spyral-dv-left\">term:&nbsp;</span><span class=\"spyral-dv-String spyral-dv-right\">\"yourself\"</span></span><span style=\"margin-left: 0px;\" class=\"spyral-dv-content\"><span class=\"spyral-dv-left\">inDocumentsCount:&nbsp;</span><span class=\"spyral-dv-Number spyral-dv-right\">8</span></span><span style=\"margin-left: 0px;\" class=\"spyral-dv-content\"><span class=\"spyral-dv-left\">rawFreq:&nbsp;</span><span class=\"spyral-dv-Number spyral-dv-right\">258</span></span><span style=\"margin-left: 0px;\" class=\"spyral-dv-content\"><span class=\"spyral-dv-left\">relativeFreq:&nbsp;</span><span class=\"spyral-dv-Number spyral-dv-right\">0.0003300233</span></span><span style=\"margin-left: 0px;\" class=\"spyral-dv-content\"><span class=\"spyral-dv-left\">comparisonRelativeFreqDifference:&nbsp;</span><span class=\"spyral-dv-Null spyral-dv-right\">null</span></span></span></span><span style=\"margin-left: 0px;\" class=\"spyral-dv-content\"><span class=\"spyral-dv-left spyral-dv-folder\">3: <span class=\"spyral-dv-type\">Object</span><span class=\"spyral-dv-length\">{5}</span> <span class=\"spyral-dv-folder-icon spyral-dv-expanded\"><svg width=\"8\" height=\"8\" class=\"open\"><path d=\"M4 7L0 1h8z\" fill=\"#000\"></path></svg><svg width=\"8\" height=\"8\" class=\"closed\"><path d=\"M7 4L1 8V0z\" fill=\"#000\"></path></svg></span></span><span class=\"spyral-dv-Object spyral-dv-right spyral-dv-expanded\"><span style=\"margin-left: 0px;\" class=\"spyral-dv-content\"><span class=\"spyral-dv-left\">term:&nbsp;</span><span class=\"spyral-dv-String spyral-dv-right\">\"yours\"</span></span><span style=\"margin-left: 0px;\" class=\"spyral-dv-content\"><span class=\"spyral-dv-left\">inDocumentsCount:&nbsp;</span><span class=\"spyral-dv-Number spyral-dv-right\">8</span></span><span style=\"margin-left: 0px;\" class=\"spyral-dv-content\"><span class=\"spyral-dv-left\">rawFreq:&nbsp;</span><span class=\"spyral-dv-Number spyral-dv-right\">119</span></span><span style=\"margin-left: 0px;\" class=\"spyral-dv-content\"><span class=\"spyral-dv-left\">relativeFreq:&nbsp;</span><span class=\"spyral-dv-Number spyral-dv-right\">0.00015222005</span></span><span style=\"margin-left: 0px;\" class=\"spyral-dv-content\"><span class=\"spyral-dv-left\">comparisonRelativeFreqDifference:&nbsp;</span><span class=\"spyral-dv-Null spyral-dv-right\">null</span></span></span></span><span style=\"margin-left: 0px;\" class=\"spyral-dv-content\"><span class=\"spyral-dv-left spyral-dv-folder\">4: <span class=\"spyral-dv-type\">Object</span><span class=\"spyral-dv-length\">{5}</span> <span class=\"spyral-dv-folder-icon spyral-dv-expanded\"><svg width=\"8\" height=\"8\" class=\"open\"><path d=\"M4 7L0 1h8z\" fill=\"#000\"></path></svg><svg width=\"8\" height=\"8\" class=\"closed\"><path d=\"M7 4L1 8V0z\" fill=\"#000\"></path></svg></span></span><span class=\"spyral-dv-Object spyral-dv-right spyral-dv-expanded\"><span style=\"margin-left: 0px;\" class=\"spyral-dv-content\"><span class=\"spyral-dv-left\">term:&nbsp;</span><span class=\"spyral-dv-String spyral-dv-right\">\"yourselves\"</span></span><span style=\"margin-left: 0px;\" class=\"spyral-dv-content\"><span class=\"spyral-dv-left\">inDocumentsCount:&nbsp;</span><span class=\"spyral-dv-Number spyral-dv-right\">6</span></span><span style=\"margin-left: 0px;\" class=\"spyral-dv-content\"><span class=\"spyral-dv-left\">rawFreq:&nbsp;</span><span class=\"spyral-dv-Number spyral-dv-right\">12</span></span><span style=\"margin-left: 0px;\" class=\"spyral-dv-content\"><span class=\"spyral-dv-left\">relativeFreq:&nbsp;</span><span class=\"spyral-dv-Number spyral-dv-right\">0.00001534992</span></span><span style=\"margin-left: 0px;\" class=\"spyral-dv-content\"><span class=\"spyral-dv-left\">comparisonRelativeFreqDifference:&nbsp;</span><span class=\"spyral-dv-Null spyral-dv-right\">null</span></span></span></span><span style=\"margin-left: 0px;\" class=\"spyral-dv-content\"><span class=\"spyral-dv-left spyral-dv-folder\">5: <span class=\"spyral-dv-type\">Object</span><span class=\"spyral-dv-length\">{5}</span> <span class=\"spyral-dv-folder-icon spyral-dv-expanded\"><svg width=\"8\" height=\"8\" class=\"open\"><path d=\"M4 7L0 1h8z\" fill=\"#000\"></path></svg><svg width=\"8\" height=\"8\" class=\"closed\"><path d=\"M7 4L1 8V0z\" fill=\"#000\"></path></svg></span></span><span class=\"spyral-dv-Object spyral-dv-right spyral-dv-expanded\"><span style=\"margin-left: 0px;\" class=\"spyral-dv-content\"><span class=\"spyral-dv-left\">term:&nbsp;</span><span class=\"spyral-dv-String spyral-dv-right\">\"thou\"</span></span><span style=\"margin-left: 0px;\" class=\"spyral-dv-content\"><span class=\"spyral-dv-left\">inDocumentsCount:&nbsp;</span><span class=\"spyral-dv-Number spyral-dv-right\">3</span></span><span style=\"margin-left: 0px;\" class=\"spyral-dv-content\"><span class=\"spyral-dv-left\">rawFreq:&nbsp;</span><span class=\"spyral-dv-Number spyral-dv-right\">8</span></span><span style=\"margin-left: 0px;\" class=\"spyral-dv-content\"><span class=\"spyral-dv-left\">relativeFreq:&nbsp;</span><span class=\"spyral-dv-Number spyral-dv-right\">0.000010233281</span></span><span style=\"margin-left: 0px;\" class=\"spyral-dv-content\"><span class=\"spyral-dv-left\">comparisonRelativeFreqDifference:&nbsp;</span><span class=\"spyral-dv-Null spyral-dv-right\">null</span></span></span></span><span style=\"margin-left: 0px;\" class=\"spyral-dv-content\"><span class=\"spyral-dv-left spyral-dv-folder\">6: <span class=\"spyral-dv-type\">Object</span><span class=\"spyral-dv-length\">{5}</span> <span class=\"spyral-dv-folder-icon spyral-dv-expanded\"><svg width=\"8\" height=\"8\" class=\"open\"><path d=\"M4 7L0 1h8z\" fill=\"#000\"></path></svg><svg width=\"8\" height=\"8\" class=\"closed\"><path d=\"M7 4L1 8V0z\" fill=\"#000\"></path></svg></span></span><span class=\"spyral-dv-Object spyral-dv-right spyral-dv-expanded\"><span style=\"margin-left: 0px;\" class=\"spyral-dv-content\"><span class=\"spyral-dv-left\">term:&nbsp;</span><span class=\"spyral-dv-String spyral-dv-right\">\"thy\"</span></span><span style=\"margin-left: 0px;\" class=\"spyral-dv-content\"><span class=\"spyral-dv-left\">inDocumentsCount:&nbsp;</span><span class=\"spyral-dv-Number spyral-dv-right\">2</span></span><span style=\"margin-left: 0px;\" class=\"spyral-dv-content\"><span class=\"spyral-dv-left\">rawFreq:&nbsp;</span><span class=\"spyral-dv-Number spyral-dv-right\">5</span></span><span style=\"margin-left: 0px;\" class=\"spyral-dv-content\"><span class=\"spyral-dv-left\">relativeFreq:&nbsp;</span><span class=\"spyral-dv-Number spyral-dv-right\">0.0000063958005</span></span><span style=\"margin-left: 0px;\" class=\"spyral-dv-content\"><span class=\"spyral-dv-left\">comparisonRelativeFreqDifference:&nbsp;</span><span class=\"spyral-dv-Null spyral-dv-right\">null</span></span></span></span><span style=\"margin-left: 0px;\" class=\"spyral-dv-content\"><span class=\"spyral-dv-left spyral-dv-folder\">7: <span class=\"spyral-dv-type\">Object</span><span class=\"spyral-dv-length\">{5}</span> <span class=\"spyral-dv-folder-icon spyral-dv-expanded\"><svg width=\"8\" height=\"8\" class=\"open\"><path d=\"M4 7L0 1h8z\" fill=\"#000\"></path></svg><svg width=\"8\" height=\"8\" class=\"closed\"><path d=\"M7 4L1 8V0z\" fill=\"#000\"></path></svg></span></span><span class=\"spyral-dv-Object spyral-dv-right spyral-dv-expanded\"><span style=\"margin-left: 0px;\" class=\"spyral-dv-content\"><span class=\"spyral-dv-left\">term:&nbsp;</span><span class=\"spyral-dv-String spyral-dv-right\">\"thee\"</span></span><span style=\"margin-left: 0px;\" class=\"spyral-dv-content\"><span class=\"spyral-dv-left\">inDocumentsCount:&nbsp;</span><span class=\"spyral-dv-Number spyral-dv-right\">1</span></span><span style=\"margin-left: 0px;\" class=\"spyral-dv-content\"><span class=\"spyral-dv-left\">rawFreq:&nbsp;</span><span class=\"spyral-dv-Number spyral-dv-right\">3</span></span><span style=\"margin-left: 0px;\" class=\"spyral-dv-content\"><span class=\"spyral-dv-left\">relativeFreq:&nbsp;</span><span class=\"spyral-dv-Number spyral-dv-right\">0.00000383748</span></span><span style=\"margin-left: 0px;\" class=\"spyral-dv-content\"><span class=\"spyral-dv-left\">comparisonRelativeFreqDifference:&nbsp;</span><span class=\"spyral-dv-Null spyral-dv-right\">null</span></span></span></span></span></span></span></span></div>","mode":"javascript","expandResults":true}},{"cellId":"l0tnedim","type":"code","content":{"input":"\n// Now we will loop over the category_data and create the highcharts dataset.\n// We are going to use the javascript reduce method to count the rawFreq of all tokens in a category. That number will be used for our graph.\n\nvar chart_data = Object.keys(output_data).map(x => {return {\n  name: x, \n  y: output_data[x].reduce((acc, curr) => {\n    return acc + curr[\"rawFreq\"];\n  }, 0)\n}})\n\nchart_data","output":"<div class=\"spyral-dv-container\"><span style=\"margin-left: 0px;\" class=\"spyral-dv-content\"><span class=\"spyral-dv-left spyral-dv-folder\">chart_data: <span class=\"spyral-dv-type\">Array</span><span class=\"spyral-dv-length\">[4]</span> <span class=\"spyral-dv-folder-icon spyral-dv-expanded\"><svg width=\"8\" height=\"8\" class=\"open\"><path d=\"M4 7L0 1h8z\" fill=\"#000\"></path></svg><svg width=\"8\" height=\"8\" class=\"closed\"><path d=\"M7 4L1 8V0z\" fill=\"#000\"></path></svg></span></span><span class=\"spyral-dv-Array spyral-dv-right spyral-dv-expanded\"><span style=\"margin-left: 0px;\" class=\"spyral-dv-content\"><span class=\"spyral-dv-left spyral-dv-folder\">0: <span class=\"spyral-dv-type\">Object</span><span class=\"spyral-dv-length\">{2}</span> <span class=\"spyral-dv-folder-icon spyral-dv-expanded\"><svg width=\"8\" height=\"8\" class=\"open\"><path d=\"M4 7L0 1h8z\" fill=\"#000\"></path></svg><svg width=\"8\" height=\"8\" class=\"closed\"><path d=\"M7 4L1 8V0z\" fill=\"#000\"></path></svg></span></span><span class=\"spyral-dv-Object spyral-dv-right spyral-dv-expanded\"><span style=\"margin-left: 0px;\" class=\"spyral-dv-content\"><span class=\"spyral-dv-left\">name:&nbsp;</span><span class=\"spyral-dv-String spyral-dv-right\">\"Name\"</span></span><span style=\"margin-left: 0px;\" class=\"spyral-dv-content\"><span class=\"spyral-dv-left\">y:&nbsp;</span><span class=\"spyral-dv-Number spyral-dv-right\">4109</span></span></span></span><span style=\"margin-left: 0px;\" class=\"spyral-dv-content\"><span class=\"spyral-dv-left spyral-dv-folder\">1: <span class=\"spyral-dv-type\">Object</span><span class=\"spyral-dv-length\">{2}</span> <span class=\"spyral-dv-folder-icon spyral-dv-expanded\"><svg width=\"8\" height=\"8\" class=\"open\"><path d=\"M4 7L0 1h8z\" fill=\"#000\"></path></svg><svg width=\"8\" height=\"8\" class=\"closed\"><path d=\"M7 4L1 8V0z\" fill=\"#000\"></path></svg></span></span><span class=\"spyral-dv-Object spyral-dv-right spyral-dv-expanded\"><span style=\"margin-left: 0px;\" class=\"spyral-dv-content\"><span class=\"spyral-dv-left\">name:&nbsp;</span><span class=\"spyral-dv-String spyral-dv-right\">\"Self\"</span></span><span style=\"margin-left: 0px;\" class=\"spyral-dv-content\"><span class=\"spyral-dv-left\">y:&nbsp;</span><span class=\"spyral-dv-Number spyral-dv-right\">21207</span></span></span></span><span style=\"margin-left: 0px;\" class=\"spyral-dv-content\"><span class=\"spyral-dv-left spyral-dv-folder\">2: <span class=\"spyral-dv-type\">Object</span><span class=\"spyral-dv-length\">{2}</span> <span class=\"spyral-dv-folder-icon spyral-dv-expanded\"><svg width=\"8\" height=\"8\" class=\"open\"><path d=\"M4 7L0 1h8z\" fill=\"#000\"></path></svg><svg width=\"8\" height=\"8\" class=\"closed\"><path d=\"M7 4L1 8V0z\" fill=\"#000\"></path></svg></span></span><span class=\"spyral-dv-Object spyral-dv-right spyral-dv-expanded\"><span style=\"margin-left: 0px;\" class=\"spyral-dv-content\"><span class=\"spyral-dv-left\">name:&nbsp;</span><span class=\"spyral-dv-String spyral-dv-right\">\"Our\"</span></span><span style=\"margin-left: 0px;\" class=\"spyral-dv-content\"><span class=\"spyral-dv-left\">y:&nbsp;</span><span class=\"spyral-dv-Number spyral-dv-right\">3170</span></span></span></span><span style=\"margin-left: 0px;\" class=\"spyral-dv-content\"><span class=\"spyral-dv-left spyral-dv-folder\">3: <span class=\"spyral-dv-type\">Object</span><span class=\"spyral-dv-length\">{2}</span> <span class=\"spyral-dv-folder-icon spyral-dv-expanded\"><svg width=\"8\" height=\"8\" class=\"open\"><path d=\"M4 7L0 1h8z\" fill=\"#000\"></path></svg><svg width=\"8\" height=\"8\" class=\"closed\"><path d=\"M7 4L1 8V0z\" fill=\"#000\"></path></svg></span></span><span class=\"spyral-dv-Object spyral-dv-right spyral-dv-expanded\"><span style=\"margin-left: 0px;\" class=\"spyral-dv-content\"><span class=\"spyral-dv-left\">name:&nbsp;</span><span class=\"spyral-dv-String spyral-dv-right\">\"You\"</span></span><span style=\"margin-left: 0px;\" class=\"spyral-dv-content\"><span class=\"spyral-dv-left\">y:&nbsp;</span><span class=\"spyral-dv-Number spyral-dv-right\">10936</span></span></span></span></span></span></div>","mode":"javascript","expandResults":true}},{"cellId":"ovt0wzfj","type":"text","content":"<h2>Visualize Data using the Highcharts Library<br></h2><p>Spyral has access to the highcharts library through the Spyral.Chart object. Specifically, the Spyral.Chart.create function operates nearly identically to the core Highcharts.chart object.<br type=\"_moz\"></p><p>To see configuration options for the highcharts pie graph see their webpage <a data-cke-saved-href=\"https://www.highcharts.com/demo/highcharts/pie-chart\" target=\"_blank\" href=\"https://www.highcharts.com/demo/highcharts/pie-chart\">here</a>.<br type=\"_moz\"></p>"},{"cellId":"n2szndbt","type":"code","content":{"input":"Spyral.Chart.create({\n  chart: {\n    type: 'pie' // Use the 'pie' visualization.\n  },\n  title: {\n    text: 'h.social breakdown' // The title of our visualization.\n  },\n  series: [\n    {      \n  \t  allowPointSelect: true, // Allow slices to be clicked on.\n      name: 'Count', // The name of the data to use when clicking on a slice.\n      data: chart_data // Our data created earlier.\n    }\n  ]\n});","output":"<body class=\"\"><div style=\"height: 400px; overflow: hidden;\" data-highcharts-chart=\"1\"><div id=\"highcharts-c7p4l4a-9\" style=\"position: relative; overflow: hidden; width: 953px; height: 400px; text-align: left; line-height: normal; z-index: 0; user-select: none; touch-action: manipulation; outline: none; left: 0px; top: 0px;\" dir=\"ltr\" class=\"highcharts-container \"><svg version=\"1.1\" class=\"highcharts-root\" style=\"font-family: &quot;Lucida Grande&quot;, &quot;Lucida Sans Unicode&quot;, Arial, Helvetica, sans-serif; font-size: 12px;\" xmlns=\"http://www.w3.org/2000/svg\" width=\"953\" height=\"400\" viewBox=\"0 0 953 400\" role=\"img\" aria-label=\"h.social breakdown\"><desc>Created with Highcharts 10.2.1</desc><defs><clipPath id=\"highcharts-c7p4l4a-14-\"><rect x=\"0\" y=\"0\" width=\"933\" height=\"339\" fill=\"none\"></rect></clipPath></defs><rect fill=\"#ffffff\" class=\"highcharts-background\" x=\"0\" y=\"0\" width=\"953\" height=\"400\" rx=\"0\" ry=\"0\"></rect><rect fill=\"none\" class=\"highcharts-plot-background\" x=\"10\" y=\"46\" width=\"933\" height=\"339\"></rect><rect fill=\"none\" class=\"highcharts-plot-border\" data-z-index=\"1\" x=\"10\" y=\"46\" width=\"933\" height=\"339\"></rect><g class=\"highcharts-series-group\" data-z-index=\"3\"><g class=\"highcharts-series highcharts-series-0 highcharts-pie-series highcharts-tracker\" data-z-index=\"0.1\" opacity=\"1\" transform=\"translate(10,46) scale(1 1)\" clip-path=\"none\"><path fill=\"#7cb5ec\" d=\"M 466.46975452925125 32.00000308009601 A 148.5 148.5 0 0 1 556.8183284126038 62.623583559929 L 466.5 180.5 A 0 0 0 0 0 466.5 180.5 Z\" transform=\"translate(0,0)\" stroke=\"#ffffff\" stroke-width=\"1\" opacity=\"1\" stroke-linejoin=\"round\" class=\"highcharts-point highcharts-color-0\"></path><path fill=\"#434348\" d=\"M 556.9361596502374 62.71396081149187 A 148.5 148.5 0 1 1 350.89915361336335 273.713165994366 L 466.5 180.5 A 0 0 0 1 0 466.5 180.5 Z\" transform=\"translate(0,0)\" stroke=\"#ffffff\" stroke-width=\"1\" opacity=\"1\" stroke-linejoin=\"round\" class=\"highcharts-point highcharts-color-1\"></path><path fill=\"#90ed7d\" d=\"M 350.80599826332286 273.5975185606671 A 148.5 148.5 0 0 1 320.2318667761246 206.14923396911956 L 466.5 180.5 A 0 0 0 0 0 466.5 180.5 Z\" transform=\"translate(0,0)\" stroke=\"#ffffff\" stroke-width=\"1\" opacity=\"1\" stroke-linejoin=\"round\" class=\"highcharts-point highcharts-color-2\"></path><path fill=\"#f7a35c\" d=\"M 320.20629068049084 206.0029530356578 A 148.5 148.5 0 0 1 466.29373647919635 32.00014324801526 L 466.5 180.5 A 0 0 0 0 0 466.5 180.5 Z\" transform=\"translate(0,0)\" stroke=\"#ffffff\" stroke-width=\"1\" opacity=\"1\" stroke-linejoin=\"round\" class=\"highcharts-point highcharts-color-3\"></path></g><g class=\"highcharts-markers highcharts-series-0 highcharts-pie-series\" data-z-index=\"0.1\" opacity=\"1\" transform=\"translate(10,46) scale(1 1)\" clip-path=\"none\"></g></g><text x=\"477\" text-anchor=\"middle\" class=\"highcharts-title\" data-z-index=\"4\" style=\"color: rgb(51, 51, 51); font-size: 18px; fill: rgb(51, 51, 51);\" y=\"24\">h.social breakdown</text><text x=\"10\" class=\"highcharts-subtitle\" data-z-index=\"4\" style=\"color: rgb(102, 102, 102); fill: rgb(102, 102, 102);\" y=\"45\"></text><text x=\"10\" text-anchor=\"start\" class=\"highcharts-caption\" data-z-index=\"4\" style=\"color: rgb(102, 102, 102); fill: rgb(102, 102, 102);\" y=\"397\"></text><g class=\"highcharts-data-labels highcharts-series-0 highcharts-pie-series highcharts-tracker\" data-z-index=\"6\" opacity=\"1\" transform=\"translate(10,46) scale(1 1)\"><path fill=\"none\" class=\"highcharts-data-label-connector highcharts-color-0\" stroke=\"#7cb5ec\" stroke-width=\"1\" d=\"M 528.911179611984 11.484596987255316 C 523.911179611984 11.484596987255316 518.1218169620361 28.52816703896066 516.1920294120534 34.20935705619578 L 514.2622418620708 39.890547073430895\"></path><path fill=\"none\" class=\"highcharts-data-label-connector highcharts-color-1\" stroke=\"#434348\" stroke-width=\"1\" d=\"M 599.1337874217802 305.2872842415117 C 594.1337874217802 305.2872842415117 581.2631533960545 292.70369255329206 576.9729420541458 288.5091619905522 L 572.6827307122372 284.3146314278123\"></path><path fill=\"none\" class=\"highcharts-data-label-connector highcharts-color-2\" stroke=\"#90ed7d\" stroke-width=\"1\" d=\"M 298.8674166331525 254.07236456323392 C 303.8674166331525 254.07236456323392 320.26734100628 246.6533025904708 325.73398246398915 244.1802819328831 L 331.2006239216983 241.70726127529542\"></path><path fill=\"none\" class=\"highcharts-data-label-connector highcharts-color-3\" stroke=\"#f7a35c\" stroke-width=\"1\" d=\"M 324.8942489548945 65.60387830129919 C 329.8942489548945 65.60387830129919 343.6696188081825 77.1900418339413 348.2614087592785 81.05209634482199 L 352.85319871037444 84.91415085570269\"></path><g class=\"highcharts-label highcharts-data-label highcharts-data-label-color-0\" data-z-index=\"1\" transform=\"translate(534,1)\"><text x=\"5\" data-z-index=\"1\" y=\"16\" style=\"color: rgb(0, 0, 0); font-size: 11px; font-weight: bold; fill: rgb(0, 0, 0);\"><tspan class=\"highcharts-text-outline\" fill=\"#FFFFFF\" stroke=\"#FFFFFF\" stroke-width=\"2px\" stroke-linejoin=\"round\" style=\"\">Name<tspan x=\"5\" dy=\"0\">​</tspan></tspan>Name</text></g><g class=\"highcharts-label highcharts-data-label highcharts-data-label-color-1\" data-z-index=\"1\" transform=\"translate(604,295)\"><text x=\"5\" data-z-index=\"1\" y=\"16\" style=\"color: rgb(0, 0, 0); font-size: 11px; font-weight: bold; fill: rgb(0, 0, 0);\"><tspan class=\"highcharts-text-outline\" fill=\"#FFFFFF\" stroke=\"#FFFFFF\" stroke-width=\"2px\" stroke-linejoin=\"round\" style=\"\">Self<tspan x=\"5\" dy=\"0\">​</tspan></tspan>Self</text></g><g class=\"highcharts-label highcharts-data-label highcharts-data-label-color-2\" data-z-index=\"1\" transform=\"translate(264,244)\"><text x=\"5\" data-z-index=\"1\" y=\"16\" style=\"color: rgb(0, 0, 0); font-size: 11px; font-weight: bold; fill: rgb(0, 0, 0);\"><tspan class=\"highcharts-text-outline\" fill=\"#FFFFFF\" stroke=\"#FFFFFF\" stroke-width=\"2px\" stroke-linejoin=\"round\" style=\"\">Our<tspan x=\"5\" dy=\"0\">​</tspan></tspan>Our</text></g><g class=\"highcharts-label highcharts-data-label highcharts-data-label-color-3\" data-z-index=\"1\" transform=\"translate(290,56)\"><text x=\"5\" data-z-index=\"1\" y=\"16\" style=\"color: rgb(0, 0, 0); font-size: 11px; font-weight: bold; fill: rgb(0, 0, 0);\"><tspan class=\"highcharts-text-outline\" fill=\"#FFFFFF\" stroke=\"#FFFFFF\" stroke-width=\"2px\" stroke-linejoin=\"round\" style=\"\">You<tspan x=\"5\" dy=\"0\">​</tspan></tspan>You</text></g></g><g class=\"highcharts-legend highcharts-no-tooltip\" data-z-index=\"7\" visibility=\"hidden\"><rect fill=\"none\" class=\"highcharts-legend-box\" rx=\"0\" ry=\"0\" x=\"0\" y=\"0\" width=\"8\" height=\"8\"></rect><g data-z-index=\"1\"><g></g></g></g></svg></div></div></body>","mode":"javascript","expandResults":true}}]}