{"metadata":{"title":"Japanese Game Company Slogans, Missions, Visions, and Values","userId":"learnspyral@gh","author":"Geoffrey Rockwell, Keiji Amano, Mimi Okabe","description":"","catalogue":false,"keywords":"","modified":"2024-08-26T21:01:00.422Z","created":"2024-03-14T03:16:17.530Z","language":"English","license":"Creative Commons Attribution-ShareAlike (CC BY-SA)","version":"0.1"},"cells":[{"cellId":"v3qmirwl","type":"text","content":"<p>This Spyral notebook documents a study of public slogans, missions, visions, values and related statements by selected Japanese game companies like Nintendo, Sony, etc.</p><p>You can explore the corpus using Voyant here: <a data-cke-saved-href=\"https://voyant-tools.org/?corpus=452ecd5f42e05482418ec9fe8ea70112\" target=\"_blank\" href=\"https://voyant-tools.org/?corpus=452ecd5f42e05482418ec9fe8ea70112\" data-tabindex-value=\"none\" tabindex=\"-1\" data-tabindex-counter=\"1\">https://voyant-tools.org/?corpus=452ecd5f42e05482418ec9fe8ea70112</a></p><p>This is a living notebook which will change as we test ideas.</p><p>A paper building on this research was presented by Keiji Amano at <a data-cke-saved-href=\"https://replaying.jp\" target=\"_blank\" href=\"https://replaying.jp\">Replaying Japan</a> at the University at Buffalo in August of 2024.&nbsp;</p>"},{"cellId":"ontlkxs2","type":"text","content":"<h2>Creating a Corpus</h2><p>Here is the XML of our corpus. We started with a spreadsheet, but combined the different types of statements for each company in an XML text that we can group in different ways.<br></p><p><strong>Note:&nbsp;</strong>that you can edit the XML if you think some statements don't belong and then rerun the other code cells.<br></p><p></p>"},{"cellId":"hutwyh4x","type":"data","content":{"input":"<?xml version='1.0' ?>\n<textData>\n<head>\n\t<title>Slogans, Mission, Vision, Value of Japanese Game Companies</title>\n\t<description>\n\tExcerpts from CSR reports, related documents and online sources.\n\t</description>\n</head>\n<companyText family=\"Nintendo\" name=\"Nintendo\" region=\"Japan\">\nPutting Smiles on the Faces of Everyone Nintendo Touches\n\nAs an entertainment company that creates smiles, Nintendo strives to introduce new forms of entertainment while maintaining a robust corporate management. To expand our business, our highest emphasis is placed on providing consumers around the world with exciting forms of entertainment that they have never experienced before.\n\nWe continue to nurture the Nintendo DNA (originality, flexibility and sincerity), the core values that have been passed down through our history, as our key strength. \n\nNintendo’s CSR Philosophy\nOur CSR goal is to put smiles on the faces of everyone Nintendo touches. While considering the social conditions surrounding Nintendo, we strive to promote our CSR activities by complying with laws and regulations, developing high-quality products, respecting human rights, addressing environmental issues and leveraging the characteristics of our products so that we can satisfy the expectations of our stakeholders as a company that puts smiles on the faces of everyone through entertainment.\nNintendo’s Four CSR Priority Areas\nTo put smiles on the faces of everyone Nintendo touches, we have set four priority areas – “consumers,” “supply chain,” “employees” and “environment” – to promote our CSR activities.\nWe identify our priority areas by pinpointing issues based on international standards such as the GRI Standards, determining priorities according to two axes (social impact and impact on Nintendo) and gaining feedback from outside experts. After consensus on the priority areas is reached with management in charge of CSR in each country, they are reported to executive management.\nWe will continue to promote our CSR activities in each of these four priority areas and revise them as necessary by examining the conditions annually so that we can flexibly respond to social and environmental changes.\n</companyText>\n\n<companyText family=\"Nintendo\" name=\"NintendoUS\" region=\"US\">\nCreating smiles for generations\n\nNintendo's mission is to put smiles on the faces of everyone we touch. We do so by creating new surprises for people across the world to enjoy together. We've forged our own path since 1889, when we began making hanafuda playing cards in Kyoto, Japan. Today, we’re fortunate to be able to share our characters, ideas and worlds through the medium of video games and the entertainment industry.\n\nNintendo of America, established in 1980 and based in Redmond, Wash., is a wholly owned subsidiary of Nintendo Co., Ltd. We are committed to delivering best-in-class products and services to our customers and to investing in the well-being of our employees as part of the global Nintendo family.\n\nCreativity\nTechnology\nDiversity\n</companyText>\n\n<companyText family=\"Sony\" name=\"Sony\" region=\"Japan\">\nFill the world with emotion, through the power of creativity and technology.\n\nA Creative Entertainment Company\nwith a Solid Foundation of Technology\n\nA company that inspires and fulfills your curiosity.\n\nUsing our unlimited passion for technology, content and services to\ndeliver groundbreaking new excitement and entertainment, as only Sony can.\n\nSince its establishment, Sony has kept true to its spirit of challenging itself to\n\"\"do what others do not do,\"\" growing its business domain\nfrom the core electronics business to entertainment businesses\nincluding pictures and music. It has now become an unprecedentedly\ndiverse company that even offers financial services. Having these\ndiverse business domains and operating them with a common set of values\nunder the 'SONY' brand is its fundamental strength.\n\nAnd now, Sony is leveraging this business diversity and further accelerating\nthe development of new businesses, such as AI × Robotics.\n\nTo deliver new joy, excitement and awe to everyone.\nSony's challenge will continue always.\n\nDreams &amp; Curiosity\nPioneer the future with dreams and curiosity.\nDiversity\nPursue the creation of the very best by harnessing diversity and varying viewpoints.\nIntegrity &amp; Sincerity\nEarn the trust for the Sony brand through ethical and responsible conduct.\nSustainability\nFulfill our stakeholder responsibilities through disciplined business practices.\n\nIdentity\nA creative entertainment company with a solid foundation of technology\n\nCorporate Direction\nGetting closer to people\n</companyText>\n\n<companyText family=\"BandaiNamco\" name=\"Bandai Namco\" region=\"Japan\">\nConnecting and working together to create things\n\nFun for All into the Future\n\nFun for All into the Future\n\nBandai Namco exists to share dreams, fun and inspiration with people around the world. \n\nConnecting people and societies in the enjoyment of uniquely entertaining products and services, we’re working to create a brighter future for everyone.\n\nConnect with Fans\n\nBandai Namco Groupʼs Material Issues\nHarmonious coexistence with the natural environment\nProvision of appropriate products and services\nAppropriate utilization and protection of intellectual property\nEstablishment of work environments that facilitate mutual respect\nHarmonious coexistence with communities\n\nMain Strategies\nRealizing the metaverse concept\nWorldwide title organization, large-scale development \nStrengthening content originating overseas\n\n</companyText>\n\n<companyText family=\"BandaiNamco\" name=\"Bandai Namco Entertainment America Inc.\" region=\"US\">\nEntertainment First\nTo entertain and deliver dreams, fun and inspiration, we must first dream, have fun and be inspired.\nInnovate &amp; Create\nEncourage curiosity and embrace new thinking. Inspire new ways forward for our future, products, and customers.\nLead By Example\nTake ownership, demonstrate commitment, and be proactive in taking the next step.\nUnity &amp; Integrity\nWe are stronger when we collaborate and inspire each other. We are committed to conduct our business with integrity and mutual respect for our future success.\nExceed Fan's Expectations\nMaintain a “fan first” mentality. Strive to be a company that will continuously meet and exceed’s fan’s expectations.\n\n</companyText>\n\n<companyText family=\"SegaSammy\" name=\"Sega Sammy Holdings Inc.\" region=\"Japan\">\nBEYOND the Status Quo\n—Breaking the Current Situation and Becoming a Sustainable Company—\nSuprising the World with CREATIVITY\nChanging the World with INNOVATION\nCarving out the future of TALENT\n\nMission/Purpose (Raison d'être)\nConstantly Creating, Forever Captivating\n- Making life more colorful –\n\nIn what moments do people feel joy and happiness? One answer to this question would be: “When we feel moved.” Humans may very well be able to live without the experience of being captivated, but it would certainly be a life less fun. And while we can feel moved individually, it is when we are captivated along with our peers–in other words, when it is a shared experience–that the magnitude of our happiness multiplies and expands.\n\nOur mission is to realize a society filled with the sharing of such captivating experiences through our products and services. To continue providing “color” to the lives of people around the globe. This is our mission and how we remain to be a member of society–Our purpose. \n\nMid-Term Vision\nBe a Game Changer\n\nFans and guests enjoying their time and giving each other high-fives. The smiles of family and friends as they relax and pass time. We aim to create these visions of captivating experiences, changing society for the better.\n\nIn the highly uncertain era of VUCA where the future is hardly predictable, what we need in order to achieve our Mission is to constantly make reform, not merely adapt to the changes surrounding us.\n\nIn this light, we aspire to continuously be a Game Changer.\n\nCreation is Life\nAlways Proactive, Always Pioneering\n\nThe driving force of Sammy’s growth can be traced back to our value “Always Proactive, Always Pioneering”–it is the unbreakable spirit to never give up, no matter the hardship or adversity. And the philosophy and DNA cultivated by SEGA is rooted in our value “Creation is Life”–to offer captivating experiences that not everyone has encountered.\n\nIn order to pull from the values of both companies as our cultural asset, in April 2020, we defined the SEGA SAMMY Group’s philosophy and DNA as  “Creation is Life” × “Always Proactive, Always Pioneering.”\n\nWe will develop our business with the mindset to continue “creation” of captivating experiences under the spirit of “always proactively pioneering” in any situation.\n\nLong Term Goals to 2030\nEntertainment Contents Business\nGlobal Leading Contents Provider\nPachislot and Pachinko Machines Business\nWinning a “Triple Crown”\n—Top Share in Utilization, Installation, and Sales\nGaming and Resort\nRealize the investment in Gaming area\n\nSustainability\nEnvironment\nProducts and Services\nEnvironment\nAddiction\nGovernance\n\nGroup CSR Charter\n(Preamble)\nWe have established the following CSR Charter as we regard the fulfillment of corporate social responsibility (CSR) as one of our most important management objectives. As a responsible corporate citizen, we will comply with all relevant laws, regulations and social norms and further deepen the relationship with our stakeholders. Through these efforts, we believe we can provide sound management of our group and fulfill our responsibilities to society. This CSR Charter provides guidelines for our business operations.\nWith Customers\nWe will continue to provide “moving experiences” to our customers in any age as their needs evolve.\nWith Partners\nWe will maintain fair and impartial relationships with our suppliers and work together diligently as partners to create “moving experiences” continuously.\nWith Shareholders and Investors\nWe will view our business with a global perspective in our efforts to ensure sustained growth and to maximize enterprise value. Additionally, we will enhance management transparency and meet the expectations of our shareholders and society through fair and timely disclosure and appropriate returns in profits.\nWith Employees\nOur employees bring to us creativity and a spirit of challenge. They are our most cherished assets and the fuel to our growth.\nWe will cultivate a corporate culture which allows them to fully exploit their talents and enables us to grow together with our employees.\nWith Society\nWith a full awareness of the fact that we are, as a corporate citizen, a member of society, we will voluntarily and proactively put forward efforts to provide a social contribution through our business activities, etc., our support in the development of cultural activities including art and sport and the preservation of the global environment.\n</companyText>\n\n<companyText family=\"SegaSammy\" name=\"SegaSamy Creations\" region=\"Japan\">\nMission Statement\nOur passion is evident in our superior quality products\n\nWe act with integrity to provide a first class service experience\n\nWe approach every aspect of our business with an innovative and open mind to provide exciting entertainment and long-lasting relationships\n\nVision Statement\nTo be an innovative leader in the global gaming industry,\nwho delivers an uncompromising, exciting, and inspiring gaming experience\n</companyText>\n\n<companyText family=\"SquareEnix\" name=\"Square Enix\" region=\"Japan\">\nTo spread happiness across the globe by providing unforgettable experiences\nThis philosophy represents our company’s mission and the beliefs for which we stand.\nEach of our customers has his or her own definition of happiness.\n The Square Enix Group provides high-quality content, services, and products to help those customers create their own wonderful, unforgettable experiences, thereby allowing them to discover a happiness all their own.\n \nWe will always strive to deliver innovative and creative best entertainment, so we look forward to your continued support and patronage.\n \nEntertainment\nTrust\nInnovation\n\nManagement Guidelines\nIn working to make our Corporate Philosophy a reality, we will manage our Group with the following policies as our key guidelines.\n1. We will strive to be a company that delivers unparalleled entertainment.\nThrough our games, amusement offerings, publications, merchandising, and other contents and services, we will be steadfast in our efforts to deliver unparalleled entertainment to our customers.\n2. We will value innovation and creativity.\nBy giving rise to new expressions and ideas and creating experiences like none ever encountered before, we will deliver contents and services that surpass\nthe expectations of our customers. We believe that it is in our unrelenting efforts to this end that our existential value and the value of our brand lie.\n3. We will respond with sensitivity and flexibility to environmental changes.\nWe are surrounded by an environment that is ever changing. We will stay attuned to those changes and be flexible in adapting the nature and format of our\ncontents and services as well as our business models accordingly. In addition, we will stay at the forefront of change so that we can provide our customers\nwith excitement and fun.\n4. We will create a corporate culture that is both collaborative and competitive.\nOur contents and services are born of teamwork and could never be created without the concerted efforts of a team that is fully united. At the same time, it\nis important that we engage in collegial competition in order to inspire one another to greater heights. We will foster a corporate culture that promotes such\ncompetitive collaboration.\n</companyText>\n\n<companyText family=\"Microsoft\" name=\"Microsoft\" region=\"US\">\nEmpowering Others\n\nOur mission is to empower every person and every organization on the planet to achieve more.\n\nInnovation\nWe believe technology can and should be a force for good and that meaningful innovation can and will contribute to a brighter world in big and small ways.\n\nDiversity and inclusion\nWe thrive on diverse voices. We engage our employees' and customers' experiences, strengths, and different points of view to inform, challenge, and stretch our thinking. This is how we innovate.\n\nCorporate social responsibility\nWe believe technology is a powerful force for good and are working to foster a sustainable future where everyone has access to the benefits and opportunities created by technology.\n\nAI\nWe believe that, when designed with people at the center, AI can extend your capabilities, free you up for more creative and strategic endeavors, and help you or your organization achieve more.\n\nTrustworthy computing\nCheck out how we deliver secure, private, and reliable computing experiences based on sound business practices.\n\nGiving back to local communities\nWe're investing our greatest assets – our technology, people, grants and voice – to propel humanity forward and ensure the benefits of technology are accessible to everyone.\n</companyText>\n\n</textData>\n","output":"<div class=\"spyral-dv-container\"><span class=\"spyral-dv-content\" style=\"margin-left: 0px;\"><span class=\"spyral-dv-left spyral-dv-folder\">slogansXML: <span class=\"spyral-dv-type\">Node</span><span class=\"spyral-dv-length\">&lt;1&gt;</span> <span class=\"spyral-dv-folder-icon spyral-dv-expanded\"><svg width=\"8\" height=\"8\" class=\"open\"><path d=\"M4 7L0 1h8z\" fill=\"#000\"></path></svg><svg width=\"8\" height=\"8\" class=\"closed\"><path d=\"M7 4L1 8V0z\" fill=\"#000\"></path></svg></span></span><span class=\"spyral-dv-Node spyral-dv-right spyral-dv-expanded\"><span class=\"spyral-dv-content\" style=\"margin-left: 0px;\"><span class=\"spyral-dv-left spyral-dv-folder\">textData: <span class=\"spyral-dv-type\">Node</span><span class=\"spyral-dv-length\">&lt;21&gt;</span> <span class=\"spyral-dv-folder-icon spyral-dv-expanded\"><svg width=\"8\" height=\"8\" class=\"open\"><path d=\"M4 7L0 1h8z\" fill=\"#000\"></path></svg><svg width=\"8\" height=\"8\" class=\"closed\"><path d=\"M7 4L1 8V0z\" fill=\"#000\"></path></svg></span></span><span class=\"spyral-dv-Node spyral-dv-right spyral-dv-expanded\"><span class=\"spyral-dv-content\" style=\"margin-left: 0px;\"><span class=\"spyral-dv-left spyral-dv-folder\">head: <span class=\"spyral-dv-type\">Node</span><span class=\"spyral-dv-length\">&lt;5&gt;</span> <span class=\"spyral-dv-folder-icon spyral-dv-expanded\"><svg width=\"8\" height=\"8\" class=\"open\"><path d=\"M4 7L0 1h8z\" fill=\"#000\"></path></svg><svg width=\"8\" height=\"8\" class=\"closed\"><path d=\"M7 4L1 8V0z\" fill=\"#000\"></path></svg></span></span><span class=\"spyral-dv-Node spyral-dv-right spyral-dv-expanded\"><span class=\"spyral-dv-content\" style=\"margin-left: 0px;\"><span class=\"spyral-dv-left spyral-dv-folder\">title: <span class=\"spyral-dv-type\">Node</span><span class=\"spyral-dv-length\">&lt;1&gt;</span> <span class=\"spyral-dv-folder-icon spyral-dv-expanded\"><svg width=\"8\" height=\"8\" class=\"open\"><path d=\"M4 7L0 1h8z\" fill=\"#000\"></path></svg><svg width=\"8\" height=\"8\" class=\"closed\"><path d=\"M7 4L1 8V0z\" fill=\"#000\"></path></svg></span></span><span class=\"spyral-dv-Node spyral-dv-right spyral-dv-expanded\"><span class=\"spyral-dv-content\" style=\"margin-left: 0px;\"><span class=\"spyral-dv-left\">#text:&nbsp;</span><span class=\"spyral-dv-String spyral-dv-right\">\"Slogans, Mission, Vision, Value of Japanese Game Companies\"</span></span></span></span><span class=\"spyral-dv-content\" style=\"margin-left: 0px;\"><span class=\"spyral-dv-left spyral-dv-folder\">description: <span class=\"spyral-dv-type\">Node</span><span class=\"spyral-dv-length\">&lt;1&gt;</span> <span class=\"spyral-dv-folder-icon spyral-dv-expanded\"><svg width=\"8\" height=\"8\" class=\"open\"><path d=\"M4 7L0 1h8z\" fill=\"#000\"></path></svg><svg width=\"8\" height=\"8\" class=\"closed\"><path d=\"M7 4L1 8V0z\" fill=\"#000\"></path></svg></span></span><span class=\"spyral-dv-Node spyral-dv-right spyral-dv-expanded\"><span class=\"spyral-dv-content\" style=\"margin-left: 0px;\"><span class=\"spyral-dv-left\">#text:&nbsp;</span><span class=\"spyral-dv-String spyral-dv-right\">\"Excerpts from CSR reports, related documents and online sources.\"</span></span></span></span></span></span><span class=\"spyral-dv-content\" style=\"margin-left: 0px;\"><span class=\"spyral-dv-left spyral-dv-folder\">companyText: <span class=\"spyral-dv-type\">Node</span><span class=\"spyral-dv-length\">&lt;1&gt;</span> <span class=\"spyral-dv-folder-icon spyral-dv-expanded\"><svg width=\"8\" height=\"8\" class=\"open\"><path d=\"M4 7L0 1h8z\" fill=\"#000\"></path></svg><svg width=\"8\" height=\"8\" class=\"closed\"><path d=\"M7 4L1 8V0z\" fill=\"#000\"></path></svg></span></span><span class=\"spyral-dv-Node spyral-dv-right spyral-dv-expanded\"><span class=\"spyral-dv-content\" style=\"margin-left: 0px;\"><span class=\"spyral-dv-left\">#text:&nbsp;</span><span class=\"spyral-dv-String spyral-dv-right\">\"Putting Smiles on the Faces of Everyone Nintendo Touches<br><br>As an entertainment company that creates smiles, Nintendo strives to introduce new forms of entertainment while maintaining a robust corporate management. To expand our business, our highest emphasis is placed on providing consumers around the world with exciting forms of entertainment that they have never experienced before.<br><br>We continue to nurture the Nintendo DNA (originality, flexibility and sincerity), the core values that have been passed down through our history, as our key strength.&nbsp;<br><br>Nintendo’s CSR Philosophy<br>Our CSR goal is to put smiles on the faces of everyone Nintendo touches. While considering the social conditions surrounding Nintendo, we strive to promote our CSR activities by complying with laws and regulations, developing high-quality products, respecting human rights, addressing environmental issues and leveraging the characteristics of our products so that we can satisfy the expectations of our stakeholders as a company that puts smiles on the faces of everyone through entertainment.<br>Nintendo’s Four CSR Priority Areas<br>To put smiles on the faces of everyone Nintendo touches, we have set four priority areas – “consumers,” “supply chain,” “employees” and “environment” – to promote our CSR activities.<br>We identify our priority areas by pinpointing issues based on international standards such as the GRI Standards, determining priorities according to two axes (social impact and impact on Nintendo) and gaining feedback from outside experts. After consensus on the priority areas is reached with management in charge of CSR in each country, they are reported to executive management.We will continue to promote our CSR activities in each of these four priority areas and revise them as necessary by examining the conditions annually so that we can flexibly respond to social and environmental changes.\"<span class=\"spyral-dv-content\">...</span></span></span></span></span><span class=\"spyral-dv-content\" style=\"margin-left: 0px;\"><span class=\"spyral-dv-left spyral-dv-folder\">companyText: <span class=\"spyral-dv-type\">Node</span><span class=\"spyral-dv-length\">&lt;1&gt;</span> <span class=\"spyral-dv-folder-icon spyral-dv-expanded\"><svg width=\"8\" height=\"8\" class=\"open\"><path d=\"M4 7L0 1h8z\" fill=\"#000\"></path></svg><svg width=\"8\" height=\"8\" class=\"closed\"><path d=\"M7 4L1 8V0z\" fill=\"#000\"></path></svg></span></span><span class=\"spyral-dv-Node spyral-dv-right spyral-dv-expanded\"><span class=\"spyral-dv-content\" style=\"margin-left: 0px;\"><span class=\"spyral-dv-left\">#text:&nbsp;</span><span class=\"spyral-dv-String spyral-dv-right\">\"Creating smiles for generations<br><br>Nintendo's mission is to put smiles on the faces of everyone we touch. We do so by creating new surprises for people across the world to enjoy together. We've forged our own path since 1889, when we began making hanafuda playing cards in Kyoto, Japan. Today, we’re fortunate to be able to share our characters, ideas and worlds through the medium of video games and the entertainment industry.<br><br>Nintendo of America, established in 1980 and based in Redmond, Wash., is a wholly owned subsidiary of Nintendo Co., Ltd. We are committed to delivering best-in-class products and services to our customers and to investing in the well-being of our employees as part of the global Nintendo family.<br><br>Creativity<br>Technology<br>Diversity\"</span></span></span></span><span class=\"spyral-dv-content\" style=\"margin-left: 0px;\"><span class=\"spyral-dv-left spyral-dv-folder\">companyText: <span class=\"spyral-dv-type\">Node</span><span class=\"spyral-dv-length\">&lt;1&gt;</span> <span class=\"spyral-dv-folder-icon spyral-dv-expanded\"><svg width=\"8\" height=\"8\" class=\"open\"><path d=\"M4 7L0 1h8z\" fill=\"#000\"></path></svg><svg width=\"8\" height=\"8\" class=\"closed\"><path d=\"M7 4L1 8V0z\" fill=\"#000\"></path></svg></span></span><span class=\"spyral-dv-Node spyral-dv-right spyral-dv-expanded\"><span class=\"spyral-dv-content\" style=\"margin-left: 0px;\"><span class=\"spyral-dv-left\">#text:&nbsp;</span><span class=\"spyral-dv-String spyral-dv-right\">\"Fill the world with emotion, through the power of creativity and technology.<br><br>A Creative Entertainment Company<br>with a Solid Foundation of Technology<br><br>A company that inspires and fulfills your curiosity.<br><br>Using our unlimited passion for technology, content and services to<br>deliver groundbreaking new excitement and entertainment, as only Sony can.<br><br>Since its establishment, Sony has kept true to its spirit of challenging itself to\"\"do what others do not do,\"\" growing its business domainfrom the core electronics business to entertainment businessesincluding pictures and music. It has now become an unprecedentedlydiverse company that even offers financial services. Having thesediverse business domains and operating them with a common set of valuesunder the 'SONY' brand is its fundamental strength.And now, Sony is leveraging this business diversity and further acceleratingthe development of new businesses, such as AI × Robotics.To deliver new joy, excitement and awe to everyone.Sony's challenge will continue always.Dreams &amp; CuriosityPioneer the future with dreams and curiosity.DiversityPursue the creation of the very best by harnessing diversity and varying viewpoints.Integrity &amp; SincerityEarn the trust for the Sony brand through ethical and responsible conduct.SustainabilityFulfill our stakeholder responsibilities through disciplined business practices.IdentityA creative entertainment company with a solid foundation of technologyCorporate DirectionGetting closer to people\"<span class=\"spyral-dv-content\">...</span></span></span></span></span><span class=\"spyral-dv-content\" style=\"margin-left: 0px;\"><span class=\"spyral-dv-left spyral-dv-folder\">companyText: <span class=\"spyral-dv-type\">Node</span><span class=\"spyral-dv-length\">&lt;1&gt;</span> <span class=\"spyral-dv-folder-icon spyral-dv-expanded\"><svg width=\"8\" height=\"8\" class=\"open\"><path d=\"M4 7L0 1h8z\" fill=\"#000\"></path></svg><svg width=\"8\" height=\"8\" class=\"closed\"><path d=\"M7 4L1 8V0z\" fill=\"#000\"></path></svg></span></span><span class=\"spyral-dv-Node spyral-dv-right spyral-dv-expanded\"><span class=\"spyral-dv-content\" style=\"margin-left: 0px;\"><span class=\"spyral-dv-left\">#text:&nbsp;</span><span class=\"spyral-dv-String spyral-dv-right\">\"Connecting and working together to create things<br><br>Fun for All into the Future<br><br>Fun for All into the Future<br><br>Bandai Namco exists to share dreams, fun and inspiration with people around the world. <br><br>Connecting people and societies in the enjoyment of uniquely entertaining products and services, we’re working to create a brighter future for everyone.<br><br>Connect with FansBandai Namco Groupʼs Material IssuesHarmonious coexistence with the natural environmentProvision of appropriate products and servicesAppropriate utilization and protection of intellectual propertyEstablishment of work environments that facilitate mutual respectHarmonious coexistence with communitiesMain StrategiesRealizing the metaverse conceptWorldwide title organization, large-scale development Strengthening content originating overseas\"<span class=\"spyral-dv-content\">...</span></span></span></span></span><span class=\"spyral-dv-content\" style=\"margin-left: 0px;\"><span class=\"spyral-dv-left spyral-dv-folder\">companyText: <span class=\"spyral-dv-type\">Node</span><span class=\"spyral-dv-length\">&lt;1&gt;</span> <span class=\"spyral-dv-folder-icon spyral-dv-expanded\"><svg width=\"8\" height=\"8\" class=\"open\"><path d=\"M4 7L0 1h8z\" fill=\"#000\"></path></svg><svg width=\"8\" height=\"8\" class=\"closed\"><path d=\"M7 4L1 8V0z\" fill=\"#000\"></path></svg></span></span><span class=\"spyral-dv-Node spyral-dv-right spyral-dv-expanded\"><span class=\"spyral-dv-content\" style=\"margin-left: 0px;\"><span class=\"spyral-dv-left\">#text:&nbsp;</span><span class=\"spyral-dv-String spyral-dv-right\">\"Entertainment First<br>To entertain and deliver dreams, fun and inspiration, we must first dream, have fun and be inspired.<br>Innovate &amp; Create<br>Encourage curiosity and embrace new thinking. Inspire new ways forward for our future, products, and customers.<br>Lead By Example<br>Take ownership, demonstrate commitment, and be proactive in taking the next step.<br>Unity &amp; Integrity<br>We are stronger when we collaborate and inspire each other. We are committed to conduct our business with integrity and mutual respect for our future success.<br>Exceed Fan's Expectations<br>Maintain a “fan first” mentality. Strive to be a company that will continuously meet and exceed’s fan’s expectations.\"</span></span></span></span><span class=\"spyral-dv-content\" style=\"margin-left: 0px;\"><span class=\"spyral-dv-left spyral-dv-folder\">companyText: <span class=\"spyral-dv-type\">Node</span><span class=\"spyral-dv-length\">&lt;1&gt;</span> <span class=\"spyral-dv-folder-icon spyral-dv-expanded\"><svg width=\"8\" height=\"8\" class=\"open\"><path d=\"M4 7L0 1h8z\" fill=\"#000\"></path></svg><svg width=\"8\" height=\"8\" class=\"closed\"><path d=\"M7 4L1 8V0z\" fill=\"#000\"></path></svg></span></span><span class=\"spyral-dv-Node spyral-dv-right spyral-dv-expanded\"><span class=\"spyral-dv-content\" style=\"margin-left: 0px;\"><span class=\"spyral-dv-left\">#text:&nbsp;</span><span class=\"spyral-dv-String spyral-dv-right\">\"BEYOND the Status Quo<br>—Breaking the Current Situation and Becoming a Sustainable Company—<br>Suprising the World with CREATIVITY<br>Changing the World with INNOVATION<br>Carving out the future of TALENT<br><br>Mission/Purpose (Raison d'être)<br>Constantly Creating, Forever Captivating<br>- Making life more colorful –<br><br>In what moments do people feel joy and happiness? One answer to this question would be: “When we feel moved.” Humans may very well be able to live without the experience of being captivated, but it would certainly be a life less fun. And while we can feel moved individually, it is when we are captivated along with our peers–in other words, when it is a shared experience–that the magnitude of our happiness multiplies and expands.Our mission is to realize a society filled with the sharing of such captivating experiences through our products and services. To continue providing “color” to the lives of people around the globe. This is our mission and how we remain to be a member of society–Our purpose. Mid-Term VisionBe a Game ChangerFans and guests enjoying their time and giving each other high-fives. The smiles of family and friends as they relax and pass time. We aim to create these visions of captivating experiences, changing society for the better.In the highly uncertain era of VUCA where the future is hardly predictable, what we need in order to achieve our Mission is to constantly make reform, not merely adapt to the changes surrounding us.In this light, we aspire to continuously be a Game Changer.Creation is LifeAlways Proactive, Always PioneeringThe driving force of Sammy’s growth can be traced back to our value “Always Proactive, Always Pioneering”–it is the unbreakable spirit to never give up, no matter the hardship or adversity. And the philosophy and DNA cultivated by SEGA is rooted in our value “Creation is Life”–to offer captivating experiences that not everyone has encountered.In order to pull from the values of both companies as our cultural asset, in April 2020, we defined the SEGA SAMMY Group’s philosophy and DNA as  “Creation is Life” × “Always Proactive, Always Pioneering.”We will develop our business with the mindset to continue “creation” of captivating experiences under the spirit of “always proactively pioneering” in any situation.Long Term Goals to 2030Entertainment Contents BusinessGlobal Leading Contents ProviderPachislot and Pachinko Machines BusinessWinning a “Triple Crown”—Top Share in Utilization, Installation, and SalesGaming and ResortRealize the investment in Gaming areaSustainabilityEnvironmentProducts and ServicesEnvironmentAddictionGovernanceGroup CSR Charter(Preamble)We have established the following CSR Charter as we regard the fulfillment of corporate social responsibility (CSR) as one of our most important management objectives. As a responsible corporate citizen, we will comply with all relevant laws, regulations and social norms and further deepen the relationship with our stakeholders. Through these efforts, we believe we can provide sound management of our group and fulfill our responsibilities to society. This CSR Charter provides guidelines for our business operations.With CustomersWe will continue to provide “moving experiences” to our customers in any age as their needs evolve.With PartnersWe will maintain fair and impartial relationships with our suppliers and work together diligently as partners to create “moving experiences” continuously.With Shareholders and InvestorsWe will view our business with a global perspective in our efforts to ensure sustained growth and to maximize enterprise value. Additionally, we will enhance management transparency and meet the expectations of our shareholders and society through fair and timely disclosure and appropriate returns in profits.With EmployeesOur employees bring to us creativity and a spirit of challenge. They are our most cherished assets and the fuel to our growth.We will cultivate a corporate culture which allows them to fully exploit their talents and enables us to grow together with our employees.With SocietyWith a full awareness of the fact that we are, as a corporate citizen, a member of society, we will voluntarily and proactively put forward efforts to provide a social contribution through our business activities, etc., our support in the development of cultural activities including art and sport and the preservation of the global environment.\"<span class=\"spyral-dv-content\">...</span></span></span></span></span><span class=\"spyral-dv-content\" style=\"margin-left: 0px;\"><span class=\"spyral-dv-left spyral-dv-folder\">companyText: <span class=\"spyral-dv-type\">Node</span><span class=\"spyral-dv-length\">&lt;1&gt;</span> <span class=\"spyral-dv-folder-icon spyral-dv-expanded\"><svg width=\"8\" height=\"8\" class=\"open\"><path d=\"M4 7L0 1h8z\" fill=\"#000\"></path></svg><svg width=\"8\" height=\"8\" class=\"closed\"><path d=\"M7 4L1 8V0z\" fill=\"#000\"></path></svg></span></span><span class=\"spyral-dv-Node spyral-dv-right spyral-dv-expanded\"><span class=\"spyral-dv-content\" style=\"margin-left: 0px;\"><span class=\"spyral-dv-left\">#text:&nbsp;</span><span class=\"spyral-dv-String spyral-dv-right\">\"Mission Statement<br>Our passion is evident in our superior quality products<br><br>We act with integrity to provide a first class service experience<br><br>We approach every aspect of our business with an innovative and open mind to provide exciting entertainment and long-lasting relationships<br><br>Vision Statement<br>To be an innovative leader in the global gaming industry,<br>who delivers an uncompromising, exciting, and inspiring gaming experience\"</span></span></span></span><span class=\"spyral-dv-content\" style=\"margin-left: 0px;\"><span class=\"spyral-dv-left spyral-dv-folder\">companyText: <span class=\"spyral-dv-type\">Node</span><span class=\"spyral-dv-length\">&lt;1&gt;</span> <span class=\"spyral-dv-folder-icon spyral-dv-expanded\"><svg width=\"8\" height=\"8\" class=\"open\"><path d=\"M4 7L0 1h8z\" fill=\"#000\"></path></svg><svg width=\"8\" height=\"8\" class=\"closed\"><path d=\"M7 4L1 8V0z\" fill=\"#000\"></path></svg></span></span><span class=\"spyral-dv-Node spyral-dv-right spyral-dv-expanded\"><span class=\"spyral-dv-content\" style=\"margin-left: 0px;\"><span class=\"spyral-dv-left\">#text:&nbsp;</span><span class=\"spyral-dv-String spyral-dv-right\">\"To spread happiness across the globe by providing unforgettable experiences<br>This philosophy represents our company’s mission and the beliefs for which we stand.<br>Each of our customers has his or her own definition of happiness.<br> The Square Enix Group provides high-quality content, services, and products to help those customers create their own wonderful, unforgettable experiences, thereby allowing them to discover a happiness all their own.<br> <br>We will always strive to deliver innovative and creative best entertainment, so we look forward to your continued support and patronage.<br> <br>Entertainment<br>Trust<br>Innovation<br>Management GuidelinesIn working to make our Corporate Philosophy a reality, we will manage our Group with the following policies as our key guidelines.1. We will strive to be a company that delivers unparalleled entertainment.Through our games, amusement offerings, publications, merchandising, and other contents and services, we will be steadfast in our efforts to deliver unparalleled entertainment to our customers.2. We will value innovation and creativity.By giving rise to new expressions and ideas and creating experiences like none ever encountered before, we will deliver contents and services that surpassthe expectations of our customers. We believe that it is in our unrelenting efforts to this end that our existential value and the value of our brand lie.3. We will respond with sensitivity and flexibility to environmental changes.We are surrounded by an environment that is ever changing. We will stay attuned to those changes and be flexible in adapting the nature and format of ourcontents and services as well as our business models accordingly. In addition, we will stay at the forefront of change so that we can provide our customerswith excitement and fun.4. We will create a corporate culture that is both collaborative and competitive.Our contents and services are born of teamwork and could never be created without the concerted efforts of a team that is fully united. At the same time, itis important that we engage in collegial competition in order to inspire one another to greater heights. We will foster a corporate culture that promotes suchcompetitive collaboration.\"<span class=\"spyral-dv-content\">...</span></span></span></span></span><span class=\"spyral-dv-content\" style=\"margin-left: 0px;\"><span class=\"spyral-dv-left spyral-dv-folder\">companyText: <span class=\"spyral-dv-type\">Node</span><span class=\"spyral-dv-length\">&lt;1&gt;</span> <span class=\"spyral-dv-folder-icon spyral-dv-expanded\"><svg width=\"8\" height=\"8\" class=\"open\"><path d=\"M4 7L0 1h8z\" fill=\"#000\"></path></svg><svg width=\"8\" height=\"8\" class=\"closed\"><path d=\"M7 4L1 8V0z\" fill=\"#000\"></path></svg></span></span><span class=\"spyral-dv-Node spyral-dv-right spyral-dv-expanded\"><span class=\"spyral-dv-content\" style=\"margin-left: 0px;\"><span class=\"spyral-dv-left\">#text:&nbsp;</span><span class=\"spyral-dv-String spyral-dv-right\">\"Empowering Others<br><br>Our mission is to empower every person and every organization on the planet to achieve more.<br><br>Innovation<br>We believe technology can and should be a force for good and that meaningful innovation can and will contribute to a brighter world in big and small ways.<br><br>Diversity and inclusion<br>We thrive on diverse voices. We engage our employees' and customers' experiences, strengths, and different points of view to inform, challenge, and stretch our thinking. This is how we innovate.<br><br>Corporate social responsibilityWe believe technology is a powerful force for good and are working to foster a sustainable future where everyone has access to the benefits and opportunities created by technology.AIWe believe that, when designed with people at the center, AI can extend your capabilities, free you up for more creative and strategic endeavors, and help you or your organization achieve more.Trustworthy computingCheck out how we deliver secure, private, and reliable computing experiences based on sound business practices.Giving back to local communitiesWe're investing our greatest assets – our technology, people, grants and voice – to propel humanity forward and ensure the benefits of technology are accessible to everyone.\"<span class=\"spyral-dv-content\">...</span></span></span></span></span></span></span></span></span></div>","mode":"xml","expandResults":false,"dataName":"slogansXML"}},{"cellId":"lovsiwu1","type":"text","content":"<p>Now we can create a corpus and <strong>group by</strong> company <strong>family</strong>. This way all the statements by Nintendo and Nintendo America are combined. Likewise for SegaSammy.</p><p>Below we group by region to see if there are differences between Japanese statements and US-aimed statements.</p><p></p>"},{"cellId":"qsvk1t99","type":"code","content":{"input":"loadCorpus(slogansXML, {\n  xmlContentXpath: \"//companyText\", // Identifies where the content is\n  xmlDocumentsXpath: \"//companyText\", // Identifies what are to be the documents\n  xmlGroupByXpath: \"//companyText/@family\", // Identifies what to use to group the documents\n  xmlTitleXpath: \"//companyText/@family\" // Identifies what to use to title the documents\n  }).assign(\"myCorpus\");","output":"<div class=\"spyral-dv-container\"><span class=\"spyral-dv-content\" style=\"margin-left: 0px;\"><span class=\"spyral-dv-left spyral-dv-folder\">myCorpus: <span class=\"spyral-dv-type\">Object</span><span class=\"spyral-dv-length\">{1}</span> <span class=\"spyral-dv-folder-icon spyral-dv-expanded\"><svg width=\"8\" height=\"8\" class=\"open\"><path d=\"M4 7L0 1h8z\" fill=\"#000\"></path></svg><svg width=\"8\" height=\"8\" class=\"closed\"><path d=\"M7 4L1 8V0z\" fill=\"#000\"></path></svg></span></span><span class=\"spyral-dv-Object spyral-dv-right spyral-dv-expanded\"><span class=\"spyral-dv-content\" style=\"margin-left: 0px;\"><span class=\"spyral-dv-left\">corpusid:&nbsp;</span><span class=\"spyral-dv-String spyral-dv-right\">\"e549ad47ec144e431fc29788b6edd978\"</span></span></span></span></div>","mode":"javascript","expandResults":true}},{"cellId":"idki8m1q","type":"text","content":"<h2>Studying the Corpus</h2><p>Here we get a list of all the words in the corpus.&nbsp;<br></p><p><strong>Note:&nbsp;</strong>the green words are positive words and the red are negative.<br></p><p></p>"},{"cellId":"ijf9qto6","type":"code","content":{"input":"myCorpus.tool(\"CorpusTerms\", {style: \"width: 600px; height: 400px\"})","output":"<body data-new-gr-c-s-check-loaded=\"14.1192.0\" data-gr-ext-installed=\"\" class=\"\"><iframe style=\"width: 600px; height: 400px\" src=\"https://voyant-tools.org/tool/CorpusTerms/?corpus=452ecd5f42e05482418ec9fe8ea70112&amp;forTool=CorpusTerms\"></iframe></body>","mode":"javascript","expandResults":true}},{"cellId":"vxxwjugd","type":"text","content":"Here we can graph sets of words across the different company families.<p></p>"},{"cellId":"jpu39wr0","type":"code","content":{"input":"myQuery = \"entertainment*, technology, business*\"\n  // \"smile*, fun*, dream*, curiosit*, face*\"\n  // \"@positive, @negative\"\n\nmyCorpus.tool(\"Trends\", {\n  query: myQuery,\n  withDistributions: \"raw\",\n  chartType: \"bar\",\n  style: \"width: 700px; height: 500px\",})","output":"<body data-new-gr-c-s-check-loaded=\"14.1192.0\" data-gr-ext-installed=\"\" class=\"\"><iframe style=\"width: 700px; height: 500px\" src=\"https://voyant-tools.org/tool/Trends/?corpus=eff0da8160f59caf73b6802cfd13ab50&amp;forTool=Trends&amp;query=entertainment*%2C+technology%2C+business*&amp;withDistributions=raw&amp;chartType=bar\"></iframe></body>","mode":"javascript","expandResults":true}},{"cellId":"uxeuasda","type":"text","content":"<p></p><p></p><p></p><h2></h2><h2>Significant Words<br></h2><p>This code will produce a table with the words that are most significant for each company family. We use tf-idf to calculate significance. Significant words are those that appear far more in the document for a particular family than in the other documents. It is thus a measure of the salient words for each company family.</p><p></p>"},{"cellId":"ktkqiypb","type":"code","content":{"input":"var corpus2Use = myCorpus // sets the corpus\nvar lengthOfList = 20 // sets the number of rows in the column\nvar stopWordList = 'auto' // sets the keyword list\n\nvar freqsTable = createTable(); // this table will hold the frequency data\n\nloadCorpus(corpus2Use).titles().then(titles => { // fetch an array of document titles\n  return Promise.all( // need to return the Promise so Spyral knows to wait for it before moving on to the next cell\n    // get the terms for each document and wait until they've all completed\n    titles.map((title, i) => loadCorpus(corpus2Use).terms({docIndex: i, limit: lengthOfList, stopList: stopWordList}))\n  ).then((allTerms) => {\n    allTerms.forEach((terms, i) => {\n      var words = terms.map(term => term.term);\n      freqsTable.addColumn({ // add a column to our table\n        header: titles[i], // column header is document title, if we truncate it too much for shakespeare corpus we'll get duplicate column header errors\n        rows: words // rows are the words\n      });\n    })\n    show(freqsTable)\n  });\n})","output":"<body class=\"\" data-new-gr-c-s-check-loaded=\"14.1192.0\" data-gr-ext-installed=\"\"><div class=\"info\"><table class=\"voyantTable\"><thead><tr><th>BandaiNamco</th><th>Microsoft</th><th>Nintendo</th><th>SegaSammy</th><th>Sony</th><th>SquareEnix</th></tr></thead><tbody><tr><td>future</td><td>technology</td><td>nintendo</td><td>society</td><td>sony</td><td>services</td></tr><tr><td>fun</td><td>believe</td><td>smiles</td><td>business</td><td>business</td><td>customers</td></tr><tr><td>products</td><td>people</td><td>csr</td><td>experiences</td><td>technology</td><td>entertainment</td></tr><tr><td>create</td><td>organization</td><td>priority</td><td>provide</td><td>entertainment</td><td>contents</td></tr><tr><td>working</td><td>innovation</td><td>faces</td><td>mission</td><td>company</td><td>value</td></tr><tr><td>services</td><td>good</td><td>entertainment</td><td>life</td><td>new</td><td>happiness</td></tr><tr><td>respect</td><td>force</td><td>areas</td><td>captivating</td><td>diversity</td><td>experiences</td></tr><tr><td>people</td><td>experiences</td><td>touches</td><td>pioneering</td><td>curiosity</td><td>efforts</td></tr><tr><td>new</td><td>computing</td><td>social</td><td>global</td><td>solid</td><td>deliver</td></tr><tr><td>namco</td><td>benefits</td><td>promote</td><td>gaming</td><td>services</td><td>corporate</td></tr><tr><td>mutual</td><td>ai</td><td>products</td><td>experience</td><td>foundation</td><td>unparalleled</td></tr><tr><td>integrity</td><td>achieve</td><td>management</td><td>csr</td><td>excitement</td><td>unforgettable</td></tr><tr><td>inspire</td><td>world</td><td>activities</td><td>creation</td><td>dreams</td><td>strive</td></tr><tr><td>inspiration</td><td>working</td><td>world</td><td>corporate</td><td>diverse</td><td>stay</td></tr><tr><td>harmonious</td><td>we're</td><td>standards</td><td>value</td><td>deliver</td><td>philosophy</td></tr><tr><td>expectations</td><td>ways</td><td>nintendo’s</td><td>spirit</td><td>creative</td><td>innovation</td></tr><tr><td>dreams</td><td>voices</td><td>new</td><td>social</td><td>businesses</td><td>guidelines</td></tr><tr><td>connecting</td><td>voice</td><td>issues</td><td>products</td><td>brand</td><td>group</td></tr><tr><td>coexistence</td><td>view</td><td>impact</td><td>proactive</td><td>world</td><td>culture</td></tr><tr><td>bandai</td><td>trustworthy</td><td>forms</td><td>management</td><td>viewpoints</td><td>create</td></tr></tbody></table></div></body>","mode":"javascript","expandResults":true}},{"cellId":"jhvnxq97","type":"text","content":"<h3>Interactive Version</h3><p>This next code cell makes the table interactive so you can mouse over a word and see where (if) it shows in other columns. Try It!</p><p></p>"},{"cellId":"fblf9jix","type":"code","content":{"input":"show(freqsTable); // show the default view of the table\nlet targetEl = document.body.querySelector('table'); // create a variable for the output\ntargetEl.querySelectorAll(\"td\").forEach(td => { // select each cell\n  let keyword = td.textContent; // determine the word in the cell\n  td.addEventListener(\"mouseover\", () => { // add a listener for mouseover of the cell\n    Array.from(targetEl.querySelectorAll('td')) // loop over all the cells (again)\n      .filter(el => el.textContent === keyword) // filter out the ones that match the word\n      .forEach(el => el.style.backgroundColor='yellow'); // show the background as yello\n  })\n  td.addEventListener(\"mouseout\", () => { // add a listener for mouseout of the cell\n    Array.from(targetEl.querySelectorAll('td')) // loop over all the cells (again)\n      .filter(el => el.style.backgroundColor == 'yellow') // filter out the ones that are yellow\n      .forEach(el => el.style.backgroundColor='') // remove the background colour\n  })\n})\n","output":"<body data-new-gr-c-s-check-loaded=\"14.1192.0\" data-gr-ext-installed=\"\" class=\"\"><div class=\"info\"><table class=\"voyantTable\"><thead><tr><th>BandaiNamco</th><th>Microsoft</th><th>Nintendo</th><th>SegaSammy</th><th>Sony</th><th>SquareEnix</th></tr></thead><tbody><tr><td style=\"\">future</td><td style=\"\">technology</td><td>nintendo</td><td>society</td><td>sony</td><td style=\"\">services</td></tr><tr><td style=\"\">fun</td><td>believe</td><td style=\"\">smiles</td><td>business</td><td>business</td><td>customers</td></tr><tr><td style=\"\">products</td><td style=\"\">people</td><td style=\"\">csr</td><td style=\"\">experiences</td><td style=\"\">technology</td><td style=\"\">entertainment</td></tr><tr><td style=\"\">create</td><td style=\"\">organization</td><td style=\"\">priority</td><td style=\"\">provide</td><td style=\"\">entertainment</td><td>contents</td></tr><tr><td style=\"\">working</td><td style=\"\">innovation</td><td style=\"\">faces</td><td>mission</td><td style=\"\">company</td><td style=\"\">value</td></tr><tr><td style=\"\">services</td><td style=\"\">good</td><td style=\"\">entertainment</td><td>life</td><td style=\"\">new</td><td>happiness</td></tr><tr><td style=\"\">respect</td><td style=\"\">force</td><td style=\"\">areas</td><td>captivating</td><td style=\"\">diversity</td><td style=\"\">experiences</td></tr><tr><td style=\"\">people</td><td style=\"\">experiences</td><td style=\"\">touches</td><td>pioneering</td><td style=\"\">curiosity</td><td>efforts</td></tr><tr><td style=\"\">new</td><td>computing</td><td style=\"\">social</td><td>global</td><td style=\"\">solid</td><td style=\"\">deliver</td></tr><tr><td style=\"\">namco</td><td style=\"\">benefits</td><td style=\"\">promote</td><td>gaming</td><td style=\"\">services</td><td>corporate</td></tr><tr><td style=\"\">mutual</td><td style=\"\">ai</td><td style=\"\">products</td><td style=\"\">experience</td><td style=\"\">foundation</td><td>unparalleled</td></tr><tr><td style=\"\">integrity</td><td style=\"\">achieve</td><td style=\"\">management</td><td style=\"\">csr</td><td style=\"\">excitement</td><td>unforgettable</td></tr><tr><td style=\"\">inspire</td><td style=\"\">world</td><td style=\"\">activities</td><td>creation</td><td style=\"\">dreams</td><td>strive</td></tr><tr><td style=\"\">inspiration</td><td style=\"\">working</td><td style=\"\">world</td><td>corporate</td><td style=\"\">diverse</td><td style=\"\">stay</td></tr><tr><td style=\"\">harmonious</td><td>we're</td><td style=\"\">standards</td><td style=\"\">value</td><td style=\"\">deliver</td><td>philosophy</td></tr><tr><td style=\"\">expectations</td><td>ways</td><td style=\"\">nintendo’s</td><td style=\"\">spirit</td><td style=\"\">creative</td><td style=\"\">innovation</td></tr><tr><td style=\"\">dreams</td><td style=\"\">voices</td><td style=\"\">new</td><td style=\"\">social</td><td style=\"\">businesses</td><td>guidelines</td></tr><tr><td style=\"\">connecting</td><td style=\"\">voice</td><td style=\"\">issues</td><td style=\"\">products</td><td style=\"\">brand</td><td>group</td></tr><tr><td style=\"\">coexistence</td><td style=\"\">view</td><td style=\"\">impact</td><td>proactive</td><td style=\"\">world</td><td>culture</td></tr><tr><td style=\"\">bandai</td><td>trustworthy</td><td style=\"\">forms</td><td style=\"\">management</td><td style=\"\">viewpoints</td><td style=\"\">create</td></tr></tbody></table></div></body>","mode":"javascript","expandResults":true}},{"cellId":"npqon9vx","type":"text","content":"<p>Grouping Differently<br></p><p>Here we create a second corpus with the texts grouped by&nbsp;<strong>region.</strong>&nbsp;This way we can compare US-oriented statements to Japan-oriented statements.</p><p><strong>Note:&nbsp;</strong>that Nintendo America in this grouping is treated as part of the US region document.<br></p><p></p>"},{"cellId":"zw88d5n0","type":"code","content":{"input":"loadCorpus(slogansXML, {\n  xmlContentXpath: \"//companyText\", // Identifies where the content is\n  xmlDocumentsXpath: \"//companyText\", // Identifies what are to be the documents\n  xmlGroupByXpath: \"//companyText/@region\", // Identifies what to use to group the documents\n  xmlTitleXpath: \"//companyText/@region\" // Identifies what to use to title the documents\n  }).assign(\"regionCorpus\");","output":"<div class=\"spyral-dv-container\"><span class=\"spyral-dv-content\" style=\"margin-left: 0px;\"><span class=\"spyral-dv-left spyral-dv-folder\">regionCorpus: <span class=\"spyral-dv-type\">Object</span><span class=\"spyral-dv-length\">{1}</span> <span class=\"spyral-dv-folder-icon spyral-dv-expanded\"><svg width=\"8\" height=\"8\" class=\"open\"><path d=\"M4 7L0 1h8z\" fill=\"#000\"></path></svg><svg width=\"8\" height=\"8\" class=\"closed\"><path d=\"M7 4L1 8V0z\" fill=\"#000\"></path></svg></span></span><span class=\"spyral-dv-Object spyral-dv-right spyral-dv-expanded\"><span class=\"spyral-dv-content\" style=\"margin-left: 0px;\"><span class=\"spyral-dv-left\">corpusid:&nbsp;</span><span class=\"spyral-dv-String spyral-dv-right\">\"d2a8695005ff563537858adad18e5113\"</span></span></span></span></div>","mode":"javascript","expandResults":true}},{"cellId":"znufy5co","type":"code","content":{"input":"regionCorpus.tool(\"Trends\", {\n  query: \"business*, entertainment*, technology\",\n  style: \"width: 700px; height: 500px\",})\n\n// \"fun*, dream*, entertainment*, experiences*\"","output":"<body data-new-gr-c-s-check-loaded=\"14.1192.0\" data-gr-ext-installed=\"\" class=\"\"><iframe style=\"width: 700px; height: 500px\" src=\"https://voyant-tools.org/tool/Trends/?corpus=d2a8695005ff563537858adad18e5113&amp;forTool=Trends&amp;query=business*%2C+entertainment*%2C+technology\"></iframe></body>","mode":"javascript","expandResults":true}},{"cellId":"su4lsazp","type":"code","content":{"input":"var corpus2Use = regionCorpus // sets the corpus\nvar lengthOfList = 20 // sets the number of rows in the column\nvar stopWordList = 'auto' // sets the keyword list\n\nvar freqsTable = createTable(); // this table will hold the frequency data\n\nloadCorpus(corpus2Use).titles().then(titles => { // fetch an array of document titles\n  return Promise.all( // need to return the Promise so Spyral knows to wait for it before moving on to the next cell\n    // get the terms for each document and wait until they've all completed\n    titles.map((title, i) => loadCorpus(corpus2Use).terms({docIndex: i, limit: lengthOfList, stopList: stopWordList}))\n  ).then((allTerms) => {\n    allTerms.forEach((terms, i) => {\n      var words = terms.map(term => term.term);\n      freqsTable.addColumn({ // add a column to our table\n        header: titles[i], // column header is document title, if we truncate it too much for shakespeare corpus we'll get duplicate column header errors\n        rows: words // rows are the words\n      });\n    })\n    show(freqsTable)\n  });\n})","output":"<body data-new-gr-c-s-check-loaded=\"14.1192.0\" data-gr-ext-installed=\"\" class=\"\"><div class=\"info\"><table class=\"voyantTable\"><thead><tr><th>Japan</th><th>US</th></tr></thead><tbody><tr><td>entertainment</td><td>technology</td></tr><tr><td>business</td><td>people</td></tr><tr><td>services</td><td>nintendo</td></tr><tr><td>csr</td><td>new</td></tr><tr><td>experiences</td><td>future</td></tr><tr><td>corporate</td><td>customers</td></tr><tr><td>products</td><td>believe</td></tr><tr><td>company</td><td>world</td></tr><tr><td>society</td><td>ways</td></tr><tr><td>nintendo</td><td>thinking</td></tr><tr><td>management</td><td>smiles</td></tr><tr><td>customers</td><td>products</td></tr><tr><td>value</td><td>organization</td></tr><tr><td>social</td><td>mission</td></tr><tr><td>smiles</td><td>investing</td></tr><tr><td>provide</td><td>integrity</td></tr><tr><td>mission</td><td>inspire</td></tr><tr><td>future</td><td>innovation</td></tr><tr><td>environment</td><td>innovate</td></tr><tr><td>efforts</td><td>good</td></tr></tbody></table></div></body>","mode":"javascript","expandResults":true}},{"cellId":"qebzcaft","type":"text","content":"<p>There are some suggestive comparisons to be drawn here, but I worry the corpus is too small.&nbsp;<br></p><p>Some thoughts:&nbsp;</p><ul><li>Japanese statements more focused on entertainment, experiences vs US statements more on technology, future, innovation the new</li><li>Japanese statements more focused on services vs US statements more on people and customers<br></li><li>Japanese statements more focused on society and environment</li></ul><p>How can we test/check these differences.</p><p></p>"},{"cellId":"w66avnu4","type":"text","content":"<h2>TF-IDF for all Companies</h2><p>At the presentation of our paper a question was asked about tf-idf for all the different companies and their subsidiaries. I add this code to do that.</p><p></p>"},{"cellId":"a1y14358","type":"code","content":{"input":"loadCorpus(slogansXML, {\n  xmlContentXpath: \"//companyText\", // Identifies where the content is\n  xmlDocumentsXpath: \"//companyText\", // Identifies what are to be the documents\n  xmlTitleXpath: \"//companyText/@name\" // Identifies what to use to title the documents\n  }).assign(\"allCorpus\");","output":"<div class=\"spyral-dv-container\"><span class=\"spyral-dv-content\" style=\"margin-left: 0px;\"><span class=\"spyral-dv-left spyral-dv-folder\">allCorpus: <span class=\"spyral-dv-type\">Object</span><span class=\"spyral-dv-length\">{1}</span> <span class=\"spyral-dv-folder-icon spyral-dv-expanded\"><svg width=\"8\" height=\"8\" class=\"open\"><path d=\"M4 7L0 1h8z\" fill=\"#000\"></path></svg><svg width=\"8\" height=\"8\" class=\"closed\"><path d=\"M7 4L1 8V0z\" fill=\"#000\"></path></svg></span></span><span class=\"spyral-dv-Object spyral-dv-right spyral-dv-expanded\"><span class=\"spyral-dv-content\" style=\"margin-left: 0px;\"><span class=\"spyral-dv-left\">corpusid:&nbsp;</span><span class=\"spyral-dv-String spyral-dv-right\">\"7d6a735f06ed3c97be689147bd6a2f71\"</span></span></span></span></div>","mode":"javascript","expandResults":true}},{"cellId":"cng64hfp","type":"code","content":{"input":"var corpus2Use = allCorpus // sets the corpus\nvar lengthOfList = 20 // sets the number of rows in the column\nvar stopWordList = 'auto' // sets the keyword list\n\nvar freqsTable = createTable(); // this table will hold the frequency data\n\nloadCorpus(corpus2Use).titles().then(titles => { // fetch an array of document titles\n  return Promise.all( // need to return the Promise so Spyral knows to wait for it before moving on to the next cell\n    // get the terms for each document and wait until they've all completed\n    titles.map((title, i) => loadCorpus(corpus2Use).terms({docIndex: i, limit: lengthOfList, stopList: stopWordList}))\n  ).then((allTerms) => {\n    allTerms.forEach((terms, i) => {\n      var words = terms.map(term => term.term);\n      freqsTable.addColumn({ // add a column to our table\n        header: titles[i], // column header is document title, if we truncate it too much for shakespeare corpus we'll get duplicate column header errors\n        rows: words // rows are the words\n      });\n    })\n    show(freqsTable)\n  });\n})","output":"<body data-new-gr-c-s-check-loaded=\"14.1192.0\" data-gr-ext-installed=\"\" class=\"\"><div class=\"info\"><table class=\"voyantTable\"><thead><tr><th>Bandai Namco</th><th>Bandai Namco Entertainment America Inc.</th><th>Microsoft</th><th>Nintendo</th><th>NintendoUS</th><th>Sega Sammy Holdings Inc.</th><th>SegaSamy Creations</th><th>Sony</th><th>Square Enix</th></tr></thead><tbody><tr><td>future</td><td>new</td><td>technology</td><td>nintendo</td><td>nintendo</td><td>society</td><td>statement</td><td>sony</td><td>services</td></tr><tr><td>fun</td><td>integrity</td><td>believe</td><td>csr</td><td>smiles</td><td>experiences</td><td>provide</td><td>business</td><td>customers</td></tr><tr><td>working</td><td>inspire</td><td>people</td><td>smiles</td><td>creating</td><td>business</td><td>innovative</td><td>technology</td><td>entertainment</td></tr><tr><td>services</td><td>future</td><td>organization</td><td>priority</td><td>worlds</td><td>life</td><td>gaming</td><td>entertainment</td><td>contents</td></tr><tr><td>products</td><td>fun</td><td>innovation</td><td>areas</td><td>world</td><td>captivating</td><td>experience</td><td>company</td><td>value</td></tr><tr><td>people</td><td>expectations</td><td>good</td><td>faces</td><td>wholly</td><td>pioneering</td><td>exciting</td><td>new</td><td>happiness</td></tr><tr><td>namco</td><td>ways</td><td>force</td><td>entertainment</td><td>we’re</td><td>mission</td><td>vision</td><td>diversity</td><td>experiences</td></tr><tr><td>harmonious</td><td>unity</td><td>experiences</td><td>touches</td><td>we've</td><td>csr</td><td>uncompromising</td><td>curiosity</td><td>efforts</td></tr><tr><td>create</td><td>thinking</td><td>computing</td><td>social</td><td>wash</td><td>creation</td><td>superior</td><td>solid</td><td>deliver</td></tr><tr><td>connecting</td><td>taking</td><td>benefits</td><td>promote</td><td>video</td><td>corporate</td><td>service</td><td>services</td><td>corporate</td></tr><tr><td>coexistence</td><td>success</td><td>ai</td><td>management</td><td>touch</td><td>value</td><td>relationships</td><td>foundation</td><td>unparalleled</td></tr><tr><td>bandai</td><td>stronger</td><td>achieve</td><td>activities</td><td>today</td><td>spirit</td><td>quality</td><td>excitement</td><td>unforgettable</td></tr><tr><td>appropriate</td><td>strive</td><td>world</td><td>standards</td><td>technology</td><td>social</td><td>products</td><td>dreams</td><td>strive</td></tr><tr><td>worldwide</td><td>step</td><td>working</td><td>products</td><td>surprises</td><td>provide</td><td>passion</td><td>diverse</td><td>stay</td></tr><tr><td>world</td><td>respect</td><td>we're</td><td>nintendo’s</td><td>subsidiary</td><td>proactive</td><td>open</td><td>deliver</td><td>philosophy</td></tr><tr><td>work</td><td>products</td><td>ways</td><td>issues</td><td>share</td><td>management</td><td>mission</td><td>creative</td><td>innovation</td></tr><tr><td>we’re</td><td>proactive</td><td>voices</td><td>impact</td><td>services</td><td>growth</td><td>mind</td><td>businesses</td><td>guidelines</td></tr><tr><td>utilization</td><td>ownership</td><td>voice</td><td>forms</td><td>redmond</td><td>global</td><td>long</td><td>brand</td><td>group</td></tr><tr><td>uniquely</td><td>mutual</td><td>view</td><td>environmental</td><td>products</td><td>feel</td><td>leader</td><td>world</td><td>culture</td></tr><tr><td>title</td><td>mentality</td><td>trustworthy</td><td>continue</td><td>playing</td><td>environment</td><td>lasting</td><td>viewpoints</td><td>create</td></tr></tbody></table></div></body>","mode":"javascript","expandResults":true}},{"cellId":"s0tezsp6","type":"text","content":"<h2>Next Steps</h2><ul><li>We need to add more companies and their statements, especially US and European companies.</li><li>We might add an attribute for type of company to compare mobile game companies to others.</li></ul><p></p>"}]}