{"metadata":{"title":"Spyral Reference Manual Editorial Decisions","userId":"learnspyral@gh","author":"learnspyral","description":"","catalogue":false,"keywords":["tutorials"],"modified":"2022-12-02T17:41:35.006Z","created":"2021-04-15T18:50:06.323Z","language":"English","license":"Creative Commons Attribution (CC BY)","version":"0.1"},"cells":[{"cellId":"d9kjdg8o","type":"text","content":"<p>This Spyral Notebook documents editorial decisions made in creating the Spyral Reference Manual notebooks. It includes information about the thought process behind the reference manual, justification for formatting and content decisions and discussion about best practices.&nbsp;</p>"},{"cellId":"s5ei7aks","type":"text","content":"<p><strong>What is the reference manual?</strong> The reference manual is a series of Spyral Notebooks designed to provide information about using Spyral Notebooks.&nbsp;</p><p><strong>How is the reference manual organized?&nbsp;</strong>The reference manual includes different sections based on the type of information available.&nbsp;</p><ul><li>Tutorial Notebooks: Spyral Notebooks designed to provide an overview of Spyral's functionality as well as basic logistical information for using Spyral. These notebooks are a great place to start if you have no familiarity with Spyral and are interest in learning more about what Spyral Notebooks are, what they can do, and how to use them. The Tutorial Notebooks include a set of notebooks entitled&nbsp;<em>The Art of Literary Text Analysis&nbsp;</em>which are interactive tutorials designed to introduce users both to Spyral's functionality and to digital text analysis concepts.&nbsp;</li><li>Spyral Notebook Documentation: The official documentation for Spyral is an external resource that can be used to look up specific JavaScript code for using Spyral and address topics like saving, editing, and duplicating notebooks.&nbsp;</li><li>Spyral Objects (NOW DEFUNCT): Each notebook in the Spyral Objects series is dedicated to a single JavaScript class. These notebooks are organized following the official Spyral documentation and are designed to provide code examples of the functionality within each JavaScript class. They are also designed to be user-friendly with editable code. <br></li><li>JavaScript Recipes: Each notebook in this series is designed to serve as a stand-alone tutorial walking you through a specific text analysis task from start to finish.<br></li><li>Using Spyral Notebooks: Notebooks show how to use the Spyral interface including practical matters like saving notebooks, duplicating notebooks, and editing notebooks. This series of notebooks does not include information about performing analysis in Spyral. <br></li><li>Tools Notebooks: Each notebook in this series shows how to use a tool from Voyant and provides code that walks through each parameter (customization options) for the tools. <br></li></ul><p><strong>Glossary:&nbsp;</strong>When using JavaScript terminology that may not be familiar to the lay person, link to the <a data-cke-saved-href=\"https://developer.mozilla.org/en-US/docs/Web/JavaScript/Reference\" target=\"_blank\" href=\"https://developer.mozilla.org/en-US/docs/Web/JavaScript/Reference\" data-tabindex-value=\"none\" tabindex=\"-1\" data-tabindex-counter=\"2\">JavaScript Reference page</a>. This will provide users a starting place for more information. For pertinent Spyral and/or Voyant terminology, link to the appropriate documentation page on the <a data-cke-saved-href=\"https://voyant-tools.org/docs/#!/guide\" target=\"_blank\" href=\"https://voyant-tools.org/docs/#!/guide\" data-tabindex-value=\"none\" tabindex=\"-1\" data-tabindex-counter=\"2\">Voyant Tools help site</a>.&nbsp;</p>"},{"cellId":"y6ga1dvf","type":"code","content":{"input":"","output":"<body class=\"\">\n\n \n\n</body>","mode":"javascript","expandResults":true}}]}