{"metadata":{"title":"Category Sets","userId":"learnspyral@gh","author":"Geoffrey Rockwell","description":"Documents the different category sets available.","catalogue":false,"keywords":["categories","Dictionaries","Content Analysis"],"modified":"2024-04-23T17:07:24.406Z","created":"2024-04-23T16:21:56.776Z","language":"English","license":"Creative Commons Attribution-ShareAlike (CC BY-SA)","version":"0.1"},"cells":[{"cellId":"z1x3x90s","type":"text","content":"<p style=\"text-align: center;\">\"A General Inquirer dictionary may be considered as representing an operational explication <br></p><p style=\"text-align: center;\">of the scientist's theory or frame of reference.\" (Stone &amp; Hunt 1963, 242)<br></p><p>This Spyral notebook documents the different sets of General Inquirer categories that we have made available for use in Voyant and Spyral.<br></p><ul><li> For more information about the&nbsp;<a data-cke-saved-href=\"https://inquirer.sites.fas.harvard.edu/\" target=\"_blank\" href=\"https://inquirer.sites.fas.harvard.edu/\">General Inquirer project</a>&nbsp;see&nbsp;<a data-cke-saved-href=\"https://inquirer.sites.fas.harvard.edu/\" href=\"https://inquirer.sites.fas.harvard.edu/\" rev=\"en_rl_none\">https://inquirer.sites.fas.harvard.edu/</a></li><li>For descriptions of the <a data-cke-saved-href=\"https://inquirer.sites.fas.harvard.edu/homecat.htm\" target=\"_blank\" href=\"https://inquirer.sites.fas.harvard.edu/homecat.htm\">Inquirer categories</a> see&nbsp;<a data-cke-saved-href=\"https://inquirer.sites.fas.harvard.edu/homecat.htm\" href=\"https://inquirer.sites.fas.harvard.edu/homecat.htm\" rev=\"en_rl_none\">https://inquirer.sites.fas.harvard.edu/homecat.htm</a></li><li>For information about the categories, the intellectual property rights, and to download the spreadsheets see&nbsp;<a data-cke-saved-href=\"https://inquirer.sites.fas.harvard.edu/spreadsheet_guide.htm\" target=\"_blank\" href=\"https://inquirer.sites.fas.harvard.edu/spreadsheet_guide.htm\">https://inquirer.sites.fas.harvard.edu/spreadsheet_guide.htm</a></li></ul><p>The category sets documented here were taken from the General Inquirer Augmented Spreadsheet. We have grouped together sets of categories based on the General Inquirer <a data-cke-saved-href=\"https://inquirer.sites.fas.harvard.edu/homecat.htm\" target=\"_blank\" href=\"https://inquirer.sites.fas.harvard.edu/homecat.htm\">documentation</a>. Some general points:</p><ul><li>We have not created category sets of all the available categories. For example, we didn't create categories from older smaller lists of words where a more complete superset existed.</li><li>To use a category you need to load the set and then you can call the categories in that set by putting an @ before the name. We give examples below.</li><li>We used the category names used by the General Inquirer and that includes capitalization.</li><li>To learn more about the General Inquirer project and their use of these categories see the <strong>Bibliography</strong> below.</li></ul>"},{"cellId":"rr2hd09e","type":"text","content":"<p>categories.h_adjective<br>categories.h_cognitive<br>categories.h_communication<br>categories.h_institution<br>categories.h_motivation<br>categories.h_object<br>categories.h_overunderstate<br>categories.h_place<br>categories.h_pleasurepain<br>categories.h_posneg<br>categories.h_process<br>categories.h_pronoun<br>categories.h_role<br>categories.h_social<br>categories.h_verb<br>categories.h_yesno</p><p><strong>categories.h_posneg</strong> - This is a set of useful positive and negative and related categories.<br></p><p>&nbsp; &nbsp; &nbsp;Positiv, Negativ, Affil, Hostile, Strong, Power, Weak, Submit, Active, Passive</p><p><strong>categories.h_pleasurepain</strong></p><p>&nbsp; &nbsp; &nbsp;Pleasur, Pain, Feel, Arousal, EMOT, Virtue, Vice</p><p><strong>categories.h_overunderstate</strong><br></p><p>&nbsp; &nbsp; &nbsp;Ovrst, Undrst</p><p><strong>categories.h_institution</strong></p><p>- Academ</p><p>- Doctrin</p><p>- Econ2</p><p>- ECON</p><p>- Exch</p><p>- Exprsv</p><p>- Sports</p><p>- Arts</p><p>- Legal</p><p>- Milit</p><p>- Polit2</p><p>- POLIT</p><p>- Relig</p><p><br></p><p>H-role</p><p>- Role</p><p>- COLL</p><p>- Work</p><p>- Ritual</p><p>- SocRel</p><p><br></p><p>H-social</p><p>- Race</p><p>- Kin2</p><p>- MALE</p><p>- Female</p><p>- NonAdlt</p><p>- HU</p><p>- ANI</p><p><br></p><p>H-place</p><p>- Place</p><p>- Social</p><p>- Region</p><p>- Route</p><p>- Aquatic</p><p>- Land</p><p>- Sky</p><p><br></p><p>H-object</p><p>- Object</p><p>- Tool</p><p>- Food</p><p>- Vehicle</p><p>- BldgPt</p><p>- ComnObj</p><p>- NatObj</p><p>- BodyPt</p><p><br></p><p>H-communication</p><p>- ComForm</p><p>- COM</p><p>- Say</p><p><br></p><p>H-motivation</p><p>- Need</p><p>- Goal</p><p>- Try</p><p>- Means</p><p>- Persist</p><p>- Complet</p><p>- Finish</p><p>- Fail</p><p><br></p><p>H-process</p><p>- NatrPro</p><p>- Begin</p><p>- Vary</p><p>- Increas</p><p>- Decreas</p><p>- Finish — Note this is in the set above too</p><p>- Stay</p><p>- Rise</p><p>- Exert</p><p>- Fetch</p><p>- Travel</p><p>- Fall</p><p><br></p><p>H-cognitive</p><p>- Think</p><p>- Know</p><p>- Causal</p><p>- Ought</p><p>- Perceiv</p><p>- Compare</p><p>- Eval2</p><p>- EVAL</p><p>- Solve</p><p>- Abs2</p><p>- ABS</p><p>- Quality</p><p>- Quan</p><p>- NUMB</p><p>- ORD</p><p>- CARD</p><p>- FREQ</p><p>- DIST</p><p>- Time2</p><p>- TIME</p><p>- Space</p><p>- POS</p><p>- DIM</p><p>- Rel</p><p>- COLOR</p><p><br></p><p>H-pronoun</p><p>- Self</p><p>- Our</p><p>- You</p><p>- Name</p><p><br></p><p>H-yesno</p><p>- Yes</p><p>- No</p><p>- Negate</p><p>- Intro</p><p><br></p><p>SF-verb</p><p>- IAV</p><p>- DAV</p><p>- SV</p><p><br></p><p>SF-adjective</p><p>- IPadj</p><p>- IndAdj</p><p></p>"},{"cellId":"gqn0ma8v","type":"code","content":{"input":"","output":"<body>\n\t\n</body>","mode":"javascript","expandResults":true}},{"cellId":"s8pp6w64","type":"text","content":"<h2>Bibliography</h2><p>Stone, P. J. and E. B. Hunt (1963). A Computer Approach to Content Analysis: Studies Using the General Inquirer. AFIPS '63 (Spring) Proceedings of the May 21-23, 1963, spring joint computer conference, Detroit, Michigan, ACM.<br>&nbsp;&nbsp; &nbsp;First paper about the General Inquirer.</p><p>Stone, P. J., et al. (1966). The General Inquirer: A Computer Approach to Content Analysis. Cambridge, Massachusetts, MIT Press.<br>&nbsp;&nbsp; &nbsp;Key book discussing the tool and its research use.</p><p>Stone, P. J. and I. J. K. Cambridge Computer Associates, Technical Editor (1968). User's Manual for the General Inquirer. Cambridge, Massachusetts, MIT Press.<br>&nbsp;&nbsp; &nbsp;A technical document that outlines how to use the General Inquirer.</p><p>Psathas, G. (1969). \"The General Inquirer: Useful or Not?\" Computers and the Humanities 3(3): 163-174.<br>&nbsp;&nbsp; &nbsp;A review in response to the \"Review Symposium\" of a year before attacking the General Inquirer.</p><p>Kadushin, C., et al. (1968). \"Literary Analysis with the Aid of the Computer: Review Symposium.\" Computers and the Humanities 2(4): 177-202.<br>&nbsp;&nbsp; &nbsp;A review symposium - three authors critical of the General Inquirer and the book about it. The Psathas (1969) was a response.<br></p>"},{"cellId":"pgx2p4yz","type":"text","content":"<p>To learn more check out our <a data-cke-saved-href=\"https://voyant-tools.org/spyral/learnspyral@gh/Tutorials/\" href=\"https://voyant-tools.org/spyral/learnspyral@gh/Tutorials/\" target=\"_blank\">Spyral Tutorials Table of Contents</a> page.</p><p></p>"}]}