{"metadata":{"title":"Using Voyant and Spyral","userId":"learnspyral@gh","author":"learnspyral","description":"","catalogue":false,"keywords":"","modified":"2023-02-16T02:10:09.185Z","created":"2022-04-06T18:29:55.823Z","language":"English","license":"","version":"0.1"},"cells":[{"cellId":"ogfsu3zf","type":"text","content":"<p>Welcome to Spyral! Spyral is an notebook environment that extends Voyant. Here we are using Spyral to teach how to use Spyral&nbsp;notebooks to&nbsp;combine text blocks (like this one) and code blocks (like the next one.) In this notebook we will:<br></p><ol><li>Show you how to<a data-tabindex-counter=\"13\" data-tabindex-value=\"none\" data-cke-saved-href=\"#Editing\" href=\"#Editing\" tabindex=\"-1\" target=\"_self\"> edit, save and load a notebook.</a></li><li>Show you how to create a notebook from Voyant with the <a data-tabindex-counter=\"16\" data-tabindex-value=\"none\" data-cke-saved-href=\"#Voyant\" href=\"#Voyant\" tabindex=\"-1\" target=\"_self\">interactive panels you want and how to embed Voyant panels directly</a>.</li><li>Discuss what you need to <a data-tabindex-counter=\"8\" data-tabindex-value=\"none\" data-cke-saved-href=\"#Growing\" href=\"#Growing\" tabindex=\"-1\" target=\"_self\">grow your notebook and expand it</a>.</li><li>Find <a data-tabindex-counter=\"8\" data-tabindex-value=\"none\" data-cke-saved-href=\"#Next\" href=\"#Next\" tabindex=\"-1\" target=\"_self\">resources </a>to further utilize Spyral notebooks.&nbsp;</li></ol><p><br></p>"},{"cellId":"xjoc5vzb","type":"code","content":{"input":"loadCorpus(\"austen\").tool(\"cirrus\");\n// This is a code block of JavaScript code.\n// When run it should load the Voyant word cloud tool called Cirrus below. ","output":"<body class=\"\"><iframe style=\"width: 350px; height: 350px;\" src=\"https://voyant-tools.org/tool/cirrus/?corpus=austen&amp;forTool=cirrus\"></iframe></body>","mode":"javascript","expandResults":true}},{"cellId":"kvpurds1","type":"text","content":"<h2>Editing Spyral Notebooks</h2><p>Spyral Notebooks are designed to be intuitive. You can edit both code and text cells. This is a text cell. You can format the text using the pop-up style bar. If you know HTML, you can also edit text boxes by clicking on the HTML icon in the pop-up style bar.&nbsp;</p><p>Exercise:&nbsp;</p><ul><li>Transform this sentence to be italicized.&nbsp;</li><li>Insert a picture of your favorite animal or plant into this text box.&nbsp;</li></ul><p>You can also edit code blocks like the one above. Spyral is programmed to provide you with several tools to help you use code blocks. Spyral has linting which means certain terms or functions in JavaScript will be in different colours to help you see what your code is doing. There is also an in-line version of the API documentation right in Spyral. You can access this using the question mark in the top right corner icon bar.</p><p>Exercise:&nbsp;</p><ul><li>Replace the word \"frank\" in the code cell above with \"austen\". What happens? Don't forget to run your code using the play button!</li><li>Replace the tool name \"cirrus\" in the code cell above with a different Voyant tool name (for example \"trends\"). What happens?&nbsp;</li><li>Click on the question mark in the top right-hand corner icon bar.&nbsp;</li></ul><p><br></p>"},{"cellId":"zasvglaq","type":"text","content":"<h2>Adding or Deleting Cells</h2><p>You can add or delete cells to your notebook by using the plus sign (left) and trash icon (right) that appear when you hover over a cell.&nbsp;</p><p>Exercise:&nbsp;</p><ul><li>Add a new cell to this notebook. What kind of cell is it?&nbsp;</li><li>What happens if you hold the shift key while you click on the plus sign? What kind of cell do you get?&nbsp;</li><li>Now delete the cells you have added.&nbsp;</li><li>What if you want to re-arrange your cells. Can you find the arrows to move a cell up or down?&nbsp;</li></ul>"},{"cellId":"murnnywq","type":"text","content":"<h2>Saving Spyral Notebooks</h2><p>Notebooks are saved using an account system through GitHub. In order to save, you will need a GitHub account. You can sign up for one at&nbsp;<a data-cke-saved-href=\"https://github.com/join\" target=\"_blank\" href=\"https://github.com/join\" data-tabindex-value=\"none\" tabindex=\"-1\" data-tabindex-counter=\"6\">https://github.com/join</a>.</p><p>Once you have a GitHub account, click on the account icon in the top right corner of the screen (person icon). You will be prompted to give sync your GitHub account and Spyral. To save your notebook, click on the cloud icon. You have both \"save\" and \"save as\" options.&nbsp;<br></p><p>Exercise:&nbsp;</p><ul><li>Click on the \"save\" option and try to save this notebook. What happens?&nbsp;</li><li>Now click on the \"save as\" and save the notebook with an ID of your choice. This allows you to \"fork\" the notebook or save your edited version.&nbsp;</li></ul>"},{"cellId":"ee79c6ew","type":"text","content":"<h2>Loading Existing Spyral Notebook</h2><p>You can load an existing Spyral Notebook using the open folder icon at the top right-hand corner of the notebook. This can be useful if you know the notebook ID of an existing notebook you would like to fork. You can also open a notebook by using the notebook URL.&nbsp;</p><p>Exercise:&nbsp;</p><ul><li>In a NEW TAB, open an existing notebook by navigating to the URL:&nbsp;<a data-cke-saved-href=\"https://beta.voyant-tools.org/spyral/kaylinland@gh/test/\" target=\"_blank\" href=\"https://beta.voyant-tools.org/spyral/kaylinland@gh/test/\" data-tabindex-value=\"none\" tabindex=\"-1\" data-tabindex-counter=\"4\">https://beta.voyant-tools.org/spyral/kaylinland@gh/test/</a></li><li>Open a new Spyral notebook using the folder icon. How would you open the notebook above using the notebook ID?&nbsp;</li></ul>"},{"cellId":"akue3939","type":"text","content":"<h2>Create New Spyral Notebook from Voyant</h2><p>You've seen how you can edit and fork an existing notebook in Spyral. What if you want to make your own from scratch? One option is to open a notebook through Voyant Tools. You can open a new Spyral notebook from Voyant using the \"Export\" option on any Voyant tool. You can choose to create a new Spyral notebook with your visualization.&nbsp;</p><p>Exercise:&nbsp;</p><ul><li>In a different tab, navigate to Voyant Tools (<a data-cke-saved-href=\"http://voyant-tools.org\" target=\"_blank\" href=\"http://voyant-tools.org\" data-tabindex-value=\"none\" tabindex=\"-1\" data-tabindex-counter=\"4\">voyant-tools.org</a>). Upload a corpus of your choice or use the existing corpora. Choose a tool to explore in Spyral. Create a new Spyral notebook from the export options on the tool you chose.&nbsp;</li><li>You can also make a new Spyral Notebook by clicking on the plus sign in the top right corner of this page. How would you save this new notebook?&nbsp;</li><li>You can also make a new notebook by going to Spyral's URL just like you access Voyant. Navigate to <a data-cke-saved-href=\"http://beta.voyant-tools.org\" target=\"_blank\" href=\"http://beta.voyant-tools.org\" data-tabindex-value=\"none\" tabindex=\"-1\" data-tabindex-counter=\"2\">https://beta-voyant-tools.org/spyral</a>.&nbsp;</li></ul><p><br></p>"},{"cellId":"swb4tqjh","type":"text","content":"<h2>Text Analysis with Your Corpus</h2><p>Now that you've worked through the basics of Spyral, you can use your own corpus and dig into some textual analysis. In the series of code cells below, we will walk you through a few textual analysis tasks including saving your corpus in Spyral, examining word frequency and distribution in your corpus and looking at collocations in your corpus. In order to make the best use of this section, you need to understand the interaction between running code and code output.&nbsp;</p><p>Exercise</p><ul><li>The code below will call up a Voyant panel. Before you run the code, try to determine which panel!&nbsp;</li><li>How would you change the search term used in the code below? What if you wanted to search for \"love\"?&nbsp;</li></ul>"},{"cellId":"dqxrrzcj","type":"code","content":{"input":"loadCorpus(\"austen\").tool(\"Trends\",{\"query\":[\"she*\",\"he*\"], \"style\": \"width: 800px; height: 400px\"});","output":"<body class=\"\">\n<iframe style=\"width: 800px; height: 400px\" float=\"right\" src=\"https://beta.voyant-tools.org/tool/Trends/?corpus=austen&amp;forTool=Trends&amp;query=she*%2Che*\"></iframe>\n</body>","mode":"javascript","expandResults":true}},{"cellId":"f3330trq","type":"text","content":"<h2>Saving Your Voyant Corpus in Spyral</h2><p>In the code block above, the Voyant corpus is called up using the word \"Austen.\" This is because the Austen corpus is a special corpus that has a name on the Voyant server. Your corpus will not have a name, however. If you want to use a corpus you have uploaded in Voyant, you'll need to know the corpus ID which is part of the URL for your corpus. The code below helps you assign a variable name to your corpus to make it easy to refer to in this Spyral notebook.&nbsp;</p><p>Exercise:</p><ul><li>Load your Voyant corpus into this notebook by replacing the code below with your corpus ID&nbsp;</li><li>Assign your corpus a variable name. This is how you will refer to your corpus in code throughout the notebook.&nbsp;</li></ul>"},{"cellId":"lk0q6sii","type":"code","content":{"input":"loadCorpus(\"austen\").assign('austenCorpus');\n//replace 'austen' with your corpus ID and 'austenCorpus' with a name for your corpus","output":"<div class=\"spyral-dv-container\"><span class=\"spyral-dv-content\" style=\"margin-left: 0px;\"><span class=\"spyral-dv-left spyral-dv-folder\">austenCorpus: <span class=\"spyral-dv-type\">Object</span><span class=\"spyral-dv-length\">{1}</span> <span class=\"spyral-dv-folder-icon spyral-dv-expanded\"><svg width=\"8\" height=\"8\" class=\"open\"><path d=\"M4 7L0 1h8z\" fill=\"#000\"></path></svg><svg width=\"8\" height=\"8\" class=\"closed\"><path d=\"M7 4L1 8V0z\" fill=\"#000\"></path></svg></span></span><span class=\"spyral-dv-Object spyral-dv-right spyral-dv-expanded\"><span class=\"spyral-dv-content\" style=\"margin-left: 0px;\"><span class=\"spyral-dv-left\">corpusid:&nbsp;</span><span class=\"spyral-dv-String spyral-dv-right\">\"austen\"</span></span></span></span></div>","mode":"javascript","expandResults":true}},{"cellId":"yczte22h","type":"text","content":"<h2>Uploading a Corpus Directly to Spyral</h2><p>You can also upload data directly to Spyral (bypassing Voyant entirely). To do this, you'll need to change the data type in a code cell. To do this click on the cog on the left-hand side of a code cell. You'll see a data type with options for a file (.txt, .pdf for example), JSON, text, XML, and HTML. To upload a file, choose the \"file\" option. You will need to assign a data name to your file. To convert your file into a Spyral corpus, use the code in cell 14.</p><ul><li>Replace the \"File Upload\" below with a file of your choice. You can always use sites like Project Guttenberg to get texts. As in all digital textual analysis, you'll need to make decisions about how you clean your files and whether you perform pre-processing before uploading your files or directly in Spyral. We won't cover text cleaning in this workshop. You can find more resources in the Art of Literary Text Analysis notebooks referenced at the end of this notebook.</li></ul>"},{"cellId":"qqzmu6g4","type":"data","content":{"input":{"corpusId":"e1d670c94bc299cd939ba3c798d6b53b","type":"file","value":"The Project Gutenberg eBook of Anne of G.txt"},"output":"<div class=\"spyral-dv-container\"><span style=\"margin-left: 0px;\" class=\"spyral-dv-content\"><span class=\"spyral-dv-left spyral-dv-folder\">anne: <span class=\"spyral-dv-type\">Object</span><span class=\"spyral-dv-length\">{1}</span> <span class=\"spyral-dv-folder-icon spyral-dv-expanded\"><svg width=\"8\" height=\"8\" class=\"open\"><path d=\"M4 7L0 1h8z\" fill=\"#000\"></path></svg><svg width=\"8\" height=\"8\" class=\"closed\"><path d=\"M7 4L1 8V0z\" fill=\"#000\"></path></svg></span></span><span class=\"spyral-dv-Object spyral-dv-right spyral-dv-expanded\"><span style=\"margin-left: 0px;\" class=\"spyral-dv-content\"><span class=\"spyral-dv-left\">corpusid:&nbsp;</span><span class=\"spyral-dv-String spyral-dv-right\">\"e1d670c94bc299cd939ba3c798d6b53b\"</span></span></span></span></div>","mode":"corpus","expandResults":true,"dataName":"anne"}},{"cellId":"wvfj6eli","type":"code","content":{"input":"loadCorpus(anne).tool(\"Summary\");\n//Replace \"anne\" with the data name you gave your file in cell 13","output":"<body class=\"\"><iframe style=\"width: 350px; height: 350px;\" src=\"https://voyant-tools.org/tool/Summary/?corpus=e1d670c94bc299cd939ba3c798d6b53b&amp;forTool=Summary\"></iframe></body>","mode":"javascript","expandResults":true}},{"cellId":"hwzlcyf6","type":"text","content":"<h2>Calling Up a Visualization with Your Corpus</h2><p>Now that your corpus has a name, you can call up visualizations from Voyant and edit the parameters (settings) of those visualizations. For example, we can change the code in the cell below to refer to your corpus instead of the Austen corpus.&nbsp;</p><p>Exercise:&nbsp;</p><ul><li>What can you learn from the Summary&nbsp;tool? What are the most frequent words in your corpus?&nbsp;</li></ul><p><br></p>"},{"cellId":"kmnw3m4z","type":"code","content":{"input":"austenCorpus.tool(\"Summary\");\n//Replace austenCorpus with your corpus name from Cell 11 or 14 above.","output":"<body class=\"\">\n<iframe style=\"width: 350px; height: 350px\" float=\"right\" src=\"https://beta.voyant-tools.org/tool/Summary/?corpus=austen&amp;forTool=Summary\"></iframe>\n</body>","mode":"javascript","expandResults":true}},{"cellId":"c9utcy02","type":"text","content":"<h2>Frequencies and Distributions</h2><p>We can use Spyral to examine word frequency and distribution across a corpus. The \"Terms\" tool provides information about the most frequently used terms in your corpus. Run the code below to identify the most frequently used terms in your corpus and see the overall term counts. You can also see a trend line showing the usage of this term across the documents in your corpus.<br></p>"},{"cellId":"yk1rd0ua","type":"code","content":{"input":"austenCorpus.tool(\"corpusterms\");\n//Change austenCorpus to your corpus name","output":"<body class=\"\">\n<iframe style=\"width: 350px; height: 350px\" float=\"right\" src=\"https://beta.voyant-tools.org/tool/corpusterms/?corpus=austen&amp;forTool=corpusterms\"></iframe>\n</body>","mode":"javascript","expandResults":true}},{"cellId":"pzhqlfj9","type":"text","content":"<p>The Voyant \"Trends\" tool shows you the relative frequency of a term across your corpus. You can edit the frequency visualization in the code below by either clicking on the visualization and interacting with it as you would in Voyant or you can edit the code parameters. The benefit of using code parameters is that your preferences will be saved in this notebook and every time you run the code, your visualization will produce the specified results.&nbsp;</p><p>Exercise:&nbsp;</p><ul><li>Change the search terms in the code below to search for terms you think might produce interesting results</li><li>You can search for parts of words or words containing prefixes or suffixes by using the special keys ^ or *. How would you search for all the words in your corpus that begin with the prefix \"anti\"? Hint: hover over the question mark in the search bar in the Trends visualization.&nbsp;</li></ul>"},{"cellId":"q58n21bg","type":"code","content":{"input":"austenCorpus.tool(\"Trends\", {query: \"weather, sunny, windy\"});\n//Replace austenCorpus with your corpus name. Replace the query terms with relevant terms for your corpus.","output":"<body class=\"\">\n<iframe style=\"width: 350px; height: 350px\" float=\"right\" src=\"https://beta.voyant-tools.org/tool/Trends/?corpus=austen&amp;forTool=Trends&amp;query=weather%2C+sunny%2C+windy\"></iframe>\n</body>","mode":"javascript","expandResults":true}},{"cellId":"q1fh5a11","type":"text","content":"<h2>Term Collocates&nbsp;</h2><p>Collocates provide information about words in context. The visualization Terms Berry shows the top frequency terms in the corpus and also provides additional information about other terms that occur near the search term (its collocate). When you hover over a term, it turns green. Other terms that are collocated with the green term turn various degrees of red based on how frequently they are collocated with the green term.</p>"},{"cellId":"m5gjw7tz","type":"code","content":{"input":"austenCorpus.tool('TermsBerry', {numInitialTerms: 50, \"style\": \"width: 800px; height: 400px\"});\n//What happens if you change the number of terms in the code above from 50 to something else?","output":"<body class=\"\">\n<iframe style=\"width: 800px; height: 400px\" float=\"right\" src=\"https://beta.voyant-tools.org/tool/TermsBerry/?corpus=austen&amp;forTool=TermsBerry&amp;numInitialTerms=50\"></iframe>\n</body>","mode":"javascript","expandResults":true}},{"cellId":"mdctj62a","type":"text","content":"<p>Another visualization called the Collocates Graph is similar but shows fewer terms and&nbsp;emphasizes the network of terms: the larger the labels (\"nodes\" in network terminology) the more frequent is the term and the thicker the line (\"edge\" in network graph terminology)&nbsp;the more times the terms co-occur.</p>"},{"cellId":"o32j77km","type":"code","content":{"input":"austenCorpus.tool('CollocatesGraph', {\"style\": \"width: 800px; height: 400px\"});","output":"<body class=\"\">\n<iframe style=\"width: 800px; height: 400px\" float=\"right\" src=\"https://beta.voyant-tools.org/tool/CollocatesGraph/?corpus=austen&amp;forTool=CollocatesGraph\"></iframe>\n</body>","mode":"javascript","expandResults":true}},{"cellId":"mhhx2jou","type":"text","content":"<p>You can use JavaScript to change the Collocates Graph visualization to show different information. For example, you can use \"Centralize\" to specify a term that should be central to the visualization. To give you a taste of Spyral's official documentation, here are the options for changing the Collocates Graph tool in Spyral. For each of these options, you can edit the JavaScript code below</p><ul><li><a data-cke-saved-href=\"https://beta.voyant-tools.org/docs/#!/guide/collocatesgraph\" href=\"https://beta.voyant-tools.org/docs/#!/guide/collocatesgraph\" data-tabindex-value=\"none\" tabindex=\"-1\" data-tabindex-counter=\"2\">CollocatesGraph</a>&nbsp;represents keywords and terms that occur in close proximity as a force directed network graph.<ul><li><strong>centralize</strong>: the term to use for centralize mode (where things are focused on a single word)</li><li><strong>context</strong>: the size of the context (the number of words on each side of the keyword)</li><li><strong>limit</strong>: the number of collocates to load for each keyword</li><li><strong>query</strong>: a query for the keywords (can be comma-separated list)</li><li><strong>stopList</strong>: a named stopword list or comma-separated list of words</li></ul></li></ul>"},{"cellId":"dur5n597","type":"code","content":{"input":"austenCorpus.tool('CollocatesGraph', {centralize: \"said\"});","output":"<body class=\"\">\n<iframe style=\"width: 350px; height: 350px\" float=\"right\" src=\"https://beta.voyant-tools.org/tool/CollocatesGraph/?corpus=austen&amp;forTool=CollocatesGraph&amp;centralize=said\"></iframe>\n</body>","mode":"javascript","expandResults":true}},{"cellId":"hnb0nvx0","type":"text","content":"<h2>Spyral Resources</h2><p>If this tutorial has made you interested in learning more about Spyral, we encourage you to check out the following resources for more information.</p><ul><li><a data-cke-saved-href=\"https://voyant-tools.org/spyral/homeALTA\" href=\"https://voyant-tools.org/spyral/homeALTA\" data-tabindex-value=\"none\" tabindex=\"-1\" data-tabindex-counter=\"2\">The Art of Literary Text Analysis with Spyral Notebooks - Spyral (voyant-tools.org)</a>: A series of notebooks designed to teach the basics of Spyral through digital literary text analysis.&nbsp;</li><li><a data-cke-saved-href=\"https://beta.voyant-tools.org/docs/#!/guide/notebook\" href=\"https://beta.voyant-tools.org/docs/#!/guide/notebook\" data-tabindex-value=\"none\" tabindex=\"-1\" data-tabindex-counter=\"2\">About Spyral - Voyant Tools Help (voyant-tools.org)</a>: The official API documentation for using Spyral.&nbsp;</li></ul>"},{"cellId":"xcdhonag","type":"text","content":"<h2>Saving Your Notebook as HTML</h2><p>IMPORTANT: This notebook was made on the beta version of Spyral. Once the production site is up, URLs from the beta site may no longer be active. To ensure your notebook is saved, we recommend you download an HTML version of your notebook to your computer that you will be able to easily upload to the production Spyral site. To do this, click on the Export icon in the top right corner of this page. Select the option to export HTML (download) under the Export View options. You will be able to upload this HTML notebook to the production site.</p>"}]}