{"metadata":{"title":"Exploring a Small Corpus in a Spyral Notebook","userId":"learnspyral@gh","author":"Stéfan Sinclair & Geoffrey Rockwell","description":"","keywords":["alta"],"modified":"2022-07-15T18:25:12.473Z","created":"2019-06-29T22:23:32.810Z","language":"English","license":"Creative Commons Attribution (CC BY)","version":"0.1"},"cells":[{"cellId":"tksau9xtp4lxfn5v","type":"text","content":"<p>This notebook will help you explore a corpus with Spyral Notebooks (it's part of the&nbsp;<a data-tabindex-counter=\"57\" data-tabindex-value=\"none\" data-cke-saved-href=\"https://voyant-tools.org/spyral/learnspyral@gh/homeALTA\" href=\"https://voyant-tools.org/spyral/learnspyral@gh/homeALTA\" id=\"ext-element-44\" tabindex=\"-1\" target=\"_blank\">Art of Literary Text Analysis with Spyral&nbsp;Notebooks</a>). In particular, we'll look at:<br></p><ul><li><a data-tabindex-counter=\"33\" data-tabindex-value=\"none\" data-cke-saved-href=\"#reuse\" href=\"#reuse\" tabindex=\"-1\">creating a reusable corpus</a></li><li><a data-tabindex-counter=\"32\" data-tabindex-value=\"none\" data-cke-saved-href=\"#freqs\" href=\"#freqs\" tabindex=\"-1\">exploring term frequencies</a></li><li><a data-tabindex-counter=\"32\" data-tabindex-value=\"none\" data-cke-saved-href=\"#distributions\" href=\"#distributions\" tabindex=\"-1\">exploring term distributions</a></li><li><a data-tabindex-counter=\"27\" data-tabindex-value=\"none\" data-cke-saved-href=\"#collocates\" href=\"#collocates\" tabindex=\"-1\">exploring term collocates</a></li><li><a data-tabindex-counter=\"21\" data-tabindex-value=\"none\" data-cke-saved-href=\"#text\" href=\"#text\" tabindex=\"-1\" target=\"_blank\">exploring text</a></li><li><a data-tabindex-counter=\"21\" data-tabindex-value=\"none\" data-cke-saved-href=\"#next\" href=\"#next\" tabindex=\"-1\" target=\"_blank\">next steps</a></li></ul><h2><a id=\"reuse\" data-cke-saved-name=\"reuse\" name=\"reuse\">Crea<span style=\"-webkit-tap-highlight-color: rgba(0, 0, 0, 0);\">t</span>ing a Reusable Corpus</a></h2><p>Most of the code examples until now have created a transient corpus, in other words one that is created and used immediately, but not reused. In what follows we will show how we can create a corpus and reuse it elsewhere in the Spyral notebook.</p><p>It's useful to understand that when we create a corpus we actually get a promise for a corpus that will be delivered later. This is the nature of some Javascript code that runs <a data-tabindex-counter=\"33\" data-tabindex-value=\"none\" data-cke-saved-href=\"https://en.wikipedia.org/wiki/Ajax_(programming)\" href=\"https://en.wikipedia.org/wiki/Ajax_(programming)\" tabindex=\"-1\" target=\"_blank\">asynchronously</a>, in other words where things happen at different times. One way to deal with this situation would be to use something like this syntax (which we won't explain in detail since it's not the syntax we'll use):</p><blockquote><pre>var helloworld;\n<span style=\"background-color:#F0F8FF;\">loadCorpus(\"Hello world!\")</span><span style=\"background-color:#E6E6FA;\">.then(<span style=\"color:#FF0000;\">function(corpus) {\n&nbsp;   helloworld = corpus;\n}</span>)</span>;\n</pre></blockquote><p>Instead we'll use a convenience function of Corpus called <a data-tabindex-counter=\"25\" data-tabindex-value=\"none\" data-cke-saved-href=\"../docs/#!/api/Corpus-method-assign\" href=\"../docs/#!/api/Corpus-method-assign\" tabindex=\"-1\" target=\"_blank\">assign</a>, which takes as an argument a string name that is the variable name that will be used in subsequent code blocks.</p><blockquote><pre>loadCorpus(\"Hello world!\").<span style=\"background-color:#E6E6FA;\">assign(\"helloworld\")</span>;</pre></blockquote><p>Much easier, yes? There are two crucial things to remember:</p><ol><li><code>assign</code> takes a string argument (with quotes) even though later we use the same word as a variable name (without quotes)</li><li>any references to the named corpus should occur in subsequent code blocks (in order to ensure that the corpus has been created)</li></ol><p>We can combine the code from the previous notebook <a data-tabindex-counter=\"33\" data-tabindex-value=\"none\" data-cke-saved-href=\"alta-create#text\" href=\"alta-create#text\" tabindex=\"-1\" target=\"_blank\">Creating a Corpus with Plain Text</a> with this new concept of creating a reusable corpus.</p>"},{"cellId":"5gecxpvsuep7ewfc","type":"code","content":{"input":"\nloadCorpus(\"https://gist.githubusercontent.com/sgsinclair/84c9da05e9e142af30779cc91440e8c1/raw/goldbug.txt\", {\n    inputRemoveUntil: 'THE GOLD-BUG',\n    inputRemoveFrom: 'FOUR BEASTS IN ONE'\n}).assign(\"goldbug\"); // this line is the new part","output":"<body class=\"\">\n\n\n\n\n\n\n\n<div style=\"height: 45px\" id=\"ext-element-42\"><div style=\"height: 31px\"> <div class=\"info\">This corpus has 1 document with 13,731 <span class=\"info-tip\" data-qtip=\"every occurrence of every word (like multiple occurrences of &quot;the&quot;) is counted\">total words</span> and 2,756 <span class=\"info-tip\" data-qtip=\"multiple occurrences of words (like &quot;the&quot;) are counted once\">unique word forms</span>. Created <span class=\"info-tip\" data-qtip=\"2017-06-21, 13:20:57\">about 3 minutes ago</span>.</div></div></div>\n\n\n\n\n\n\n\n</body>","mode":"javascript","expandResults":true}},{"cellId":"2j5x8qtskgyap2f4","type":"text","content":"<p>By running this code in its own <a data-tabindex-counter=\"33\" data-tabindex-value=\"none\" data-cke-saved-href=\"alta-start#code\" href=\"alta-start#code\" tabindex=\"-1\" target=\"_blank\">code block</a> we ensure that subsequent code blocks will have access to our new <code>goldbug</code> corpus variable. (But don't forget that this first code block needs to be executed before subsequent blocks have access to the variable – it may help to start by running all code blocks.) In the code block below we reuse the goldbug corpus to show a summary of the corpus.</p>"},{"cellId":"zh3e9jbv5eynuao6","type":"code","content":{"input":"\ngoldbug.tool('summary'); // we are reusing the goldbug corpus","output":"<body class=\"\">\n\n\n\n\n\n\n\n<div style=\"height: 432px\" id=\"ext-element-43\"><div style=\"height: 418px\"> <div class=\"info\"><iframe style=\"width: 90%; height: 400px\" id=\"ext-500\" name=\"ext-500\" src=\"https://voyant-tools.org/tool/Summary/?minimal=true&amp;embeddedApiId=b6745a31a20d8ba8ebcaebbacf42db92&amp;corpus=38683ce0ee7dc5f581735ed14938c679\" data-tabindex-value=\"none\" tabindex=\"-1\" data-tabindex-counter=\"9\"></iframe></div></div></div>\n\n\n\n\n\n\n\n</body>","mode":"javascript","expandResults":true}},{"cellId":"ntcvbb3b29ho8q5u","type":"text","content":"<h2><a id=\"freqs\" name=\"freqs\" data-cke-saved-name=\"freqs\">Exploring Term Frequencies</a></h2><p>So, we have a reusable corpus in Spyral, now what? Sometimes we come to a corpus with pre-existing questions, sometimes we just want to start exploring. We can begin with simple term frequencies, what are the most frequent terms in the document? To start exploring, we can use the Cirrus word cloud visualization – we can use the <a data-tabindex-counter=\"32\" data-tabindex-value=\"none\" data-cke-saved-href=\"../docs/#!/api/Corpus-method-embed\" href=\"../docs/#!/api/Corpus-method-embed\" tabindex=\"-1\" target=\"_blank\">embed</a> function of our <a data-tabindex-counter=\"32\" data-tabindex-value=\"none\" data-cke-saved-href=\"../docs/#!/api/Corpus\" href=\"../docs/#!/api/Corpus\" tabindex=\"-1\" target=\"_blank\">corpus</a> and specify the <a data-tabindex-counter=\"32\" data-tabindex-value=\"none\" data-cke-saved-href=\"../docs/#!/guide/cirrus\" href=\"../docs/#!/guide/cirrus\" tabindex=\"-1\" target=\"_blank\">Cirrus</a> tool to use.</p>"},{"cellId":"6y9uc685t18h1bvb","type":"code","content":{"input":"\ngoldbug.tool('cirrus');","output":"<body class=\"\">\n\n\n\n\n\n\n\n<div style=\"height: 432px\" id=\"ext-element-44\"><div style=\"height: 418px\"> <div class=\"info\"><iframe style=\"width: 90%; height: 400px\" id=\"ext-501\" name=\"ext-501\" src=\"https://voyant-tools.org/tool/Cirrus/?minimal=true&amp;embeddedApiId=b6745a31a20d8ba8ebcaebbacf42db92&amp;corpus=38683ce0ee7dc5f581735ed14938c679\" data-tabindex-value=\"none\" tabindex=\"-1\" data-tabindex-counter=\"9\"></iframe></div></div></div>\n\n\n\n\n\n\n\n</body>","mode":"javascript","expandResults":true}},{"cellId":"clnvnushc3jo02f2","type":"text","content":"<p>The layout of the terms will change, but the relative size of terms will express frequency in the document. We can notice a few things immediately that are fairly distinctive of prose literature, for instance the high frequency of the term \"said\" (often used to report speeches by characters). Another typical characteristic of literature is the high frequency of character names (\"legrand\", \"jupiter\",&nbsp;\"massa\",&nbsp;etc.). More noticeable here are other terms such as \"bug\", \"parchment\" and \"skull\".</p><p>The word cloud is a very useful way to get a quick overview of high frequency terms, but it's also fairly limited. For instance, we are limited to the high frequency terms, we can't search for other terms, and we get no other information than term frequency. To dig a bit deeper we can invoke&nbsp;the <a data-cke-saved-href=\"../docs/#!/guide/corpusterms\" href=\"../docs/#!/guide/corpusterms\" target=\"_blank\" data-tabindex-value=\"none\" tabindex=\"-1\" data-tabindex-counter=\"32\">Corpus Terms</a> tool.</p>"},{"cellId":"c9va5tpnq2bb3r2l","type":"code","content":{"input":"\ngoldbug.tool('corpusterms');","output":"<body class=\"\">\n\n\n\n\n\n\n\n<div style=\"height: 432px\" id=\"ext-element-45\"><div style=\"height: 418px\"> <div class=\"info\"><iframe style=\"width: 90%; height: 400px\" id=\"ext-502\" name=\"ext-502\" src=\"https://voyant-tools.org/tool/CorpusTerms/?minimal=true&amp;embeddedApiId=b6745a31a20d8ba8ebcaebbacf42db92&amp;corpus=38683ce0ee7dc5f581735ed14938c679\" data-tabindex-value=\"none\" tabindex=\"-1\" data-tabindex-counter=\"9\"></iframe></div></div></div>\n\n\n\n\n\n\n\n</body>","mode":"javascript","expandResults":true}},{"cellId":"y66jewlvl0wb5h4x","type":"text","content":"<p>The top frequency terms are indicated here (albeit in a less visually interesting way that with Cirrus), but we also have access to additional functionality available. Because this is a corpus with just one document, some of the columns are less relevant (like Trend, which shows the distribution of terms across several documents). However, we do have the possibility of scrolling down the list to see additional terms.</p><p>One thing we might notice is that there's an entry for \"jupiter\" (one of the character names that appears capitalized in the text), but also entries for \"jupiter's\" and \"jup\" (and possibly others). In fact, we can ask what terms appear that have the prefix \"jup*\".</p><p>In the code below we demonstrate the syntax for providing a query to a requested tool – the general form is something like this (where the options are defined by&nbsp;<a data-tabindex-counter=\"32\" data-tabindex-value=\"none\" data-cke-saved-href=\"../docs/#!/api/Voyant.panel.CorpusTerms\" href=\"../docs/#!/api/Voyant.panel.CorpusTerms\" tabindex=\"-1\" target=\"_blank\">Corpus Terms</a>):</p><blockquote><pre>corpus.tool('toolname', { options } );</pre></blockquote><p>The syntax of the actual query is defined by the <a data-tabindex-counter=\"32\" data-tabindex-value=\"none\" data-cke-saved-href=\"../docs/#!/guide/search\" href=\"../docs/#!/guide/search\" tabindex=\"-1\" target=\"_blank\">search box</a> (you can hover over the question mark in the search box for more information).</p><p>We also demonstrate here the use of the height and width parameters when <a data-tabindex-counter=\"28\" data-tabindex-value=\"none\" data-cke-saved-href=\"../docs/#!/api/Corpus-method-embed\" href=\"../docs/#!/api/Corpus-method-embed\" tabindex=\"-1\" target=\"_blank\">embedding</a> a tool (we don't need to take up the full size given to a tool by default.</p>"},{"cellId":"8hgorxoi1a0tsr4n","type":"code","content":{"input":"\ngoldbug.tool('corpusterms', {query: \"^jup*,jup*\", width: \"400px\", height: \"250px\"});","output":"<body class=\"\">\n\n\n\n\n\n\n\n<div style=\"height: 282px\" id=\"ext-element-46\"><div style=\"height: 268px\"> <div class=\"info\"><iframe style=\"width: 400px; height: 250px\" id=\"ext-503\" name=\"ext-503\" src=\"https://voyant-tools.org/tool/CorpusTerms/?minimal=true&amp;embeddedApiId=3b3f97965915a3de691650a46e04ed66&amp;corpus=38683ce0ee7dc5f581735ed14938c679\" data-tabindex-value=\"none\" tabindex=\"-1\" data-tabindex-counter=\"9\"></iframe></div></div></div>\n\n\n\n\n\n\n\n</body>","mode":"javascript","expandResults":true}},{"cellId":"n9gq23mhe84j59ik","type":"text","content":"<p>The results can be broken down into the two query parts (separated by a comma):</p><ul><li><code>jup*</code>: the total frequency of all terms that start with jup</li><li><code>^jup*</code>: the frequency of each term that starts with jup (\"jupiter\", \"jupiter's\" and \"jup\")</li></ul><h2><a id=\"distributions\" name=\"distributions\" data-cke-saved-name=\"distributions\">Exploring Term Distributions</a></h2><p>Beyond term frequencies it can be interesting to explore how evenly terms are distributed in a corpus or in a document – is a given term more present at the beginning, middle or end? As with term frequencies, we have access to a convenient visualization for term distributions called <a data-tabindex-counter=\"31\" data-tabindex-value=\"none\" data-cke-saved-href=\"../../docs/#!/guide/trends\" href=\"../../docs/#!/guide/trends\" tabindex=\"-1\">Trends</a>. Since our corpus is comprised of a single document, Trends will show term distributions within that document (as opposed to term distributions across several documents in a corpus).</p>"},{"cellId":"hbuhfvlmghsa8jh8","type":"code","content":{"input":"\ngoldbug.tool('trends');","output":"<body class=\"\">\n\n\n\n\n\n\n\n<div style=\"height: 432px\" id=\"ext-element-47\"><div style=\"height: 418px\"> <div class=\"info\"><iframe style=\"width: 90%; height: 400px\" id=\"ext-504\" name=\"ext-504\" src=\"https://voyant-tools.org/tool/Trends/?minimal=true&amp;embeddedApiId=b6745a31a20d8ba8ebcaebbacf42db92&amp;corpus=38683ce0ee7dc5f581735ed14938c679\" data-tabindex-value=\"none\" tabindex=\"-1\" data-tabindex-counter=\"9\"></iframe></div></div></div>\n\n\n\n\n\n\n\n</body>","mode":"javascript","expandResults":true}},{"cellId":"dnjpzvf76yiw10gn","type":"text","content":"<p>By default Trends will show the distribution&nbsp;of the top 5 terms in our document. Because we are in single document mode, we see the raw frequencies for 10 equal segments of text: Spyral divides the text into 10 equal parts and then counts frequencies in each part. We can use the \"Segments\" slider to get a finer-tune look at distribution, dividing the document into 20 segments, for instance.</p>\n\n<p>We can click on the terms in the top legend to toggle them on and off. If click (hide) \"bug\", \"massa\", and \"said\" we can see more clearly that the character names \"legrand\" and \"jupiter\" are used during the first half of the document much more than in the second half – something worth exploring perhaps. We can produce a more specific graph in a way similar to what we did for Corpus Terms, though this time we're using configuration options for <a href=\"../../docs/#!/api/Voyant.panel.Trends\" target=\"_blank\" data-tabindex-value=\"none\" tabindex=\"-1\" data-tabindex-counter=\"31\">Trends</a>.</p>\n\n<p>&nbsp;</p>\n"},{"cellId":"fetb8hzueo0q29t6","type":"code","content":{"input":"\ngoldbug.tool('trends', {query: \"jupiter,legrand\"});","output":"<body class=\"\">\n\n\n\n\n\n\n\n<div style=\"height: 432px\" id=\"ext-element-48\"><div style=\"height: 418px\"> <div class=\"info\"><iframe style=\"width: 90%; height: 400px\" id=\"ext-515\" name=\"ext-515\" src=\"https://voyant-tools.org/tool/Trends/?minimal=true&amp;embeddedApiId=e2f8522372ca5067f19d290807c47f61&amp;corpus=38683ce0ee7dc5f581735ed14938c679\" data-tabindex-value=\"none\" tabindex=\"-1\" data-tabindex-counter=\"9\"></iframe></div></div></div>\n\n\n\n\n\n\n\n</body>","mode":"javascript","expandResults":true}},{"cellId":"9lopy8v3818uey1w","type":"text","content":"<p>Another useful visualization for distribution is TermsRadio since it shows more terms than the Trends tool. The TermsRadio is intended to scroll across the distributions, but we can request to see all of the bins at once using the bins and visibleBins parameters.</p>\n"},{"cellId":"nt5m3f37zqfsws7f","type":"code","content":{"input":"\ngoldbug.tool('termsradio', {bins: 10, visibleBins: 10, height: '600px'});","output":"<body class=\"\">\n\n\n\n\n\n\n\n<div style=\"height: 632px\" id=\"ext-element-49\"><div style=\"height: 618px\"> <div class=\"info\"><iframe style=\"width: 90%; height: 600px\" id=\"ext-506\" name=\"ext-506\" src=\"https://voyant-tools.org/tool/TermsRadio/?minimal=true&amp;embeddedApiId=f04d2efb03a5ca13eea7f7db7a109a81&amp;corpus=38683ce0ee7dc5f581735ed14938c679\" data-tabindex-value=\"none\" tabindex=\"-1\" data-tabindex-counter=\"9\"></iframe></div></div></div>\n\n\n\n\n\n\n\n</body>","mode":"javascript","expandResults":true}},{"cellId":"ozyi9whi03qsqgyu","type":"text","content":"<p>This tool reveals some potentially interesting things that we hadn't seen before. For instance, the word \"parchment\" is very high frequency, but limited to one portion of the text. Segment 9 also shows an intriguing set of words about words: \"word\", \"characters\", \"word\".</p>\n\n<p>This tool is useful, but we're still somewhat limited to the highest frequency terms. However, we can request a grid of all the Document Terms. In contrast to the Corpus Terms seen earlier, Document Terms also shows distribution graphs on the right for each word.</p>\n"},{"cellId":"iukbiq7xmdgkl18y","type":"code","content":{"input":"\ngoldbug.tool(\"DocumentTerms\", {width: \"400px\", height: \"300px\"});","output":"<body class=\"\">\n\n\n\n\n\n\n\n<div style=\"height: 332px\" id=\"ext-element-50\"><div style=\"height: 318px\"> <div class=\"info\"><iframe style=\"width: 400px; height: 300px\" id=\"ext-507\" name=\"ext-507\" src=\"https://voyant-tools.org/tool/DocumentTerms/?minimal=true&amp;embeddedApiId=b6745a31a20d8ba8ebcaebbacf42db92&amp;corpus=38683ce0ee7dc5f581735ed14938c679\" data-tabindex-value=\"none\" tabindex=\"-1\" data-tabindex-counter=\"9\"></iframe></div></div></div>\n\n\n\n\n\n\n\n</body>","mode":"javascript","expandResults":true}},{"cellId":"22gbg5u7hsd180p5","type":"text","content":"<h2><a id=\"collocates\" name=\"collocates\" data-cke-saved-name=\"collocates\">Exploring Term Collocates</a></h2><p>We have looked at term frequencies and term distributions, but we have yet to explore how words are used in context. To do that we explore what are called collocates or terms that are co-located in proximity to terms of interest. As we have previously done, we can start with an interesting visualization and then drill down more from there. The visualization is called TermsBerry and it serves two primary purposes:</p><ol><li>just as with Cirrus, it shows the top frequency terms in our corpus</li><li>when you hover over a term it shows information about other terms that occur nearby (collocate)</li></ol><p><br></p>"},{"cellId":"2q82ush6om62otra","type":"code","content":{"input":"\ngoldbug.tool('TermsBerry', {width: \"600px\", height: \"600px\"});","output":"<body class=\"\">\n\n\n\n\n\n\n\n<div style=\"height: 632px\" id=\"ext-element-51\"><div style=\"height: 618px\"> <div class=\"info\"><iframe style=\"width: 600px; height: 600px\" id=\"ext-508\" name=\"ext-508\" src=\"https://voyant-tools.org/tool/TermsBerry/?minimal=true&amp;embeddedApiId=b6745a31a20d8ba8ebcaebbacf42db92&amp;corpus=38683ce0ee7dc5f581735ed14938c679\" data-tabindex-value=\"none\" tabindex=\"-1\" data-tabindex-counter=\"9\"></iframe></div></div></div>\n\n\n\n\n\n\n\n</body>","mode":"javascript","expandResults":true}},{"cellId":"hu6pgchl7ssc0ix4","type":"text","content":"<p>Hovering over different words to see collocates: hours of fun :). A somewhat similar tool is Collocates Graph, though it shows fewer terms and emphasizes the network of terms: the larger the labels (\"nodes\" in network terminology) the more frequent is the term and the thicker the line (\"edge\" in network graph terminology)&nbsp;the more times the terms co-occur.</p>\n"},{"cellId":"hne3lzmf1fo66hj0","type":"code","content":{"input":"\ngoldbug.tool('CollocatesGraph', {width: \"500px\", height: \"500px\"});","output":"<body class=\"\">\n\n\n\n\n\n\n\n<div style=\"height: 532px\" id=\"ext-element-52\"><div style=\"height: 518px\"> <div class=\"info\"><iframe style=\"width: 500px; height: 500px\" id=\"ext-509\" name=\"ext-509\" src=\"https://voyant-tools.org/tool/CollocatesGraph/?minimal=true&amp;embeddedApiId=b6745a31a20d8ba8ebcaebbacf42db92&amp;corpus=38683ce0ee7dc5f581735ed14938c679\" data-tabindex-value=\"none\" tabindex=\"-1\" data-tabindex-counter=\"9\"></iframe></div></div></div>\n\n\n\n\n\n\n\n</body>","mode":"javascript","expandResults":true}},{"cellId":"3ucqpydf5leugayy","type":"text","content":"<p>The green terms are keywords and the red terms are collocates. You can fetch more collocates by increasing the value of the Context slider.</p>\n\n<p>One term we might want to consider in more detail is \"massa\". In fact, we can right-click (or ctrl-click) on the term's label in the graph above and choose \"Centralize\". Or, of course, we can generate a new tool to do the same.</p>\n"},{"cellId":"k7g6o94ionpjsnpl","type":"code","content":{"input":"\n// FIXME: this doesn't yet work\ngoldbug.tool('CollocatesGraph', {centralize: \"massa\"})","output":"<body class=\"\">\n\n\n\n\n\n\n\n<div style=\"height: 432px\" id=\"ext-element-53\"><div style=\"height: 418px\"> <div class=\"info\"><iframe style=\"width: 90%; height: 400px\" id=\"ext-510\" name=\"ext-510\" src=\"https://voyant-tools.org/tool/CollocatesGraph/?minimal=true&amp;embeddedApiId=762a6ee4c3dc9ee34dbdbcf6833eec15&amp;corpus=38683ce0ee7dc5f581735ed14938c679\" data-tabindex-value=\"none\" tabindex=\"-1\" data-tabindex-counter=\"9\"></iframe></div></div></div>\n\n\n\n\n\n\n\n</body>","mode":"javascript","expandResults":true}},{"cellId":"w5dab9a1maobnrxj","type":"text","content":"<p>A graph like this certainly helps to identify words that occur close to a term of interest, and in this case we notice several non-English words (or words that aren't standard English: <em>dis</em>, <em>data</em>, <em>fer</em>, <em>ting</em>, etc. If we've read the text there's no mystery here, but sometimes exploratory text analysis is used when there's too much text to read or when we want to determine what parts of the text are worth reading in more detail. If we want a sense of how \"massa\" is used, we can request the Contexts tool, which provides words to the left and right of each occurrence of our keyword.</p>\n"},{"cellId":"3gjpbxf5fbo9s4p7","type":"code","content":{"input":"\ngoldbug.tool('Contexts', {query: \"massa\"})","output":"<body class=\"\">\n\n\n\n\n\n\n\n<div style=\"height: 432px\" id=\"ext-element-54\"><div style=\"height: 418px\"> <div class=\"info\"><iframe style=\"width: 90%; height: 400px\" id=\"ext-511\" name=\"ext-511\" src=\"https://voyant-tools.org/tool/Contexts/?minimal=true&amp;embeddedApiId=744079436a9c699ae9932c5823d8997d&amp;corpus=38683ce0ee7dc5f581735ed14938c679\" data-tabindex-value=\"none\" tabindex=\"-1\" data-tabindex-counter=\"9\"></iframe></div></div></div>\n\n\n\n\n\n\n\n</body>","mode":"javascript","expandResults":true}},{"cellId":"j1iw1gwx932em6zs","type":"text","content":"<p>The Contexts tool has a slider to adjust the amount of context that is shown for each occurrence, though we are still limited by the space available in the rows. If we want a true sense of the word's context, we can click on the plus sign in the left-most column, which will expand that particular occurrence. For instance, here's what we see in the first occurrence:</p><blockquote><p>In these excursions he was usually accompanied by an old negro, called Jupiter, who had been manumitted before the reverses of the family, but who could be induced, neither by threats nor by promises, to abandon what he considered his right of attendance upon the footsteps of his young “<span class=\"keyword\">Massa Will</span>.” It is not improbable that the relatives of Legrand, conceiving him to be somewhat unsettled in intellect, had contrived to instil this obstinacy into Jupiter, with a view to the supervision and guardianship of the wanderer.</p></blockquote><p>What we learn from this is that the character who says \"Massa Will\" is Jupiter and we suppose that the other words are attempts to convey Jupiter's dialect (as we see clearly in subsequent occurrences). It's worth mentioning that \"Will\" here is a character name, but we would likely have missed that since \"will\" is also a common verb and noun.</p><p>If we want to see groupings of words with \"massa\" we can use the <a data-cke-saved-href=\"../docs/#!/guide/phrases\" href=\"../docs/#!/guide/phrases\" target=\"_blank\" data-tabindex-value=\"none\" tabindex=\"-1\" data-tabindex-counter=\"22\">Phrases</a> tool or the more visual <a data-cke-saved-href=\"../docs/#!/guide/wordtree\" href=\"../docs/#!/guide/wordtree\" target=\"_blank\" data-tabindex-value=\"none\" tabindex=\"-1\" data-tabindex-counter=\"22\">WordTree</a> tool.</p>"},{"cellId":"8muysefnqlqyip2n","type":"code","content":{"input":"\ngoldbug.tool('WordTree', {query: \"massa\"})","output":"<body class=\"\"></body>","mode":"javascript","expandResults":true}},{"cellId":"eum6g29a5chgr0sb","type":"text","content":"<p>As with many tools, the size of the words matter, and we can see that to the left there are multiple occurrences of \"No, Massa\", \"Why, Massa\" and \"Yes, Massa\" (hover over a term for more information and click on it to expand or collapse it). To the right, as we've already seen, we have \"Massa Will\" and several other forms following a comma.</p><h2><a id=\"text\" name=\"text\" data-cke-saved-name=\"text\">Exploring Text</a></h2><p>In this simple example of exploring Poe's \"Gold Bug\" we've looked at various ways of studying term frequencies, distributions and collocates, but we haven't actually read the text (unless you read it at the end of the previous notebook on <a data-tabindex-counter=\"21\" data-tabindex-value=\"none\" data-cke-saved-href=\"http://alta-create#text\" href=\"http://alta-create#text\" tabindex=\"-1\" target=\"_blank\">Creating a Corpus in Text</a>). Whether one reads a text first, and then analyzes, or analyzes and then reads, or analyzes and reads at the same time, will depend on many factors, including the nature of the corpus and the nature of one's motivations for using Spyral. In any case, it's simple enough to start reading!</p>"},{"cellId":"ke3rmvnugak0c7gf","type":"code","content":{"input":"\ngoldbug.tool('Reader');","output":"<body class=\"\"></body>","mode":"javascript","expandResults":true}},{"cellId":"vj8ilyai0v8j6dgw","type":"text","content":"<h2><a id=\"next\" data-cke-saved-name=\"next\" name=\"next\">Next Steps</a></h2><p>Here are some exercises to try, based on the contents of this notebook:</p><ul><li>the \"Gold Bug\" is partly about cryptography, what keywords in Corpus Terms might help us identify and study that?</li><li>the term \"bug\" is distributed unevenly, when (distriibution) and how (collocates) is it used?<br></li><li>create a new corpus from a different <a data-tabindex-counter=\"21\" data-tabindex-value=\"none\" data-cke-saved-href=\"https://www.gutenberg.org/wiki/Short_Stories_(Bookshelf)\" href=\"https://www.gutenberg.org/wiki/Short_Stories_(Bookshelf)\" tabindex=\"-1\" target=\"_blank\">short story</a>&nbsp;and start exploring it in the same way we did here&nbsp;</li></ul><p>If you're working sequentially&nbsp;through the <a data-tabindex-counter=\"31\" data-tabindex-value=\"none\" data-cke-saved-href=\"https://voyant-tools.org/spyral/learnspyral@gh/homeALTA\" href=\"https://voyant-tools.org/spyral/learnspyral@gh/homeALTA\" tabindex=\"-1\" target=\"_blank\">Art of Literary Text Analysis with Spyral&nbsp;Notebooks</a>, the next notebook&nbsp;is <a data-tabindex-counter=\"21\" data-tabindex-value=\"none\" data-cke-saved-href=\"https://voyant-tools.org/spyral/learnspyral@gh/tableALTA/\" href=\"https://voyant-tools.org/spyral/learnspyral@gh/tableALTA/\" tabindex=\"-1\" target=\"_blank\" id=\"ext-element-10\">Introducing Tables</a>.<br></p>"}]}