{"metadata":{"title":"Getting Help with Spyral","userId":"learnspyral@gh","author":"Kaylin Land","description":"","catalogue":true,"keywords":["tutorials"],"modified":"2024-03-03T14:31:15.452Z","created":"2022-02-01T19:04:07.777Z","language":"English","license":"Creative Commons Attribution (CC BY)","version":"0.1"},"cells":[{"cellId":"d9e7jga6","type":"text","content":"<h2>This Spyral Notebook is designed to highlight the resources available to support you with Spyral</h2><h3>Table of Contents of Notebook:</h3><ul><li>Tutorial Notebooks</li><li>Spyral Documentation</li><li>Using Spyral Notebooks</li><li>JavaScript Recipes</li><li>Submit Issue to GitHub</li></ul>"},{"cellId":"zqm5368a","type":"text","content":"<h2>Tutorial Notebooks</h2><p>We have written a series of tutorial notebooks to help you utilize Spyral. If you are brand new to Spyral, we recommend starting with our introductory notebook entitled <a data-cke-saved-href=\"https://voyant-tools.org/spyral/learnspyral@gh/aboutspyral/\" target=\"_blank\" href=\"https://voyant-tools.org/spyral/learnspyral@gh/aboutspyral/\" data-tabindex-value=\"none\" tabindex=\"-1\" data-tabindex-counter=\"2\">Introduction to Spyral</a>. This notebook provides an overview to using Spyral and demonstrates its interoperability with Voyant Tools. Once you've worked through the Introduction to Spyral notebook, we recommend reading through the <a data-cke-saved-href=\"https://voyant-tools.org/spyral/learnspyral@gh/dialogica/\" target=\"_blank\" href=\"https://voyant-tools.org/spyral/learnspyral@gh/dialogica/\" data-tabindex-value=\"none\" tabindex=\"-1\" data-tabindex-counter=\"1\">Dialogica: Welcome to Spyral Notebook</a> which offers a more comprehensive introduction to Spyral and shows you the basic functions of a Spyral notebook.</p><ul></ul>"},{"cellId":"poa722m8","type":"text","content":"<h2>Spyral Documentation</h2><p>If you are comfortable with the format of Spyral Notebooks and would like to read the official documentation, you can find the api at:</p><p><a data-cke-saved-href=\"https://voyant-tools.org/docs/#!/api/Spyral.Corpus\" target=\"_blank\" href=\"https://voyant-tools.org/docs/#!/api/Spyral.Corpus\" data-tabindex-value=\"none\" tabindex=\"-1\" data-tabindex-counter=\"1\">https://voyant-tools.org/docs/#!/api/Spyral.Corpus</a></p><p>In order to understand the documentation, you'll need to have a fairly concrete grasp on JavaScript, the programming language that Spyral uses.</p>"},{"cellId":"f85gel24","type":"text","content":"<h2>Using Spyral Notebooks</h2><p>For more specific processes in Spyral, you can refer to the Using Spyral notebooks. This series of notebooks is designed to show you the nuts and bolts of using Spyral as a program. They do not cover specific coding tasks. This notebook \"Getting Help with Spyral\" is part of this series.</p><ul><li>Creating and Saving Spyral Notebooks: <a data-cke-saved-href=\"https://voyant-tools.org/spyral/learnspyral@gh/create/\" target=\"_blank\" href=\"https://voyant-tools.org/spyral/learnspyral@gh/create/\" data-tabindex-value=\"none\" tabindex=\"-1\" data-tabindex-counter=\"18\" id=\"ext-element-10\">https://voyant-tools.org/spyral/learnspyral@gh/create/ </a></li><li>Editing a Notebook: <a data-cke-saved-href=\"https://voyant-tools.org/spyral/learnspyral@gh/edit/\" target=\"_blank\" href=\"https://voyant-tools.org/spyral/learnspyral@gh/edit/\" data-tabindex-value=\"none\" tabindex=\"-1\" data-tabindex-counter=\"18\">https://voyant-tools.org/spyral/learnspyral@gh/edit/</a></li><li>Getting Help: <a data-cke-saved-href=\"https://voyant-tools.org/spyral/learnspyral@gh/help/\" target=\"_blank\" href=\"https://voyant-tools.org/spyral/learnspyral@gh/help/\" data-tabindex-value=\"none\" tabindex=\"-1\" data-tabindex-counter=\"18\">https://voyant-tools.org/spyral/learnspyral@gh/help/</a></li><li>Loading Data: <a data-cke-saved-href=\"https://voyant-tools.org/spyral/learnspyral@gh/data/\" target=\"_blank\" href=\"https://voyant-tools.org/spyral/learnspyral@gh/data/\" data-tabindex-value=\"none\" tabindex=\"-1\" data-tabindex-counter=\"18\">https://voyant-tools.org/spyral/learnspyral@gh/data/</a></li><li>Exporting and Importing Notebooks: <a data-cke-saved-href=\"https://voyant-tools.org/spyral/learnspyral@gh/import/\" target=\"_blank\" href=\"https://voyant-tools.org/spyral/learnspyral@gh/import/\" data-tabindex-value=\"none\" tabindex=\"-1\" data-tabindex-counter=\"18\">https://voyant-tools.org/spyral/learnspyral@gh/import/</a></li><li>Working with GitHub: <a data-cke-saved-href=\"https://voyant-tools.org/spyral/learnspyral@gh/images/\" target=\"_blank\" href=\"https://voyant-tools.org/spyral/learnspyral@gh/images/\" data-tabindex-value=\"none\" tabindex=\"-1\" data-tabindex-counter=\"18\">https://voyant-tools.org/spyral/learnspyral@gh/images/</a></li><li>Spyral Notebooks and Security: <a data-cke-saved-href=\"https://voyant-tools.org/spyral/learnspyral@gh/security/\" target=\"_blank\" href=\"https://voyant-tools.org/spyral/learnspyral@gh/security/\" data-tabindex-value=\"none\" tabindex=\"-1\" data-tabindex-counter=\"18\">https://voyant-tools.org/spyral/learnspyral@gh/security/</a></li></ul>"},{"cellId":"ancts9uc","type":"text","content":"<h2>Spyral Recipes</h2><p>Once you are comfortable using Spyral, you may want to perform specific textual analysis tasks. We have put together a series of notebooks that walk you through a specific process in Spyral. Currently, these notebooks include:</p><ul><li><a data-cke-saved-href=\"https://voyant-tools.org/spyral/spreadsheet/\" target=\"_blank\" href=\"https://voyant-tools.org/spyral/spreadsheet/\" data-tabindex-value=\"none\" tabindex=\"-1\" data-tabindex-counter=\"7\"></a>GatheringWeb pages:&nbsp;<a data-cke-saved-href=\"https://voyant-tools.org/spyral/learnspyral@gh/GatheringPages/\" target=\"_blank\" href=\"https://voyant-tools.org/spyral/learnspyral@gh/GatheringPages/\" data-tabindex-value=\"none\" tabindex=\"-1\" data-tabindex-counter=\"6\">https://voyant-tools.org/spyral/learnspyral@gh/GatheringPages/</a></li><li>Using an RSS Feed to fetch web sites:&nbsp;<a data-cke-saved-href=\"https://voyant-tools.org/spyral/learnspyral@gh/RSSFeedFetcher/\" target=\"_blank\" href=\"https://voyant-tools.org/spyral/learnspyral@gh/RSSFeedFetcher/\" data-tabindex-value=\"none\" tabindex=\"-1\" data-tabindex-counter=\"4\">https://voyant-tools.org/spyral/ajmacdonald@gh/RSSFeedFetcher/</a></li><li>Creating a corpus with an Excel spreadsheet:&nbsp;<a data-cke-saved-href=\"https://voyant-tools.org/spyral/learnspyral@gh/LoadingSpreadsheet/\" target=\"_blank\" href=\"https://voyant-tools.org/spyral/learnspyral@gh/LoadingSpreadsheet/\" data-tabindex-value=\"none\" tabindex=\"-1\" data-tabindex-counter=\"4\">https://voyant-tools.org/spyral/learnspyral@gh/LoadingSpreadsheet/</a></li><li><a data-cke-saved-href=\"https://voyant-tools.org/spyral/learnspyral@gh/StopwordLists/\" target=\"_blank\" href=\"https://voyant-tools.org/spyral/learnspyral@gh/StopwordLists/\" data-tabindex-value=\"none\" tabindex=\"-1\" data-tabindex-counter=\"12\">Editing Stopword Lists</a> in Spyral</li><li><a data-cke-saved-href=\"https://voyant-tools.org/spyral/learnspyral@gh/Topic-Modelling/\" target=\"_blank\" href=\"https://voyant-tools.org/spyral/learnspyral@gh/Topic-Modelling/\" data-tabindex-value=\"none\" tabindex=\"-1\" data-tabindex-counter=\"12\">Topic Modelling</a> in Spyral</li><li>Doing things with XML:&nbsp;<a data-cke-saved-href=\"https://voyant-tools.org/spyral/learnspyral@gh/DoingWithXML/\" target=\"_blank\" href=\"https://voyant-tools.org/spyral/learnspyral@gh/DoingWithXML/\" data-tabindex-value=\"none\" tabindex=\"-1\" data-tabindex-counter=\"3\">https://voyant-tools.org/spyral/learnspyral@gh/DoingWithXML/</a></li><li><a data-cke-saved-href=\"https://voyant-tools.org/spyral/learnspyral@gh/categories/\" target=\"_blank\" href=\"https://voyant-tools.org/spyral/learnspyral@gh/categories/\" data-tabindex-value=\"none\" tabindex=\"-1\" data-tabindex-counter=\"12\">Using Categories</a> in Spyral<br></li></ul><p><strong>Note:&nbsp;</strong>More recipes are being added so this list will change.<br></p>"},{"cellId":"m0jy33m0","type":"text","content":"<h2>Submitting an Issue to GitHub<br></h2>If you encounter a technical issue with Spyral and wish to report it to our developer, you can do so using GitHub Issues. Navigate to the Voyant GitHub repository at <a data-cke-saved-href=\"https://github.com/voyanttools/VoyantServer/issues\" target=\"_blank\" href=\"https://github.com/voyanttools/VoyantServer/issues\" data-tabindex-value=\"none\" tabindex=\"-1\" data-tabindex-counter=\"6\">https://github.com/voyanttools/VoyantServer/issues. </a>Click on the green \"New Issue\" button and provide as much detail as possible about your issue. <br><br><p><br></p>"},{"cellId":"hz5427nd","type":"text","content":"<p style=\"text-align: center;\"><a data-cke-saved-href=\"https://voyant-tools.org/spyral/learnspyral@gh/Tutorials/\" target=\"_blank\" href=\"https://voyant-tools.org/spyral/learnspyral@gh/Tutorials/\" data-tabindex-value=\"none\" tabindex=\"-1\" data-tabindex-counter=\"1\">Spyral Tutorials Here</a></p>"}]}