{"metadata":{"title":"Getting Started with Spyral Notebooks","userId":"learnspyral@gh","author":"Stéfan Sinclair & Geoffrey Rockwell","description":"","keywords":["alta"],"modified":"2022-07-15T18:23:00.783Z","created":"2019-06-26T19:52:01.795Z","language":"English","license":"Creative Commons Attribution (CC BY)","version":"0.1"},"cells":[{"cellId":"wd5w50awjoq54h1a","type":"text","content":"<p>This notebook will help you get started with Spyral Notebooks (it's part of the <a data-tabindex-counter=\"55\" data-tabindex-value=\"none\" data-cke-saved-href=\"https://voyant-tools.org/spyral/learnspyral@gh/homeALTA/\" href=\"https://voyant-tools.org/spyral/learnspyral@gh/homeALTA/\" tabindex=\"-1\" target=\"_blank\">Art of Literary Text Analysis with Spyral&nbsp;Notebooks</a>). In particular, we'll look at:<br></p><ul><li><a data-tabindex-counter=\"55\" data-tabindex-value=\"none\" data-cke-saved-href=\"#setup\" href=\"#setup\" tabindex=\"-1\">getting setup</a></li><li><a data-tabindex-counter=\"34\" data-tabindex-value=\"none\" data-cke-saved-href=\"#metadata\" href=\"#metadata\" id=\"ext-element-22\" tabindex=\"-1\" target=\"_self\">metadata</a></li><li><a data-tabindex-counter=\"55\" data-tabindex-value=\"none\" data-cke-saved-href=\"#rich\" href=\"#rich\" id=\"ext-element-22\" tabindex=\"-1\">rich-text blocks</a> (like this one)</li><li><a data-tabindex-counter=\"55\" data-tabindex-value=\"none\" data-cke-saved-href=\"#code\" href=\"#code\" tabindex=\"-1\">code blocks</a></li><li><a data-tabindex-counter=\"31\" data-tabindex-value=\"none\" data-cke-saved-href=\"#blocks\" href=\"#blocks\" tabindex=\"-1\">managing blocks&nbsp;</a></li><li><a data-tabindex-counter=\"55\" data-tabindex-value=\"none\" data-cke-saved-href=\"#save\" href=\"#save\" tabindex=\"-1\">saving and exporting a notebook</a></li><li><a data-tabindex-counter=\"55\" data-tabindex-value=\"none\" data-cke-saved-href=\"#new\" href=\"#new\" tabindex=\"-1\">creating a new notebook</a></li><li><a data-tabindex-counter=\"55\" data-tabindex-value=\"none\" data-cke-saved-href=\"#peek\" href=\"#peek\" tabindex=\"-1\">a sneak peek at working with Spyral</a></li><li><a data-tabindex-counter=\"34\" data-tabindex-value=\"none\" data-cke-saved-href=\"#promises\" href=\"#promises\" tabindex=\"-1\" target=\"_blank\">promises</a></li><li><a data-tabindex-counter=\"55\" data-tabindex-value=\"none\" data-cke-saved-href=\"#next\" href=\"#next\" tabindex=\"-1\">next steps</a></li></ul>"},{"cellId":"tnv39xoicbh3918v","type":"text","content":"<h2><a id=\"setup\" name=\"setup\" data-cke-saved-name=\"setup\">Getting Setup</a></h2><p>The good news is that Spyral Notebooks doesn't require any setup. If you're viewing this page then you're already using a fully functional version of&nbsp;Spyral Notebooks.</p><p>Having said that, it may be preferable to run a local installation of Spyral Notebooks, for any number of reasons including privacy, performance and reliability. If your&nbsp;Spyral Notebook is doing some heavy lifting, or if you're just starting to experiment and might send your browser or Spyral&nbsp;into an endless loop, it's best to work in a sandbox on your own machine. Fear not, running Spyral Notebooks is usually quick and painless:</p><ul><li>download the <a data-tabindex-counter=\"55\" data-tabindex-value=\"none\" data-cke-saved-href=\"https://github.com/sgsinclair/VoyantServer/releases/latest\" href=\"https://github.com/sgsinclair/VoyantServer/releases/latest\" tabindex=\"-1\">latest release of VoyantServer</a>&nbsp;(select the VoyantServer&nbsp;zip file under <em>downloads</em>),&nbsp;extract the contents of the zip file into your choice of directory</li><li>in the new folder (with extracted contents)&nbsp;click on VoyantServer.jar to launch</li><li>with default settings a new browser will appear with the URL http://localhost:8888, change it to&nbsp;<a data-tabindex-counter=\"55\" data-tabindex-value=\"none\" data-cke-saved-href=\"http://localhost:8888/spyral/alta/\" href=\"http://localhost:8888/spyral/alta/\" tabindex=\"-1\" target=\"_blank\">http://localhost:8888/spyral/alta/</a>&nbsp;instead and press enter (that URL will only work if you've launched VoyantServer locally)</li></ul><p>That's it!</p><p>Spyral is composed of two main types of editing blocks, <strong>rich-text</strong> and <strong>code</strong> blocks. We will consider each one below, but first we'll look at a notebook's <strong>metadata</strong>.</p>"},{"cellId":"f8azut66k143ewzy","type":"text","content":"<h2><a id=\"metadata\" name=\"metadata\" data-cke-saved-name=\"metadata\">Metadata</a></h2><p>Every Spyral notebook has associated metadata, some of which is displayed on the page. You can modify the metdata of a notebook by clicking on the top title or by clicking on the label icon that appears in the top grey header bar. The metadata fields that can be edited are</p><ul><li><strong>title</strong>: the document's title which appears at the top of the page</li><li><strong>author</strong>: the document's author(s) which appear at the bottom of the page</li><li><strong>keywords</strong>: the document's keywords separated by commas</li><li><strong>description</strong>: a short summary or abstract for the notebook</li><li><strong>license</strong>: the document's copyright license which appears at the bottom of the page</li><li><strong>language</strong>: the document's language</li></ul><p>The creation date and modification dates are also stored and usually appear at the bottom of the page.</p>"},{"cellId":"h3nctzgec28n2fp0","type":"text","content":"<h2><a id=\"rich\" name=\"rich\" data-cke-saved-name=\"rich\">Rich Text Blocks</a></h2><p>Although code blocks are where you can make things happen, the rich text blocks are crucial because that's where you can explain what's happening and why. This is a key concept of <a data-tabindex-counter=\"55\" data-tabindex-value=\"none\" data-cke-saved-href=\"https://en.wikipedia.org/wiki/Literate_programming\" href=\"https://en.wikipedia.org/wiki/Literate_programming\" tabindex=\"-1\" target=\"_blank\">literate programming</a> where you can interweave narrative text and functional code (and in the case of Spyral Notebooks, interactive output).</p><p>Rich text blocks are essentially <a data-tabindex-counter=\"55\" data-tabindex-value=\"none\" data-cke-saved-href=\"https://en.wikipedia.org/wiki/WYSIWYG\" href=\"https://en.wikipedia.org/wiki/WYSIWYG\" id=\"ext-element-20\" tabindex=\"-1\" target=\"_blank\">WYSIWYG </a>HTML and you shouldn't need to&nbsp;master any markup or coding languages, just use the toolbar that appears when you start editing. You can do this now, in this block, just click here and the editing toolbar should appear. You can make content or styling edits to this text (don't be shy, you can edit with impunity!).</p><p>Most editing capabilities are fairly standard and we won't go into them here, but there are some&nbsp;noteworthy details:</p><ul><li>for now the image button assumes that your image is available from a URL, though that will change when Spyral has proper account management</li><li>an iframe editing button is included to make it easier (no need for code blocks!) to incorporate content from Voyant Tools or other sites (such as YouTube).</li><li>if the simple set of editing tools is insufficient, you can always select the source code view and make any tweaks necessary</li><li>links are handled specially: if you click on one while not editing (no toolbar visible) then the link should open normally; otherwise it's editable text</li></ul><p>There's nothing to run or specially render in a rich text box, when you're done editing you can click elsewhere on the page to create or edit another block, export, etc. You can also click on the X icon in the editing toolbar that appears when in editing mode.</p><p>You could write a Spyral Notebook that consists solely of a text box, especially with Voyant Tools embedded in an iframe tag, Spyral is the ideal platform for writing and sharing experiments in text analysis!</p>"},{"cellId":"z1lkhcpgyyq6kzz1","type":"text","content":"<h2><a id=\"code\" name=\"code\" data-cke-saved-name=\"code\">Code Blocks</a></h2><p>The other kind of building block in&nbsp;Spyral Notebooks is a code block, which is essentially a special editor for <a data-tabindex-counter=\"55\" data-tabindex-value=\"none\" data-cke-saved-href=\"https://en.wikipedia.org/wiki/JavaScript\" href=\"https://en.wikipedia.org/wiki/JavaScript\" id=\"ext-element-20\" tabindex=\"-1\" target=\"_blank\">Javascript </a>code that includes several helpful libraries (extra functions) for doing text analysis and visualization. We'll explore the extra functionality in much more detail in subsequent notebooks of <a data-tabindex-counter=\"55\" data-tabindex-value=\"none\" data-cke-saved-href=\"../alta/\" href=\"../alta/\" tabindex=\"-1\" target=\"_blank\">this guide</a>, but for now we can experiment with some basic mechanics of the editor and output.</p><p>Start by clicking in the editor box below to put it in editing mode. Among other things a&nbsp;run&nbsp;(or play) icon should appear in the left column (below the plus icon) that allows you to run the code. Try changing <em>Hello </em>to <em>Hi </em>and then run the code block (by clicking on the run/play icon). As you can see, the value of the code block (in this case the string \"Hello world!\"&nbsp;appears as output. This is the first important aspect of Spyral coding: output appears according to what is evaluated in the code blocks.</p>"},{"cellId":"vhatjuhrud53gpcq","type":"code","content":{"input":"\"Hello world!\";","output":"<body class=\"\">\n\n\n\n\n\n\n\n\n\n\n\n\n\n\n\n\n\n\n\n\n\n\n\n\n\n\n\nHello world!\n\n\n\n\n\n\n\n\n\n\n\n\n\n\n\n\n\n\n\n\n\n\n\n\n\n\n\n</body>","mode":"javascript","expandResults":true}},{"cellId":"ao1w17f9tws20k6r","type":"text","content":"<p>The code&nbsp;editor does some syntax checking as you type.&nbsp;For&nbsp;instance, if you remove one of the double quotes&nbsp;from \"Hello World! you should see an <span style=\"font-family: mono; border: thin solid #999; color:#FFFFFF;\"><span style=\"background-color:#FF0000;\">x</span></span> appear in the margin and you can hover over the icon for more information. Restore the double quote and then click somewhere on the word show to position the cursor there.</p><p>The editor also includes some automatic suggestions that sometimes appear as you're&nbsp;typing and sometimes can be summoned with Ctrl-space. For instance, in the box below, add a period&nbsp;after \"Corpus\" and you should see a list of suggestions appear if you type Ctrl-space.</p>"},{"cellId":"t6tnok9snkqydy49","type":"code","content":{"input":"// position the cursor after the \"s\" of Corpus below and type a dot \ncharacterSpyral.Corpus","output":"<body class=\"\">\n\n\n\n\n\n\n\n\n\n\n\n\n\n\n\n\n\n\n\n\n\n\n\n\n\n\n\n \n\n\n\n\n\n\n\n\n\n\n\n\n\n\n\n\n\n\n\n\n\n\n\n\n\n\n\n</body>","mode":"javascript","expandResults":true}},{"cellId":"6c1x07rfej58a5s5","type":"text","content":"<p>If Javascript is new to you, don't worry too much for now about the syntax.&nbsp;We'll introduce concepts as we go along.</p><h3>Data Block</h3><p>A code block can also be used to edit other kinds of data, such as plain text, HTML, XML and JSON. This make code blocks a convenient way of creating data sets that can be referenced in other code blocks. We'll see examples of this later in the guide. In the left side toolbar of a code block (not a text box like this one) you will see a code icon appear (the one at the bottom) that allows you to convert a block to a different data format.</p>"},{"cellId":"di1op97ayn77nmsj","type":"text","content":"<h2><a id=\"blocks\" name=\"blocks\" data-cke-saved-name=\"blocks\">Managing&nbsp;Blocks</a></h2><p>We've already seen the run button from code blocks, but both text and code blocks have some additional functionality, available in the left and right column gutters of the editor:</p><ul><li><strong>add </strong>a new block below the current one (text and code blocks will alternate, you can press the shift key while clicking add to get a new block of the same kind)</li><li><strong>remove </strong>the current block and delete its contents (you will be prompted to confirm you really wish to do this)</li><li><strong>move up</strong> the current block (if it's not already first)</li><li><strong>move down</strong> the current block (if it's not already last)</li></ul><p>You can try these&nbsp;buttons now. If you remove a block that you didn't mean to remove on this page, you can always reload the page to see it restored.</p><p>It's not possible to convert a text block to a code block, or vice-versa, but you can always create new blocks and move content between blocks, as needed.</p>"},{"cellId":"fi9ifa4mph7p5i3r","type":"text","content":"<h2 id=\"ext-element-21\"><a id=\"save\" name=\"save\" data-cke-saved-name=\"save\">Saving &amp; Exporting a Notebook</a></h2><p>Please note: the current preview version of Spyral Notebooks is experimenting with different mechanisms for storing notebooks and things may change. For now it should be possible to make and edit and then press the cloud/save icon in the upper right-hand part of the header.</p><p>There are two major storage solutions in Spyral:</p><ol><li>Local Storage (this is what is used when you press \"Save\" from the cloud icon)</li><li>GitHub (this is what is used when you press \"Save as\" from the cloud icon)</li></ol><h3>Save</h3><p>When you save a notebook you will be given an access code that will allow you to make saves to the same notebook if you open it in the future. If you lose your code there's no mechanism for retrieving it.</p><h3>Save As</h3><p>[to be written]</p><h3>Export</h3><p>In addition to saving a Spyral Notebook you can also export an HTML view of a notebook that's a static view; this is usually more suitable for printing. To export as HTML click on the export icon in the upper-right-hand part of the header&nbsp;(the box with the diagonal arrow). Expand the \"Export View\" menu,&nbsp;select \"HTML (suitable for saving and printing), and then click the Export button. Note: this will only work if you allow popup windows from the current page/server.</p><p>You can also select the \"Download\" version from the Export dialog box. Repeat the steps from above and select \"HTML (download)\".&nbsp;This saves a copy of the Notebook to your file system (the file can be opened and viewed in a browser without Voyant/Spyral running – this is one of the major advantages of working in Spyral).</p><p><strong>Step 1)&nbsp;Export HTML</strong>: as with exporting HTML above, click on the export button icon that appears in the top right part of the grey Spyral Notebook title bar when you're hoving over it. Then select <em>Spyral Notebook&nbsp;data format (JSON)</em> and click the \"Export\" button. This will produce a dialog box and a text area. Select the contents of the text area (Command/Control-A) and copy it to the clipboard (Command/Control-C).</p><p><strong>Step 2)&nbsp;Create Gist</strong>: <a data-tabindex-counter=\"55\" data-tabindex-value=\"none\" data-cke-saved-href=\"https://gist.github.com/\" href=\"https://gist.github.com/\" tabindex=\"-1\">Gist </a>is a service run by <a data-tabindex-counter=\"55\" data-tabindex-value=\"none\" data-cke-saved-href=\"https://github.com/\" href=\"https://github.com/\" tabindex=\"-1\">GitHub </a>that allows you to instantly share code and snippets. You can save gists into your GitHub account if you have one and are logged in, but you can also create gists anonymously (without creating an account). To create a new gist, go to <a data-tabindex-counter=\"55\" data-tabindex-value=\"none\" data-cke-saved-href=\"https://gist.github.com/\" href=\"https://gist.github.com/\" tabindex=\"-1\">gist.github.com</a>&nbsp;and paste (Command/Control-V) into the larger box&nbsp;the exported JSON code from S<em>tep 1</em>. Give your gist a filename with the extension&nbsp;.json (like SpyralNotebook1.json) and add a description if you wish (this is optional). Click the \"Create Public gist\" button below the editor (the private gist won't work for our purposes). Finally,&nbsp;copy the browser's URL into the clipboard (the URL is actually not the raw JSON data, but a Spyral Notebook&nbsp;handles it properly).</p><p><strong>Step 3) Open Gist</strong>: to reopen your Notebook using data from the gist, click the open icon that appears in the right part of&nbsp;the&nbsp;grey Spyral Notebook toolbar. A dialog window will appear with a box where you can paste the URL you copied at the end of <em>Step 2</em>. Click the <em>Open </em>button, and that's it!</p><p>Please note:</p><ul><li>you can easily edit a gist that you've created if you're logged into GitHub - an updated gist should have the same URL as before (but you can also&nbsp;get URLs for previous revisions)</li><li>you can't edit an anonymous gist (one created without at GitHub account), but you can create a new anonymous gist (you can create a free GitHub account if you prefer)</li><li>instead of creating a gist,&nbsp;you can save the exported HTML from <em>Step 1</em> into a local file or editor and paste in the HTML contents in the dialog box from <em>Step 3</em>.</li></ul>"},{"cellId":"cz06c8ouqnsz1ftj","type":"text","content":"<h2><a id=\"new\" name=\"new\" data-cke-saved-name=\"new\">Creating a New Notebook</a></h2><p>Creating a new Spyral Notebook is very simple: when you hover over the top grey title bar (the one that says \"Spyral Notebook\" on the left and has a help icon on the right), you'll see a plus icon.&nbsp;Click on it and a new window should appear with a Spyral Notebook template (if popup windows are blocked you may need to click on a link in a dialog window first).</p>"},{"cellId":"yqwqph6ldo85xp4n","type":"text","content":"<h2><a id=\"peek\" data-cke-saved-name=\"peek\" name=\"peek\">Sneak Peek at Working with Spyral</a></h2><p><a data-tabindex-counter=\"55\" data-tabindex-value=\"none\" data-cke-saved-href=\"../alta/\" href=\"../alta/\" id=\"ext-element-22\" tabindex=\"-1\" target=\"_blank\"><img alt=\"\" data-cke-saved-src=\"../../resources/spyral/notebooks/alta-assets/new_corpus.png\" src=\"../../resources/spyral/notebooks/alta-assets/new_corpus.png\" style=\"float: right; width: 500px; height: 203px;\">This guide</a> will progressively introduce new concepts and techniques for&nbsp;working with Spyral, but for the impatient, here's a quick example. We create a new Corpus from a URL (<a data-tabindex-counter=\"55\" data-tabindex-value=\"none\" data-cke-saved-href=\"http://hermeneuti.ca\" href=\"http://hermeneuti.ca\" tabindex=\"-1\">hermeneuti.ca</a>). The newly created <a data-tabindex-counter=\"55\" data-tabindex-value=\"none\" data-cke-saved-href=\"../docs/#!/api/Corpus\" href=\"../docs/#!/api/Corpus\" tabindex=\"-1\" target=\"_blank\">corpus </a>has an <a data-tabindex-counter=\"55\" data-tabindex-value=\"none\" data-cke-saved-href=\"../docs/#!/api/Corpus-method-embed\" href=\"../docs/#!/api/Corpus-method-embed\" tabindex=\"-1\" target=\"_blank\">embed method</a> that we can use to display one of several tools.&nbsp;In this case we've selected <a data-tabindex-counter=\"55\" data-tabindex-value=\"none\" data-cke-saved-href=\"../docs/#!/guide/cirrus\" href=\"../docs/#!/guide/cirrus\" tabindex=\"-1\" target=\"_blank\">Cirrus </a>(a kind of word cloud). If you're interested, go ahead and modify the arguments (the parts between quotes), providing your own URL or a valid tool type for <a data-tabindex-counter=\"55\" data-tabindex-value=\"none\" data-cke-saved-href=\"../docs/#!/api/Corpus-method-embed\" href=\"../docs/#!/api/Corpus-method-embed\" tabindex=\"-1\" target=\"_blank\">embedding the corpus</a>.</p><p>As with elsewhere in this guide, we won't necessarily explain the coding in detail.&nbsp;We take a pragmatic approach to learning Javascript and Spyral syntax: we learn what's needed to do what we want next. Exactly how or why things work that way may not always be fully explained, though in general we'll provide ample documentation. For the code snippet below, for instance, we're using <a data-tabindex-counter=\"48\" data-tabindex-value=\"none\" data-cke-saved-href=\"https://developer.mozilla.org/en-US/docs/Web/JavaScript/Reference/Global_Objects/Object\" href=\"https://developer.mozilla.org/en-US/docs/Web/JavaScript/Reference/Global_Objects/Object\" tabindex=\"-1\" target=\"_blank\">objects</a>, <a data-tabindex-counter=\"48\" data-tabindex-value=\"none\" data-cke-saved-href=\"https://developer.mozilla.org/en-US/docs/Web/JavaScript/Reference/Functions/arguments\" href=\"https://developer.mozilla.org/en-US/docs/Web/JavaScript/Reference/Functions/arguments\" tabindex=\"-1\" target=\"_blank\">arguments</a>, and <a data-tabindex-counter=\"48\" data-tabindex-value=\"none\" data-cke-saved-href=\"https://developer.mozilla.org/en-US/docs/Web/JavaScript/Reference/Global_Objects/Function\" href=\"https://developer.mozilla.org/en-US/docs/Web/JavaScript/Reference/Global_Objects/Function\" tabindex=\"-1\" target=\"_blank\">functions</a> in the specific context of a <a data-tabindex-counter=\"48\" data-tabindex-value=\"none\" data-cke-saved-href=\"../docs/#!/api/Corpus\" href=\"../docs/#!/api/Corpus\" tabindex=\"-1\" target=\"_blank\">Corpus</a> which can <a data-tabindex-counter=\"48\" data-tabindex-value=\"none\" data-cke-saved-href=\"../docs/#!/api/Corpus-method-embed\" href=\"../docs/#!/api/Corpus-method-embed\" tabindex=\"-1\" target=\"_blank\">embed</a> a <a data-tabindex-counter=\"48\" data-tabindex-value=\"none\" data-cke-saved-href=\"../docs/#!/guide/cirrus\" href=\"../docs/#!/guide/cirrus\" tabindex=\"-1\" target=\"_blank\">Cirrus</a> tool.</p><div style=\"clear: both;\"><br></div>"},{"cellId":"uk8qbfwyntqie2oq","type":"code","content":{"input":"loadCorpus(\"hermeneutica.ca\").tool(\"cirrus\");","output":"<body class=\"\">\n\n\n\n\n\n\n\n\n\n\n\n\n\n\n\n\n\n\n\n\n\n\n\n\n\n\n\n \n\n\n\n\n\n\n\n\n\n\n\n\n\n\n\n\n\n\n\n\n\n\n\n\n\n\n\n</body>","mode":"javascript","expandResults":true}},{"cellId":"2cm6czyf2acd3gq4","type":"text","content":"<h2><a id=\"promise\" name=\"promise\" data-cke-saved-name=\"promise\">Promises</a></h2><p>There's a crucial concept in working with Spyral code: several functions involve calls to the server that return data eventually, but not immediately. This is called asynchronous behaviour. Javascript has a mechanism called Promises that allows us to control the flow of code in order to execute code once data is returned from the server. The loadCorpus function actually returns a promise, so the code above should normally be written as something like this:</p><pre>loadCorpus(\"http://hermeneuti.ca\").then(corpus =&gt; corpus.tool(\"cirrus\"))\n<span style=\"color:#888888;\">----------------------------------      ------    ---------------------\n&nbsp;         promise                      argument      return expression\n&nbsp;                                      ---------------------------------\n&nbsp;                                                 function</span>\n</pre><p>The general format is <code>[promise].then([function])</code> where <code>function</code> is called once the promise is fulfilled. The syntax above is a newer form of Javascript.&nbsp;The form below is functionally identical and&nbsp;might be more recongnizable for some:</p><pre>loadCorpus(\"http://hermeneuti.ca\").then(function(corpus) {return corpus.tool(\"cirrus\")})\n<span style=\"color:#888888;\">----------------------------------               ------   -----------------------------\n&nbsp;        promise                                argument         return expression\n                                      &nbsp; -----------------------------------------------\n                                                        &nbsp; functio</span><span style=\"color:#555555;\">n</span>\n</pre><p>To make life easier, most of the methods from the Corpus class are specially created to allow them to be called without the promise syntax (though internally the same thing is happening). However, the methods of Corpus also usually return promises and if further treatment is needed, the promise syntax is required. Below is an example of showing the top 10 terms in a document.</p>"},{"cellId":"cna629i6o7l9i826","type":"code","content":{"input":"loadCorpus(\"austen\").words({limit: 25})","output":"<body class=\"\">\n\n\n\n\n\n\n\n\n\n\n\n\n\n\n\n\n\n\n\n\n\n\n\n\n\n\n\nLOVE,AND,FREINDSHIP,AND,OTHER,EARLY,WORKS,Love,And,Friendship,And,Other,Early,Works,A,Collection,of,Juvenile,Writings,By,Jane,Austen,Transcriber's,Note,A\n\n\n\n\n\n\n\n\n\n\n\n\n\n\n\n\n\n\n\n\n\n\n\n\n\n\n\n</body>","mode":"javascript","expandResults":true}},{"cellId":"8pyw3hkkckdelrft","type":"text","content":"<h2><a id=\"next\" data-cke-saved-name=\"next\" name=\"next\">Next Steps</a></h2><p>Here are some exercises to try, based on the contents of this notebook:</p><ul><li>create a new notebook</li><li>try to create two text blocks in a row</li><li>create a new code block and experiment with loading a different URL than the one we used (hermeneuti.ca)</li><li>try experimenting with a couple of the other tools that are available (see the list from the <a data-tabindex-counter=\"33\" data-tabindex-value=\"none\" data-cke-saved-href=\"../../docs/#!/api/Spyral.Corpus#tool\" href=\"../../docs/#!/api/Spyral.Corpus#tool\" tabindex=\"-1\" target=\"_blank\">tool</a> function).</li><li>create a code block and try to embed a Cirrus word cloud with the URL from the previous step</li><li>export the notebook as HTML data and create a new Gist</li><li>re-open your notebook using the&nbsp;Gist URL that you just created<br></li></ul><p>If you're working sequentially&nbsp;through the <a data-tabindex-counter=\"55\" data-tabindex-value=\"none\" data-cke-saved-href=\"https://voyant-tools.org/spyral/learnspyral@gh/homeALTA/\" href=\"https://voyant-tools.org/spyral/learnspyral@gh/homeALTA/\" id=\"ext-element-22\" tabindex=\"-1\" target=\"_blank\">Art of Literary Text Analysis with Spyral&nbsp;Notebooks</a>, the next notebook&nbsp;is <a data-tabindex-counter=\"52\" data-tabindex-value=\"none\" data-cke-saved-href=\"https://voyant-tools.org/spyral/learnspyral@gh/createALTA/\" href=\"https://voyant-tools.org/spyral/learnspyral@gh/createALTA/\" tabindex=\"-1\" target=\"_blank\">Creating a Corpus</a>.<br></p>"}]}