{"metadata":{"title":"Exporting and Importing Notebooks","userId":"learnspyral@gh","author":"Kaylin Land and Geoffrey Rockwell","description":"Shows how to export and open notebooks.","catalogue":true,"keywords":["tutorial","tutorials"],"modified":"2024-03-04T11:11:52.700Z","created":"2022-02-02T18:26:33.615Z","language":"English","license":"Creative Commons Attribution (CC BY)","version":"0.1"},"cells":[{"cellId":"xmvu7o4h","type":"text","content":"<p>This Spyral Notebook is designed to demonstrate how  to Export Spyral Notebooks and Open them back up. This covers some of the same ground covered in the tutorial on <a data-cke-saved-href=\"https://voyant-tools.org/spyral/learnspyral@gh/create/\" target=\"_blank\" href=\"https://voyant-tools.org/spyral/learnspyral@gh/create/\" data-tabindex-value=\"none\" tabindex=\"-1\" data-tabindex-counter=\"1\">Creating and Saving Spyral Notebooks</a>.</p><h3>Exporting Spyral Notebooks:&nbsp;</h3><ul><li>Export a URL of current notebook</li><li>Export HTML snippet for embedding view in another web page&nbsp;</li><li>Export bibliographic reference for notebook</li><li>Export HTML for saving or printing</li><li>Export HTML for download to your computer</li></ul><h3>Opening Spyral Notebooks:&nbsp;</h3><ul><li>From an HTML file stored locally</li><li>From Notebook URL</li></ul>"},{"cellId":"tyxhejn2","type":"text","content":"<h2>Exporting Spyral Notebooks</h2><p>To export your Spyral notebook to a different format, use the <strong>Export</strong> menu item at the top right-hand of the screen. It is the second from the right.</p><p style=\"text-align: center;\"><img alt=\"Screenshot of Upper Menu\" data-cke-saved-src=\"https://github.com/learnspyral/assets/blob/main/UpperMenu.jpg?raw=true\" src=\"https://github.com/learnspyral/assets/blob/main/UpperMenu.jpg?raw=true\" style=\"width: 306px; height: 50px;\"><br></p><p>This will then give you a dialog box with some choices.</p><p style=\"text-align: center;\"><img alt=\"Screenshot of Export Panel\" data-cke-saved-src=\"https://github.com/learnspyral/assets/blob/main/ExportDialog.jpg?raw=true\" src=\"https://github.com/learnspyral/assets/blob/main/ExportDialog.jpg?raw=true\" style=\"width: 247px; height: 150px;\"><br></p><h3>Export a URL for this view (tools and data)&nbsp;</h3><p>The first, default choice is to Export to&nbsp;<strong>a URL for this view (tools and data)</strong>. Clicking on this will open a new&nbsp;<strong>Tab</strong>&nbsp;with the same notebook in it.&nbsp;You can then experiment or Save As... or copy the URL at the top.<br></p>"},{"cellId":"hec7969v","type":"text","content":"<h2>Export View (Tools and Data)</h2><p>If you expand where it says&nbsp;<strong>Export View</strong>&nbsp;you will get a set of choices for exporting the notebook in different formats.</p><p style=\"text-align: center;\"><img alt=\"\" data-cke-saved-src=\"https://github.com/learnspyral/assets/blob/main/ExportHTML.jpg?raw=true\" src=\"https://github.com/learnspyral/assets/blob/main/ExportHTML.jpg?raw=true\" style=\"width: 369px; height: 200px;\"><br></p><h3>Export HTML snippet for embedding this view in another web page</h3><p>The first option to export <strong>an HTML snippet&nbsp;</strong>will give you HTML code that you can put in another web page. It gives you an&nbsp;iframe you can use to imbed your notebook on other websites. For example, if you would like to include your notebook on a personal website or in a course website, you can use the iframe to easily display your notebook on a different webpage.<br></p><p style=\"text-align: center;\"><img alt=\"Screenshot of Embed HTML Snippet dialog box\" data-cke-saved-src=\"https://github.com/learnspyral/assets/blob/main/EmbedSnippet.jpg?raw=true\" src=\"https://github.com/learnspyral/assets/blob/main/EmbedSnippet.jpg?raw=true\" style=\"width: 397px; height: 150px;\"><br></p><p><strong>Select&nbsp;</strong>the HTML in the field,&nbsp;<strong>Copy</strong>&nbsp;it, and then add it to the HTML of your web page.<br></p>"},{"cellId":"rkge75mf","type":"text","content":"<h3>Export a bibliographic reference for this view</h3><p>This option will give you a citation in MLA, Chicago, or APA style to use to reference your notebook. The reference automatically populates with your notebook title, but you might want to edit the citation to best match the conventions you are using.&nbsp;</p><p style=\"text-align: center;\"><img alt=\"\" data-cke-saved-src=\"https://raw.githubusercontent.com/wiki/voyanttools/Voyant/images/using-spyral-images/Bibliographic_Ref.png\" src=\"https://raw.githubusercontent.com/wiki/voyanttools/Voyant/images/using-spyral-images/Bibliographic_Ref.png\" style=\"width: 277px; height: 150px;\">​​​​​​​</p><p>Copy the citation you want and edit.</p>"},{"cellId":"btewvfkn","type":"text","content":"<h3>Export HTML (Download)</h3><p>This option will automatically download your Spyral notebook as an HTML file. The file will be saved wherever your web browser automatically saves downloaded files. This is the best option for saving your Spyral Notebook remotely to your own computer. <strong>This option is recommended for all notebooks as a back-up method!</strong></p><p><strong>Note</strong>&nbsp;that the HTML notebook downloaded can be printed, but it can't be run. For code cells to be run again you need to&nbsp;<strong>Open</strong>&nbsp;the HTML back into Spyral. See below.<br></p>"},{"cellId":"rakxvt1w","type":"text","content":"<h2>Opening Spyral Notebooks</h2><p>You might want to <strong>Open</strong> an existing Spyral Notebook that you saved to your local drive. To Open&nbsp;you use the menu item (open folder icon circled below) in the menu at the top right-hand of the notebook.</p><p style=\"text-align: center;\"><img alt=\"\" data-cke-saved-src=\"https://github.com/learnspyral/assets/blob/main/OpenNbk.jpg?raw=true\" src=\"https://github.com/learnspyral/assets/blob/main/OpenNbk.jpg?raw=true\" style=\"width: 156px; height: 50px;\"></p><p>This will give you an Open dialogue box where you can select the file and then open it.</p><p style=\"text-align: center;\"><img alt=\"Screenshot of Open Dialog box.\" data-cke-saved-src=\"https://github.com/learnspyral/assets/blob/main/OpenHTML.jpg?raw=true\" src=\"https://github.com/learnspyral/assets/blob/main/OpenHTML.jpg?raw=true\" style=\"width: 397px; height: 100px;\"></p><p>If you pick a valid HTML file it will then open it in the tab that you are looking at. <br></p><p><strong>Note:&nbsp;</strong>You can learn more about <strong>Exporting</strong> a notebook to HTML in this tutorial on <a data-cke-saved-href=\"https://voyant-tools.org/spyral/learnspyral@gh/create/#7-Saving\" target=\"_blank\" href=\"https://voyant-tools.org/spyral/learnspyral@gh/create/#7-Saving\" data-tabindex-value=\"none\" tabindex=\"-1\" data-tabindex-counter=\"1\">Creating and Saving HTML Notebooks</a>.</p><p><strong>Note</strong>&nbsp;that this will replace the notebook you are looking at. It may be a good idea to save.<br></p>"},{"cellId":"xdmgru5i","type":"text","content":"<h3>Open from URL:</h3><p>To Open a notebook from a <strong>URL</strong>, follow the same process as going to any web page where you have the URL. Paste the entire notebook URL into the Import dialogue box. The URL will generally have&nbsp;</p><p style=\"text-align: center;\"><code>https://voyant-tools.org/spyral/learnspyral@gh/create/</code></p><h3 style=\"text-align: center;\">&lt;voyant - spyral server&gt;/&lt;account on GitHub&gt;/&lt;Notebook ID&gt;</h3><p>The URL will be made up of the following parts:</p><ol><li>The protocol:&nbsp;<strong>https://</strong></li><li>The Spyral server: <strong>voyant-tools.org/spyral</strong></li><li>The account at GitHub: <strong>learnspyral@gh</strong> (\"learnspyral\" is the account)</li><li>The Notebook ID which could be a legible phrase like <strong><code>import</code></strong>&nbsp;for this notebook or an ID number like&nbsp;<code>fVpSeM</code><code></code></li></ol>"},{"cellId":"ndtwoyua","type":"text","content":"<p style=\"text-align: center;\"><strong>Using Spyral Home</strong></p><p style=\"text-align: center;\">Return to Tutorials:&nbsp;<a data-cke-saved-href=\"https://voyant-tools.org/spyral/learnspyral@gh/Tutorials/\" target=\"_blank\" href=\"https://voyant-tools.org/spyral/learnspyral@gh/Tutorials/\" data-tabindex-value=\"none\" tabindex=\"-1\" data-tabindex-counter=\"1\">https://voyant-tools.org/spyral/learnspyral@gh/Tutorials/</a></p>"}]}