{"metadata":{"title":"Creating and Saving Spyral Notebooks\t\t","userId":"learnspyral@gh","author":"Kaylin Land and Geoffrey Rockwell","description":"This Notebook shows how to create notebooks and save them.","catalogue":false,"keywords":["Tutorials"],"modified":"2024-03-04T10:43:15.099Z","created":"2022-01-14T18:18:48.819Z","language":"English","license":"Creative Commons Attribution (CC BY)","version":"0.1"},"cells":[{"cellId":"zankf8br","type":"text","content":"<p>This Spyral Notebook is designed to show you how to create a new Spyral Notebook and save Spyral Notebooks.&nbsp;</p><h3>Creating Spyral Notebooks:&nbsp;</h3><p>There are four ways to create a Spyral Notebook.</p><ul><li><a data-cke-saved-href=\"#1-From\" href=\"#1-From\" data-tabindex-value=\"none\" tabindex=\"-1\" data-tabindex-counter=\"5\">From Voyant Tools</a>&nbsp;(where you get a notebook with the code to generate the Voyant tool panel (with data) you were looking at.)</li><li><a data-cke-saved-href=\"#2-From\" href=\"#2-From\" data-tabindex-value=\"none\" tabindex=\"-1\" data-tabindex-counter=\"5\">From the&nbsp;URL</a>&nbsp;<a data-cke-saved-href=\"https://voyant-tools.org/spyral\" target=\"_blank\" href=\"https://voyant-tools.org/spyral\" data-tabindex-value=\"none\" tabindex=\"-1\" data-tabindex-counter=\"5\">https://voyant-tools.org/spyral</a>&nbsp;(for a new Spyral Notebook)</li><li><a data-cke-saved-href=\"#3-From\" href=\"#3-From\" data-tabindex-value=\"none\" tabindex=\"-1\" data-tabindex-counter=\"5\">From an Existing Spyral Notebook</a>&nbsp;(where you can create a New Notebook.)</li><li><a data-cke-saved-href=\"#4-Forking\" href=\"#4-Forking\" data-tabindex-value=\"none\" tabindex=\"-1\" data-tabindex-counter=\"5\">Forking an Existing Notebook</a> (where you can create a copy to edit and save as your own.)</li></ul><h3>Saving Spyral Notebooks:&nbsp;</h3><p>There are different ways to save a Spyral Notebook.</p><ul><li><a data-cke-saved-href=\"#5-Saving\" href=\"#5-Saving\" data-tabindex-value=\"none\" tabindex=\"-1\" data-tabindex-counter=\"5\">Saving on the Spyral Server (Using GitHub)</a></li><li><a data-cke-saved-href=\"#6-Forking\" href=\"#6-Forking\" data-tabindex-value=\"none\" tabindex=\"-1\" data-tabindex-counter=\"5\">Forking a Notebook with Save As</a></li><li><a data-cke-saved-href=\"#7-Saving\" href=\"#7-Saving\" data-tabindex-value=\"none\" tabindex=\"-1\" data-tabindex-counter=\"5\">Saving HTML to Your Computer</a></li></ul>"},{"cellId":"hgdh4sdp","type":"text","content":"<h1 style=\"text-align: center;\">Creating Spyral Notebooks</h1><p>You can create Spyral Notebooks three different ways: from Voyant Tools, from a URL, or from an existing Spyral Notebook.</p><h2><strong><a id=\"1-From\" name=\"1-From\" data-cke-saved-name=\"1-From\">From</a> Voyant Tools</strong></h2><p>To create a Notebook from Voyant Tools, you should choose the tool or panel you wish to open in a new Spyral Notebook. Navigate to the top right hand corner of the panel and click on the Export icon. Choose the drop down menu under <strong>Export View (Tools and Data)</strong> and select the option for exporting to&nbsp;<strong>a new Spyral Notebook for this tool and data</strong>. The notebook should open with the code for the tool you are looking at with the data preloaded.&nbsp;</p><p style=\"text-align: center;\"><img alt=\"\" data-cke-saved-src=\"https://raw.githubusercontent.com/wiki/voyanttools/Voyant/images/using-spyral-images/New_From_Voyant.png\" src=\"https://raw.githubusercontent.com/wiki/voyanttools/Voyant/images/using-spyral-images/New_From_Voyant.png\" style=\"width: 314px; height: 300px;\"></p><p style=\"text-align: center;\">Screenshot of Trends Tool Showing&nbsp;<strong>Export</strong>&nbsp;Button&nbsp;</p><p><br></p><p style=\"text-align: center;\"><img alt=\"\" data-cke-saved-src=\"https://raw.githubusercontent.com/wiki/voyanttools/Voyant/images/using-spyral-images/Export_From_Voyant.png\" src=\"https://raw.githubusercontent.com/wiki/voyanttools/Voyant/images/using-spyral-images/Export_From_Voyant.png\" style=\"width: 328px; height: 200px;\">​​​​​​​</p><p style=\"text-align: center;\">Screenshot Showing Export Panel</p>"},{"cellId":"k7iyr5m6","type":"text","content":"<p>This will create a new Spyral Notebook with the code for exactly the <strong>Tool</strong>, <strong>parameters</strong>, and <strong>data</strong> that you had selected in Voyant. You can copy and paste this code then into your Notebook and discard (close) the one generated by Voyant.</p><p>Alternatively you can build on this notebook and save it.<br></p>"},{"cellId":"qfdp2csv","type":"text","content":"<h2><strong><a id=\"2-From\" name=\"2-From\" data-cke-saved-name=\"2-From\">From</a> a URL</strong></h2><p>To create a new Spyral Notebook from a URL, simply navigate your web browser to <a data-cke-saved-href=\"https://voyant-tools.org/spyral\" target=\"_blank\" href=\"https://voyant-tools.org/spyral\" data-tabindex-value=\"none\" tabindex=\"-1\" data-tabindex-counter=\"9\">https://voyant-tools.org/spyral</a></p><p style=\"text-align: center;\"><img alt=\"Screenshot of New Spyral Notebook\" data-cke-saved-src=\"https://raw.githubusercontent.com/learnspyral/assets/main/NewNotebook.jpg\" src=\"https://raw.githubusercontent.com/learnspyral/assets/main/NewNotebook.jpg\" style=\"width: 400px; height: 133px;\"></p><p>This will open a new <strong>blank Spyral notebook</strong> that you can edit and save. Feel free to change the introductory text or the metadata.</p><p><strong>Note:&nbsp;</strong>To save you will need to have GitHub account. You can create one here:&nbsp;<a data-cke-saved-href=\"https://github.com/\" target=\"_blank\" href=\"https://github.com/\" data-tabindex-value=\"none\" tabindex=\"-1\" data-tabindex-counter=\"6\">https://github.com/</a>&nbsp;(See below)</p>"},{"cellId":"lr0eefdy","type":"text","content":"<h2><a id=\"3-From\" name=\"3-From\" data-cke-saved-name=\"3-From\">From</a> an Existing Spyral Notebook</h2><p>To create a Spyral Notebook from an existing notebook, click on the&nbsp;<img alt=\"Screenshot of Create New Notebook Icon\" data-cke-saved-src=\"https://raw.githubusercontent.com/learnspyral/assets/main/CreateNewNotebook.jpg\" src=\"https://raw.githubusercontent.com/learnspyral/assets/main/CreateNewNotebook.jpg\" style=\"width: 20px; height: 20px;\">&nbsp;<strong>plus sign icon</strong> at the top right hand corner of your screen. This will create a new, blank Spyral Notebook in a new tab in your web browser. The new notebook is independent of your current notebook and can be saved as a new notebook.</p><p style=\"text-align: center;\"><img alt=\"\" data-cke-saved-src=\"https://raw.githubusercontent.com/wiki/voyanttools/Voyant/images/using-spyral-images/Open_New.png\" src=\"https://raw.githubusercontent.com/wiki/voyanttools/Voyant/images/using-spyral-images/Open_New.png\" style=\"width: 600px; height: 215px;\"></p><p style=\"text-align: center;\">Screenshot Showing Where To Find&nbsp;<strong>Plus</strong>​​​​​​​ Button to Create a New Notebook</p>"},{"cellId":"wzx6dz6y","type":"text","content":"<h2><a id=\"4-Forking\" name=\"4-Forking\" data-cke-saved-name=\"4-Forking\">Forking</a> an Existing Spyral Notebook</h2><p>Finally, you can also always <strong>fork</strong> (make your own copy of) a notebook that you are looking at. This can be a notebook by someone else that you want to adapt to do what you want or one of your own.</p><p style=\"text-align: center;\"><img alt=\"Screenshot of Save and Save As Menu\" data-cke-saved-src=\"https://raw.githubusercontent.com/learnspyral/assets/main/SaveAndSaveAs.jpg\" src=\"https://raw.githubusercontent.com/learnspyral/assets/main/SaveAndSaveAs.jpg\" style=\"width: 104px; height: 70px;\"></p><p>To do this click on the&nbsp;<img alt=\"Screenshot of Save Icon\" data-cke-saved-src=\"https://raw.githubusercontent.com/learnspyral/assets/main/SaveIcon.jpg\" src=\"https://raw.githubusercontent.com/learnspyral/assets/main/SaveIcon.jpg\" style=\"width: 15px; height: 10px;\">&nbsp;<strong>cloud icon</strong> in the upper right and select <strong>Save As...</strong> to save a copy for yourself. This will be a different version from the original. You can then rename it, edit it, and save it under your account.</p><p><strong>Note:&nbsp;</strong>You can only Save or Save As if you have a GitHub account and are logged in. If not, Spyral will ask you to&nbsp;<strong>Sign in with GitHub.</strong></p><p style=\"text-align: center;\"><strong><img alt=\"Screenshot of Sign In Button\" data-cke-saved-src=\"https://raw.githubusercontent.com/learnspyral/assets/main/SignIn.jpg\" src=\"https://raw.githubusercontent.com/learnspyral/assets/main/SignIn.jpg\" style=\"width: 152px; height: 30px;\"></strong></p><p><strong>Click&nbsp;</strong>the button if you have an account. If you do it will tell you that&nbsp;<strong>You have now authorized Spyral ...</strong></p><p>If you don't have an account you should go to GitHub and get one.</p><p>We have a created a number of useful notebooks under the heading&nbsp;<strong>Spyral Notebooks</strong>&nbsp;that are meant for forking.&nbsp;</p>"},{"cellId":"jorbsavg","type":"text","content":"<h1 style=\"text-align: center;\">Saving Spyral Notebooks</h1><p>You can save Spyral Notebooks the same way you save a document in a word processing program using \"Save\" or \"Save As\" under the cloud icon in the upper right. You save your notebooks to GitHub or you can download the HTML for your notebook to your computer.&nbsp;</p>"},{"cellId":"jztf9xi0","type":"text","content":"<h2><strong><a id=\"5-Saving\" name=\"5-Saving\" data-cke-saved-name=\"5-Saving\">Saving</a> on the Spyral Server (Using GitHub)</strong></h2><p>To save your Spyral Notebook, click on the cloud icon (<img alt=\"Screenshot of Save Icon\" data-cke-saved-src=\"https://raw.githubusercontent.com/learnspyral/assets/main/SaveIcon.jpg\" src=\"https://raw.githubusercontent.com/learnspyral/assets/main/SaveIcon.jpg\" style=\"width: 23px; height: 15px;\">) in the top right corner of the notebook. Choose&nbsp;\"Save\" to save your notebook for the first time. If you have signed in to GitHub then you will be prompted for a <strong>Notebook ID (Optional).&nbsp;</strong>You should give the notebook a name that makes sense like \"myFirstNotebook\".</p><p>The Notebook will be saved with a URL that includes <strong>your GitHub account name</strong> +&nbsp;<strong>@gh</strong>&nbsp;(for \"at GitHub\") + the <strong>Notebook ID</strong> you gave (or a random one if you didn't provide one.) Here is the URL for this notebook.</p><p style=\"text-align: center;\">https://voyant-tools.org/spyral/learnspyral@gh/create/</p><p>The GitHub account is \"learnspyral\" and the ID is \"create\".</p><p><strong>Note&nbsp;</strong>that you aren't actually saving the file to GitHub. You are saving it to the Voyant server. GitHub is just how we manage accounts and authorizations.</p><p>If you haven't got a GitHub account or haven't signed in, then you will be asked to&nbsp;<strong>Sign in with GitHub</strong>. Click the button. It will either sign you in or take you to Github where you sign in or create an account. <a data-cke-saved-href=\"https://docs.github.com/en/get-started/start-your-journey/creating-an-account-on-github\" target=\"_blank\" href=\"https://docs.github.com/en/get-started/start-your-journey/creating-an-account-on-github\" data-tabindex-value=\"none\" tabindex=\"-1\" data-tabindex-counter=\"2\">Here is a GitHub page on how to create an account</a>.</p><h3><a id=\"6-Forking\" name=\"6-Forking\" data-cke-saved-name=\"6-Forking\">Forking</a> a Notebook with Save As</h3><p>As mentioned above, you can also use the <strong>Save As...</strong> function to save your notebook or that of someone else under a new notebook ID. This feature allows you to fork a collaborative notebook and also acts as a form of rudimentary version control. Instructors might provide a model notebook that they want students to fork and edit.&nbsp;<br></p>"},{"cellId":"wps29f24","type":"text","content":"<h2><a id=\"7-Saving\" name=\"7-Saving\" data-cke-saved-name=\"7-Saving\">Saving</a> HTML to Your Computer&nbsp;</h2><p>If you'd like to save a copy of your Spyral Notebook to your own computer, use the&nbsp;<img alt=\"Screenshot of Export Button\" data-cke-saved-src=\"https://raw.githubusercontent.com/learnspyral/assets/main/ExportButton.jpg\" src=\"https://raw.githubusercontent.com/learnspyral/assets/main/ExportButton.jpg\" style=\"width: 22px; height: 20px;\"> export icon at the top right hand menu bar. Click on the&nbsp;<strong>Export View</strong>&nbsp;dropdown menu and select <strong>HTML (download)</strong>. This will automatically download the HTML file to your&nbsp;computer. You can then read your notebook, even if you aren't connected to the Voyant-Spyral server. You will not, however, be able to run the code cells.&nbsp;</p><p style=\"text-align: center;\"><img alt=\"Screenshot of Export Panel\" data-cke-saved-src=\"https://raw.githubusercontent.com/learnspyral/assets/main/ExportHTML.jpg\" src=\"https://raw.githubusercontent.com/learnspyral/assets/main/ExportHTML.jpg\" style=\"width: 369px; height: 200px;\"></p><p><strong>Note </strong>that the Export <strong>an HTML snippet ...&nbsp;</strong>does something different. It gives you the code to embed your notebook into another web page. You might want to embed it into a blog entry, for example.</p><p><strong>Note Also</strong>&nbsp;that you won't be able to run or edit the HTML notebook saved locally. The HTML can be opened in the browser and read. You can copy code, results and text, but you can't rerun the code. <strong>To edit and run it, you need to open it again from the Spyral site.</strong>​​​​​​​<br></p>"},{"cellId":"wwdk0qje","type":"text","content":"<h3>Open an HTML Notebook</h3><p>If you have saved the HTML of a notebook to your computer you can You can quickly re-create your notebook and get it running again by opening it from Spyral.&nbsp;</p><p>Click the&nbsp;<img alt=\"Screenshot of Open Button\" data-cke-saved-src=\"https://raw.githubusercontent.com/learnspyral/assets/main/Open.jpg\" src=\"https://raw.githubusercontent.com/learnspyral/assets/main/Open.jpg\" style=\"width: 24px; height: 20px;\">&nbsp;<strong>Open a Spyral Notebook&nbsp;</strong>icon in the upper right. This will let you <strong>select</strong> a file from your local drive and then <strong>Open</strong> that notebook back in so you can use it.&nbsp;</p><p style=\"text-align: center;\"><img alt=\"Screenshot of Open Panel\" data-cke-saved-src=\"https://raw.githubusercontent.com/learnspyral/assets/main/OpenHTML.jpg\" src=\"https://raw.githubusercontent.com/learnspyral/assets/main/OpenHTML.jpg\" style=\"width: 397px; height: 100px;\">​​​​​​​&nbsp;</p><p></p>"},{"cellId":"lp3278a4","type":"text","content":"<h2><strong>How Can I Learn More?</strong></h2><p>How can I learn more about Spyral? Here are some suggestions what to try next.</p><div style=\"background:#eeeeee;border:1px solid #cccccc;padding:5px 10px;\"><strong>Try It:&nbsp;</strong>Try the <a data-cke-saved-href=\"https://voyant-tools.org/spyral/learnspyral@gh/edit/\" target=\"_blank\" href=\"https://voyant-tools.org/spyral/learnspyral@gh/edit/\" data-tabindex-value=\"none\" tabindex=\"-1\" data-tabindex-counter=\"4\">Editing a Notebook</a> tutorial&nbsp;from the <a data-cke-saved-href=\"https://voyant-tools.org/spyral/learnspyral@gh/Tutorials/\" target=\"_blank\" href=\"https://voyant-tools.org/spyral/learnspyral@gh/Tutorials/\" data-tabindex-value=\"none\" tabindex=\"-1\" data-tabindex-counter=\"7\">Spyral Tutorials Table of Contents</a>.</div><p><br></p><div style=\"background:#eeeeee;border:1px solid #cccccc;padding:5px 10px;\"><strong>Try It:&nbsp;</strong>Get an account on <a data-cke-saved-href=\"https://github.com/\" target=\"_blank\" href=\"https://github.com/\" data-tabindex-value=\"none\" tabindex=\"-1\" data-tabindex-counter=\"7\">GitHub</a> and then try the different ways of Creating a Notebook and Saving a Notebook outlined above. Try this sequence of actions:</div><ul><li>Create a notebook from scratch.</li><li>Click on the text and edit it.&nbsp;</li><li>Try saving it with a ID title.&nbsp;</li><li>Try editing the code cell.</li><li>You could find a tool panel that you like and export to Spyral. You could then copy and paste that code into your notebook.</li><li>Remember to save it regularly.</li><li>Now try saving your new notebook as HTML. Open it in the browser and compare it to the original</li><li>Now see if you can open the HTML from Spyral and edit it further. What happens when you try to Save it.</li></ul><h3>Learning JavaScript</h3><p>You can learn or improve your Javascript skills be working through tutorials like <a data-cke-saved-href=\"https://www.google.com/url?sa=t&amp;rct=j&amp;q=&amp;esrc=s&amp;source=web&amp;cd=&amp;cad=rja&amp;uact=8&amp;ved=2ahUKEwiNg96hhMnsAhWkiOAKHZ4ODEYQFjAAegQIARAD&amp;url=https%3A%2F%2Feloquentjavascript.net%2F&amp;usg=AOvVaw2HqtTANHMsp-padDowNV2O\" target=\"_blank\" href=\"https://www.google.com/url?sa=t&amp;rct=j&amp;q=&amp;esrc=s&amp;source=web&amp;cd=&amp;cad=rja&amp;uact=8&amp;ved=2ahUKEwiNg96hhMnsAhWkiOAKHZ4ODEYQFjAAegQIARAD&amp;url=https%3A%2F%2Feloquentjavascript.net%2F&amp;usg=AOvVaw2HqtTANHMsp-padDowNV2O\" data-tabindex-value=\"none\" tabindex=\"-1\" data-tabindex-counter=\"14\">Eloquent Javascript&nbsp;</a>or <a data-cke-saved-href=\"https://www.w3schools.com/js/DEFAULT.asp\" target=\"_blank\" href=\"https://www.w3schools.com/js/DEFAULT.asp\" data-tabindex-value=\"none\" tabindex=\"-1\" data-tabindex-counter=\"14\">W3 Schools.</a></p>"},{"cellId":"trtyiobv","type":"text","content":"<p style=\"text-align: center;\"><strong>Using Spyral Home</strong></p><p style=\"text-align: center;\">Return to Tutorials:&nbsp;<a data-cke-saved-href=\"https://voyant-tools.org/spyral/learnspyral@gh/Tutorials/\" target=\"_blank\" href=\"https://voyant-tools.org/spyral/learnspyral@gh/Tutorials/\" data-tabindex-value=\"none\" tabindex=\"-1\" data-tabindex-counter=\"1\">https://voyant-tools.org/spyral/learnspyral@gh/Tutorials/</a></p><p></p>"}]}