{"metadata":{"title":"Spyral Tutorials: Table of Contents","userId":"learnspyral@gh","author":"Kaylin Land and Geoffrey Rockwell","description":"This is a notebook with links to introductory and tutorial notebooks.","catalogue":true,"keywords":["tutorials"],"modified":"2025-02-12T15:57:31.685Z","created":"2021-03-25T19:33:15.889Z","language":"English","license":"Creative Commons Attribution (CC BY)","version":"0.1"},"cells":[{"cellId":"iwo8dk0d","type":"text","content":"<p>This Spyral Notebook provides a table of contents to the tutorial and reference materials currently available for Spyral.&nbsp;&nbsp;</p><h3><b>Start Here:&nbsp;</b>Notebooks Introducing Spyral</h3><ul><li><strong><a data-cke-saved-href=\"https://voyant-tools.org/spyral/learnspyral@gh/aboutspyral/\" href=\"https://voyant-tools.org/spyral/learnspyral@gh/aboutspyral/\" rel=\"noopener noreferrer\" target=\"_blank\" data-tabindex-value=\"none\" tabindex=\"-1\" data-tabindex-counter=\"33\">Introduction to Spyral</a>:&nbsp;</strong>An overview notebook that introduces Spyral Notebooks and shows their basic capabilities.&nbsp;</li><li><strong><a data-cke-saved-href=\"https://voyant-tools.org/spyral/learnspyral@gh/dialogica/\" href=\"https://voyant-tools.org/spyral/learnspyral@gh/dialogica/\" rel=\"noopener noreferrer\" target=\"_blank\" data-tabindex-value=\"none\" tabindex=\"-1\" data-tabindex-counter=\"33\" id=\"ext-element-10\">Dialogica Welcome</a>:&nbsp;</strong>Provides an alternative overview of Spyral Notebooks and includes interactive exercises to complete.&nbsp;<ul></ul></li></ul><h3><strong>Spyral Notebook Documentation:</strong>&nbsp;Link to official Spyral Documentation</h3><p><strong>Note:&nbsp;</strong>This documentation can be difficult to use if you are a novice.</p><ul><li><a data-cke-saved-href=\"https://voyant-tools.org/docs/#!/api/Spyral.Notebook\" target=\"_blank\" href=\"https://voyant-tools.org/docs/#!/api/Spyral.Notebook\" data-tabindex-value=\"none\" tabindex=\"-1\" data-tabindex-counter=\"32\">https://voyant-tools.org/docs/#!/api/Spyral.Notebook</a>​​​​​​​​​​​​​​</li></ul>"},{"cellId":"figvdk8u","type":"text","content":"<h3><strong>Using Spyral Notebooks:&nbsp;</strong>Using Spyral Notebooks show you the nuts and bolts of interacting with Spyral</h3><p>A good place to start to learn Spyral is with these tutorials:</p><ul><li>Creating and Saving Spyral Notebooks: <a data-cke-saved-href=\"https://voyant-tools.org/spyral/learnspyral@gh/create/\" target=\"_blank\" href=\"https://voyant-tools.org/spyral/learnspyral@gh/create/\" data-tabindex-value=\"none\" tabindex=\"-1\" data-tabindex-counter=\"20\" id=\"ext-element-10\">https://voyant-tools.org/spyral/learnspyral@gh/create/ </a></li><li>Editing a Notebook: <a data-cke-saved-href=\"https://voyant-tools.org/spyral/learnspyral@gh/edit/\" target=\"_blank\" href=\"https://voyant-tools.org/spyral/learnspyral@gh/edit/\" data-tabindex-value=\"none\" tabindex=\"-1\" data-tabindex-counter=\"20\">https://voyant-tools.org/spyral/learnspyral@gh/edit/</a></li><li>Using Code Cells:&nbsp;<a data-cke-saved-href=\"https://voyant-tools.org/spyral/learnspyral@gh/RunningCodeCells/\" target=\"_blank\" href=\"https://voyant-tools.org/spyral/learnspyral@gh/RunningCodeCells/\" data-tabindex-value=\"none\" tabindex=\"-1\" data-tabindex-counter=\"2\">https://voyant-tools.org/spyral/learnspyral@gh/RunningCodeCells/</a></li><li>Getting Help: <a data-cke-saved-href=\"https://voyant-tools.org/spyral/learnspyral@gh/help/\" target=\"_blank\" href=\"https://voyant-tools.org/spyral/learnspyral@gh/help/\" data-tabindex-value=\"none\" tabindex=\"-1\" data-tabindex-counter=\"20\">https://voyant-tools.org/spyral/learnspyral@gh/help/</a></li><li>Loading Data: <a data-cke-saved-href=\"https://voyant-tools.org/spyral/learnspyral@gh/data/\" target=\"_blank\" href=\"https://voyant-tools.org/spyral/learnspyral@gh/data/\" data-tabindex-value=\"none\" tabindex=\"-1\" data-tabindex-counter=\"20\">https://voyant-tools.org/spyral/learnspyral@gh/data/</a></li><li>Exporting and Importing Notebooks: <a data-cke-saved-href=\"https://voyant-tools.org/spyral/learnspyral@gh/import/\" target=\"_blank\" href=\"https://voyant-tools.org/spyral/learnspyral@gh/import/\" data-tabindex-value=\"none\" tabindex=\"-1\" data-tabindex-counter=\"20\">https://voyant-tools.org/spyral/learnspyral@gh/import/</a><br></li><li>Adding Images to a Notebook Using&nbsp;GitHub: <a data-cke-saved-href=\"https://voyant-tools.org/spyral/learnspyral@gh/images/\" target=\"_blank\" href=\"https://voyant-tools.org/spyral/learnspyral@gh/images/\" data-tabindex-value=\"none\" tabindex=\"-1\" data-tabindex-counter=\"20\">https://voyant-tools.org/spyral/learnspyral@gh/images/</a>​​​​​​​</li></ul>"},{"cellId":"lr4cb0ms","type":"text","content":"<p><strong>Spyral Tools</strong>: A series of notebooks that provide editable JavaScript code and show how to use the most commonly used Voyant Tools in Spyral</p><ul><li>Trends: <a data-cke-saved-href=\"https://voyant-tools.org/spyral/learnspyral@gh/trends/\" target=\"_blank\" href=\"https://voyant-tools.org/spyral/learnspyral@gh/trends/\" data-tabindex-value=\"none\" tabindex=\"-1\" data-tabindex-counter=\"15\">https://voyant-tools.org/spyral/learnspyral@gh/trends/</a></li><li>Cirrus:<a data-cke-saved-href=\"https://voyant-tools.org/spyral/learnspyral@gh/cirrus/\" target=\"_blank\" href=\"https://voyant-tools.org/spyral/learnspyral@gh/cirrus/\" data-tabindex-value=\"none\" tabindex=\"-1\" data-tabindex-counter=\"14\"> https://voyant-tools.org/spyral/learnspyral@gh/cirrus/ </a></li><li>Collocates Graph and Corpus Collocates: <a data-cke-saved-href=\"https://voyant-tools.org/spyral/learnspyral@gh/correlations/\" target=\"_blank\" href=\"https://voyant-tools.org/spyral/learnspyral@gh/correlations/\" data-tabindex-value=\"none\" tabindex=\"-1\" data-tabindex-counter=\"13\">https://voyant-tools.org/spyral/learnspyral@gh/correlations/</a></li><li>Corpus Collocates:&nbsp;<a data-cke-saved-href=\"https://voyant-tools.org/spyral/learnspyral@gh/collocates2/\" target=\"_blank\" href=\"https://voyant-tools.org/spyral/learnspyral@gh/collocates2/\">https://voyant-tools.org/spyral/learnspyral@gh/collocates2/</a></li><li>Corpus Terms and Document Terms: <a data-cke-saved-href=\"https://voyant-tools.org/spyral/learnspyral@gh/terms/\" target=\"_blank\" href=\"https://voyant-tools.org/spyral/learnspyral@gh/terms/\" data-tabindex-value=\"none\" tabindex=\"-1\" data-tabindex-counter=\"12\">https://voyant-tools.org/spyral/learnspyral@gh/terms/</a>​​​​​​​​​​​​​​</li><li>Phrases:&nbsp;<a data-cke-saved-href=\"https://voyant-tools.org/spyral/learnspyral@gh/Phrases/\" target=\"_blank\" href=\"https://voyant-tools.org/spyral/learnspyral@gh/Phrases/\">https://voyant-tools.org/spyral/learnspyral@gh/Phrases/</a></li><li>Links:&nbsp;<a data-cke-saved-href=\"https://voyant-tools.org/spyral/learnspyral@gh/links/\" target=\"_blank\" href=\"https://voyant-tools.org/spyral/learnspyral@gh/links/\">https://voyant-tools.org/spyral/learnspyral@gh/links/</a></li><li>Correlations:&nbsp;<a data-cke-saved-href=\"https://voyant-tools.org/spyral/learnspyral@gh/correlations2/\" target=\"_blank\" href=\"https://voyant-tools.org/spyral/learnspyral@gh/correlations2/\">https://voyant-tools.org/spyral/learnspyral@gh/correlations2/</a></li></ul>"},{"cellId":"pu1lku5t","type":"text","content":"<p><strong>Spyral Recipes</strong>: A series of notebooks with recipes for specific text analysis tasks</p><ul><li>Doing things with strings:&nbsp;<a data-cke-saved-href=\"https://voyant-tools.org/spyral/learnspyral@gh/Strings/\" target=\"_blank\" href=\"https://voyant-tools.org/spyral/learnspyral@gh/Strings/\" data-tabindex-value=\"none\" tabindex=\"-1\" data-tabindex-counter=\"1\">https://voyant-tools.org/spyral/learnspyral@gh/Strings/</a></li><li>GatheringWeb pages:&nbsp;<a data-cke-saved-href=\"https://voyant-tools.org/spyral/learnspyral@gh/GatheringPages/\" target=\"_blank\" href=\"https://voyant-tools.org/spyral/learnspyral@gh/GatheringPages/\" data-tabindex-value=\"none\" tabindex=\"-1\" data-tabindex-counter=\"8\">https://voyant-tools.org/spyral/learnspyral@gh/GatheringPages/</a></li><li>Using an RSS Feed to fetch web sites:&nbsp;<a data-cke-saved-href=\"https://voyant-tools.org/spyral/ajmacdonald@gh/RSSFeedFetcher/\" target=\"_blank\" href=\"https://voyant-tools.org/spyral/ajmacdonald@gh/RSSFeedFetcher/\" data-tabindex-value=\"none\" tabindex=\"-1\" data-tabindex-counter=\"3\">https://voyant-tools.org/spyral/ajmacdonald@gh/RSSFeedFetcher/</a></li><li>Creating a corpus with an Excel spreadsheet:&nbsp;<a data-cke-saved-href=\"https://voyant-tools.org/spyral/learnspyral@gh/LoadingSpreadsheet/\" target=\"_blank\" href=\"https://voyant-tools.org/spyral/learnspyral@gh/LoadingSpreadsheet/\" data-tabindex-value=\"none\" tabindex=\"-1\" data-tabindex-counter=\"6\">https://voyant-tools.org/spyral/learnspyral@gh/LoadingSpreadsheet/</a></li><li><a data-cke-saved-href=\"https://voyant-tools.org/spyral/learnspyral@gh/StopwordLists/\" target=\"_blank\" href=\"https://voyant-tools.org/spyral/learnspyral@gh/StopwordLists/\" data-tabindex-value=\"none\" tabindex=\"-1\" data-tabindex-counter=\"14\">Editing Stopword Lists</a> in Spyral</li><li><a data-cke-saved-href=\"https://voyant-tools.org/spyral/learnspyral@gh/Topic-Modelling/\" target=\"_blank\" href=\"https://voyant-tools.org/spyral/learnspyral@gh/Topic-Modelling/\" data-tabindex-value=\"none\" tabindex=\"-1\" data-tabindex-counter=\"14\">Topic Modelling</a> in Spyral</li><li>Doing things with XML:&nbsp;<a data-cke-saved-href=\"https://voyant-tools.org/spyral/learnspyral@gh/DoingWithXML/\" target=\"_blank\" href=\"https://voyant-tools.org/spyral/learnspyral@gh/DoingWithXML/\" data-tabindex-value=\"none\" tabindex=\"-1\" data-tabindex-counter=\"5\">https://voyant-tools.org/spyral/learnspyral@gh/DoingWithXML/</a></li><li><a data-cke-saved-href=\"https://voyant-tools.org/spyral/learnspyral@gh/categories/\" target=\"_blank\" href=\"https://voyant-tools.org/spyral/learnspyral@gh/categories/\" data-tabindex-value=\"none\" tabindex=\"-1\" data-tabindex-counter=\"14\">Using Categories</a> in Spyral<ul><li><a data-cke-saved-href=\"https://voyant-tools.org/spyral/learnspyral@gh/Category-test/\" target=\"_blank\" href=\"https://voyant-tools.org/spyral/learnspyral@gh/Category-test/\">Advanced Categories.</a></li><li><a data-cke-saved-href=\"https://voyant-tools.org/spyral/learnspyral@gh/5CuI05/\" target=\"_blank\" href=\"https://voyant-tools.org/spyral/learnspyral@gh/5CuI05/\">Summary</a> of Available Category sets.<br type=\"_moz\"></li><li><a data-cke-saved-href=\"https://voyant-tools.org/spyral/learnspyral@gh/vgzoaz/\" target=\"_blank\" href=\"https://voyant-tools.org/spyral/learnspyral@gh/vgzoaz/\">Using categories</a> in Highcharts.<br type=\"_moz\"></li></ul></li></ul><p>Older Recipes that don't work as they are being updated<br type=\"_moz\"></p><ul><li><a data-cke-saved-href=\"https://beta.voyant-tools.org/spyral/tf-idf/\" target=\"_blank\" href=\"https://beta.voyant-tools.org/spyral/tf-idf/\" data-tabindex-value=\"none\" tabindex=\"-1\" data-tabindex-counter=\"27\">Getting significant</a> words from each&nbsp;document in a corpus using tf-idf</li></ul>"},{"cellId":"v9a1ki84","type":"text","content":"<p><strong>Useful Examples</strong>: Some example notebooks that were developed to study different corpora for real research projects.</p><ul><li><a data-cke-saved-href=\"https://voyant-tools.org/spyral/GeoffreyRockwell@gh/CovidDiscourse7/\" target=\"_blank\" href=\"https://voyant-tools.org/spyral/GeoffreyRockwell@gh/CovidDiscourse7/\">COVID Discourse</a> was developed to look at different types of discourse about Covid 19 in Alberta.</li><li><a data-cke-saved-href=\"https://voyant-tools.org/spyral/learnspyral@gh/IRCCProjects/\" target=\"_blank\" href=\"https://voyant-tools.org/spyral/learnspyral@gh/IRCCProjects/\">List of Services Projects 2020</a> examines a small corpus of IRCC funded project descriptions.</li><li><a data-cke-saved-href=\"https://voyant-tools.org/spyral/learnspyral@gh/JSlogans/\" target=\"_blank\" href=\"https://voyant-tools.org/spyral/learnspyral@gh/JSlogans/\">Japanese Game Company Slogans</a> examines examples of public promotional statements by Japanese video game companies.</li></ul><p><strong>Code Snippets</strong>:&nbsp;Some examples of useful code.</p><ul><li><strong>Still in Progress</strong>&nbsp;Useful Code 1:&nbsp;&nbsp;<a data-cke-saved-href=\"https://voyant-tools.org/spyral/learnspyral@gh/UsefulCode/\" target=\"_blank\" href=\"https://voyant-tools.org/spyral/learnspyral@gh/UsefulCode/\">https://voyant-tools.org/spyral/learnspyral@gh/UsefulCode/</a></li></ul><p><br></p>"},{"cellId":"hfztm5v4","type":"text","content":"<p><strong>JavaScript Tutorials:&nbsp;</strong>Recommended JavaScript Resources<br type=\"_moz\"></p><ul><li>Promise Tutorial: <a data-cke-saved-href=\"https://voyant-tools.org/spyral/learnspyral@gh/promise-tutorial/\" target=\"_blank\" href=\"https://voyant-tools.org/spyral/learnspyral@gh/promise-tutorial/\">https://voyant-tools.org/spyral/learnspyral@gh/promise-tutorial/</a><br type=\"_moz\"></li><li>W3 Schools:&nbsp;<a data-cke-saved-href=\"https://www.w3schools.com/js/DEFAULT.asp\" target=\"_blank\" href=\"https://www.w3schools.com/js/DEFAULT.asp\" data-tabindex-value=\"none\" tabindex=\"-1\" data-tabindex-counter=\"32\">https://www.w3schools.com/js/DEFAULT.asp</a><br type=\"_moz\"></li><li>Eloquent JavaScript:&nbsp;<a data-cke-saved-href=\"https://eloquentjavascript.net/\" target=\"_blank\" href=\"https://eloquentjavascript.net/\" data-tabindex-value=\"none\" tabindex=\"-1\" data-tabindex-counter=\"32\">https://eloquentjavascript.net/</a><br type=\"_moz\"></li></ul>"},{"cellId":"e204efvv","type":"text","content":"<p><strong>Spyral Reference Manual Editorial Decisions:<a data-tabindex-counter=\"31\" data-tabindex-value=\"none\" data-cke-saved-href=\"https://voyant-tools.org/spyral/RefEditorial/\" href=\"https://voyant-tools.org/spyral/RefEditorial/\" tabindex=\"-1\" target=\"_blank\">&nbsp;</a></strong><a data-tabindex-counter=\"31\" data-tabindex-value=\"none\" data-cke-saved-href=\"https://voyant-tools.org/spyral/RefEditorial/\" href=\"https://voyant-tools.org/spyral/RefEditorial/\" tabindex=\"-1\" target=\"_blank\">https://voyant-tools.org/spyral/RefEditorial/</a></p><hr>"},{"cellId":"yqndbedt","type":"text","content":"<p><strong>Older materials</strong>: These are notebooks that are older and have code that doesn't work. Bear with us as we update materials.</p><ul><li><strong><a data-cke-saved-href=\"https://voyant-tools.org/spyral/learnspyral@gh/homeALTA/\" href=\"https://voyant-tools.org/spyral/learnspyral@gh/homeALTA/\" rel=\"noopener noreferrer\" target=\"_blank\" data-tabindex-value=\"none\" tabindex=\"-1\" data-tabindex-counter=\"33\">Art of Literary Text Analysis</a></strong>: A series of notebooks that introduce digital text analysis skills and also demonstrate how to use Spyral. Series includes:&nbsp;<ul><li><a data-cke-saved-href=\"https://voyant-tools.org/spyral/learnspyral@gh/startALTA/\" href=\"https://voyant-tools.org/spyral/learnspyral@gh/startALTA/\" rel=\"noopener noreferrer\" target=\"_blank\" data-tabindex-value=\"none\" tabindex=\"-1\" data-tabindex-counter=\"33\">Getting Started with Spyral Notebooks</a>: Introduces core concepts of Spyral Notebooks&nbsp;</li><li><a data-cke-saved-href=\"https://voyant-tools.org/spyral/learnspyral@gh/createALTA/\" href=\"https://voyant-tools.org/spyral/learnspyral@gh/createALTA/\" rel=\"noopener noreferrer\" target=\"_blank\" data-tabindex-value=\"none\" tabindex=\"-1\" data-tabindex-counter=\"33\">Creating a Corpus</a>: Shows how to create a corpus with Voyant or programmatically with strings or URLs&nbsp;</li><li><a data-cke-saved-href=\"https://voyant-tools.org/spyral/learnspyral@gh/smallerALTA/\" href=\"https://voyant-tools.org/spyral/learnspyral@gh/smallerALTA/\" rel=\"noopener noreferrer\" target=\"_blank\" data-tabindex-value=\"none\" tabindex=\"-1\" data-tabindex-counter=\"33\">Exploring a Smaller Corpus</a>: Shows how to work with a smaller corpus using Edgar Allen Poe's \"The Gold Bug\"&nbsp;</li><li><a data-cke-saved-href=\"https://voyant-tools.org/spyral/learnspyral@gh/tableALTA/\" href=\"https://voyant-tools.org/spyral/learnspyral@gh/tableALTA/\" rel=\"noopener noreferrer\" target=\"_blank\" data-tabindex-value=\"none\" tabindex=\"-1\" data-tabindex-counter=\"33\" id=\"ext-element-16\">Introducing Tables</a>: Introduces core concepts of working with custom data and tables</li></ul></li><li>Types of Cells: <a data-cke-saved-href=\"https://voyant-tools.org/spyral/learnspyral@gh/cells/\" target=\"_blank\" href=\"https://voyant-tools.org/spyral/learnspyral@gh/cells/\" data-tabindex-value=\"none\" tabindex=\"-1\" data-tabindex-counter=\"20\">https://voyant-tools.org/spyral/learnspyral@gh/cells/</a>​​​​​​​</li></ul>"}]}