{"metadata":{"title":"Summary Code for Tools","userId":"learnspyral@gh","author":"learnspyral","description":"This provides a cheat sheet of the code needed to call various tools.","catalogue":false,"keywords":["tutorials","tutorial","Tool"],"modified":"2024-03-04T19:53:12.093Z","created":"2024-03-03T15:29:46.883Z","language":"English","license":"Creative Commons Attribution (CC BY)","version":"0.1"},"cells":[{"cellId":"wbwo4psa","type":"text","content":"<p>This notebook provides a cheat-sheet of the code with all parameters for each of the different tools in Voyant. It is useful if you are familiar with Voyant and just want to find out how to control the tool you are looking for. You can also use this notebook to play with the parameters to see what they do.<br></p><p>You can find help for the Spyral tool method here:&nbsp;<a data-cke-saved-href=\"https://voyant-tools.org/docs/#!/api/Spyral.Corpus-method-tool\" target=\"_blank\" href=\"https://voyant-tools.org/docs/#!/api/Spyral.Corpus-method-tool\" data-tabindex-value=\"none\" tabindex=\"-1\" data-tabindex-counter=\"2\">https://voyant-tools.org/docs/#!/api/Spyral.Corpus-method-tool</a></p>"},{"cellId":"vzldrbej","type":"text","content":"<h2><strong>Trends</strong></h2><p>Voyant help:&nbsp;<a data-cke-saved-href=\"https://voyant-tools.org/docs/#!/guide/trends\" target=\"_blank\" href=\"https://voyant-tools.org/docs/#!/guide/trends\" data-tabindex-value=\"none\" tabindex=\"-1\" data-tabindex-counter=\"2\">https://voyant-tools.org/docs/#!/guide/trends</a>​​​​​​​<br></p>"},{"cellId":"qqwidqnt","type":"code","content":{"input":"loadCorpus(\"austen\").tool(\"Trends\", \n    {query: [\"love\", \"happiness\"], // List of query terms\n    limit: 3, // Limit of terms to show, default is 5 if no query given\n    withDistributions: \"raw\", // \"relative\" or \"raw\"\n    docIndex: 0, // Specifies document in corpus to show where 0 is first doc\n    bins: 10, // If showing a single document then you can say how many parts to graph over\n    chartType: \"bar\", // \"barline\", \"bar\", \"line\", \"area\", \"stacked\"\n    stopList: \"it, and, the\", // Provide an alternative stopword list\n\tcategories: \"abf9e6085810f14fabde5f8f0b5a1ba7\", // Specify a Category Set\n    style: \"width: 700px; height: 300px\", // Control the size of the panel\n    });","output":"<body class=\"\"><iframe style=\"width: 700px; height: 300px\" src=\"https://voyant-tools.org/tool/Trends/?corpus=austen&amp;forTool=Trends&amp;query=love%2Chappiness&amp;docIndex=0&amp;bins=10&amp;chartType=bar&amp;stopList=it%2C+and%2C+the&amp;categories=abf9e6085810f14fabde5f8f0b5a1ba7\"></iframe></body>","mode":"javascript","expandResults":true}},{"cellId":"is4b1a7y","type":"text","content":"<h2>Cirrus (Word Cloud)<br></h2><p>Voyant help for Cirrus: <a data-cke-saved-href=\"https://voyant-tools.org/docs/#!/guide/cirrus\" target=\"_blank\" href=\"https://voyant-tools.org/docs/#!/guide/cirrus\" data-tabindex-value=\"none\" tabindex=\"-1\" data-tabindex-counter=\"1\">https://voyant-tools.org/docs/#!/guide/cirrus</a><br></p><p></p>"},{"cellId":"pdw5xlfw","type":"code","content":{"input":"loadCorpus(\"austen\").tool(\"Cirrus\", \n    {limit: 100, // Limit of terms to load, \"visible\" controls how many show\n     visible: 25, // How many are displayed. Default is 50\n     // inlineData: [\"love:20\",\"like:15\",\"the:40\",\"dear:10\"],\n     whiteList: [\"love\",\"like\",\"the\",\"dear\"], // Specifies words to display\n     // docIndex: 0, // Specifies document in corpus to show where 0 is first doc\n     stopList: \"it, and, here\", // Provide an alternative stopword list\n     categories: \"abf9e6085810f14fabde5f8f0b5a1ba7\", // Specify a Category Set\n     style: \"width: 400px; height: 300px\", // Control the size of the panel\n    });","output":"<body class=\"\"><iframe style=\"width: 400px; height: 300px\" src=\"https://voyant-tools.org/tool/Cirrus/?corpus=austen&amp;forTool=Cirrus&amp;limit=100&amp;visible=25&amp;inlineData=love%3A20%2Clike%3A15%2Cthe%3A40%2Cdear%3A10&amp;whiteList=love%2Clike%2Cthe%2Cdear&amp;stopList=it%2C+and%2C+the&amp;categories=abf9e6085810f14fabde5f8f0b5a1ba7\"></iframe></body>","mode":"javascript","expandResults":true}},{"cellId":"pyqlh2x1","type":"text","content":"​​​​​​​<p></p>"}]}