{"metadata":{"title":"List of Services Projects 2020","userId":"learnspyral@gh","author":"Geoffrey Rockwell","description":"This allows us to study a 2020 list of projects funded by the IRCC.","catalogue":false,"keywords":["immigration"],"modified":"2024-03-23T18:23:42.179Z","created":"2024-03-13T20:15:01.472Z","language":"English","license":"Creative Commons Attribution-ShareAlike (CC BY-SA)","version":"0.1"},"cells":[{"cellId":"fydg2ir6","type":"text","content":"<p>This is a quick study of the language in an Excel spreadsheet \"List of Service Delivery Improvement Projects 2020\" found here:&nbsp;<a data-cke-saved-href=\"https://km4s.ca/2022/09/complete-list-of-ircc-sdi-funded-projects-for-2020/\" target=\"_blank\" href=\"https://km4s.ca/2022/09/complete-list-of-ircc-sdi-funded-projects-for-2020/\" data-tabindex-value=\"none\" tabindex=\"-1\" data-tabindex-counter=\"4\">https://km4s.ca/2022/09/complete-list-of-ircc-sdi-funded-projects-for-2020/</a></p><p>The Voyant interface is here:&nbsp;<a data-cke-saved-href=\"https://voyant-tools.org/?corpus=11ac7c36e6060e84efa8f4ff5dea16d9\" target=\"_blank\" href=\"https://voyant-tools.org/?corpus=11ac7c36e6060e84efa8f4ff5dea16d9\" data-tabindex-value=\"none\" tabindex=\"-1\" data-tabindex-counter=\"4\">https://voyant-tools.org/?corpus=11ac7c36e6060e84efa8f4ff5dea16d9</a>​​​​​​​</p><p>This is for research related to the <a data-cke-saved-href=\"https://www.torontomu.ca/bridging-divides/\" target=\"_blank\" href=\"https://www.torontomu.ca/bridging-divides/\" data-tabindex-value=\"none\" tabindex=\"-1\" data-tabindex-counter=\"2\">Bridging Divides project</a>. I created a document for each of the provinces.</p><p><strong>Note:</strong>&nbsp;Different provinces have very different numbers of projects. Quebec has only one and it doesn't really even seem to be Quebec based. Ontario and BC have lots.</p>"},{"cellId":"kmjbhwro","type":"text","content":"<p>In this first Code Cell I pass the CorpusID to Spyral and assign a name to the corpus that I can use in further code.<br></p><p><strong>Note:</strong>&nbsp;You need to run this first cell for any of the others to work.<br></p><p></p>"},{"cellId":"mv4lufuq","type":"data","content":{"input":{"corpusId":"11ac7c36e6060e84efa8f4ff5dea16d9","type":"id","value":"11ac7c36e6060e84efa8f4ff5dea16d9"},"output":"<div class=\"spyral-dv-container\"><span class=\"spyral-dv-content\" style=\"margin-left: 0px;\"><span class=\"spyral-dv-left spyral-dv-folder\">myCorpus: <span class=\"spyral-dv-type\">Object</span><span class=\"spyral-dv-length\">{1}</span> <span class=\"spyral-dv-folder-icon spyral-dv-expanded\"><svg width=\"8\" height=\"8\" class=\"open\"><path d=\"M4 7L0 1h8z\" fill=\"#000\"></path></svg><svg width=\"8\" height=\"8\" class=\"closed\"><path d=\"M7 4L1 8V0z\" fill=\"#000\"></path></svg></span></span><span class=\"spyral-dv-Object spyral-dv-right spyral-dv-expanded\"><span class=\"spyral-dv-content\" style=\"margin-left: 0px;\"><span class=\"spyral-dv-left\">corpusid:&nbsp;</span><span class=\"spyral-dv-String spyral-dv-right\">\"11ac7c36e6060e84efa8f4ff5dea16d9\"</span></span></span></span></div>","mode":"corpus","expandResults":true,"dataName":"myCorpus"}},{"cellId":"w6pbqft0","type":"text","content":"<p>Now&nbsp;I will explore the corpus through the lens of various tools:</p><ul><li><strong>Documents:</strong> the documents and the differences in number of words in each.</li><li><strong>CorpusTerms</strong>: all the words in the corpus.</li><li><strong>Trends</strong>: a graph of key terms over the corpus</li></ul>"},{"cellId":"farnx5yv","type":"text","content":"<strong>Documents:&nbsp;</strong>Here is the Documents tool that lets me see what are the documents in the corpus and get information about them.<p></p>"},{"cellId":"m80el3cw","type":"code","content":{"input":"myCorpus.tool(\"Documents\", {style: \"width:800px; height:350px\"})","output":"<body class=\"\"></body>","mode":"javascript","expandResults":true}},{"cellId":"vg69ubz5","type":"text","content":"<strong>Terms:&nbsp;</strong>Next I get a list of the words across the corpus sorted by frequency. This allows me to look for themes to explore.<p></p>"},{"cellId":"fhm32kzk","type":"code","content":{"input":"myCorpus.tool(\"CorpusTerms\");","output":"<body class=\"\"><iframe style=\"width: 350px; height: 350px;\" src=\"https://voyant-tools.org/tool/CorpusTerms/?corpus=11ac7c36e6060e84efa8f4ff5dea16d9&amp;forTool=CorpusTerms\"></iframe></body>","mode":"javascript","expandResults":true}},{"cellId":"sbn8be2a","type":"text","content":"<strong>Trends:&nbsp;</strong>Now I can use the Trends tool to graph sets of words across the different documents/provinces. I can keep different queries in the code comments.<p></p>"},{"cellId":"s4yrs75y","type":"code","content":{"input":"myQuery = \"ai, online\"; // List the words to track\n// Here are other query sets that I cut and paste into the line above\n// \"digital\"\n// \"literacy, skill*\"\nmyCorpus.tool(\"Trends\", {query: myQuery, chartType: \"bar\"})","output":"<body class=\"\"><iframe style=\"width: 350px; height: 350px;\" src=\"https://voyant-tools.org/tool/Trends/?corpus=11ac7c36e6060e84efa8f4ff5dea16d9&amp;forTool=Trends&amp;query=ai%2C+online&amp;chartType=bar\"></iframe></body>","mode":"javascript","expandResults":true}},{"cellId":"hlby5t5j","type":"text","content":"<h2>Technology Words</h2><p>Below is an editable list of words with a technological sense from the list of words above.</p><p><strong>Note:&nbsp;</strong>you can use this field to create a list for a different theme and try graphing it. You don't need permission to play with open fields like this.</p><p><strong>Also Note:&nbsp;</strong>Some of the provinces have so few projects their numbers will be distorted by relative frequencies.<br></p>"},{"cellId":"et2qwplu","type":"data","content":{"input":"online, digital, data, virtual, ai, tech","output":"<div class=\"spyral-dv-container\"><span class=\"spyral-dv-content\" style=\"margin-left: 0px;\"><span class=\"spyral-dv-left\">listOfWords:&nbsp;</span><span class=\"spyral-dv-String spyral-dv-right\">\"online, digital, data, virtual, ai, tech\"</span></span></div>","mode":"text","expandResults":true,"dataName":"listOfWords"}},{"cellId":"tllddilu","type":"code","content":{"input":"myQuery = listOfWords; // List the words to track\nmyCorpus.tool(\"Trends\", {query: myQuery, chartType: \"bar\", style: \"width:800px; height:350px\"})","output":"<body class=\"\"><iframe style=\"width:800px; height:350px\" src=\"https://voyant-tools.org/tool/Trends/?corpus=11ac7c36e6060e84efa8f4ff5dea16d9&amp;forTool=Trends&amp;query=online%2C+digital%2C+data%2C+virtual%2C+ai%2C+tech&amp;chartType=bar\"></iframe></body>","mode":"javascript","expandResults":true}},{"cellId":"krmztxq2","type":"text","content":"Does this let us hypothesize where there is more interest in developing technological projects? Alberta seems to be interested in online projects. BC and Ontario in AI. BC, New Brunswick, and Ontario mention \"data\".<p></p>"},{"cellId":"kx0clk4f","type":"text","content":"<h2>Significant Terms</h2><p>This next tool shows us the words (terms) in a particular document. In this case document \"0\" which is Alberta. (See list of Documents above, but remember that in computing we start counting from zero (\"0\") so the first document is document 0.&nbsp;</p><p>These words are sorted by \"significance\" or&nbsp;<a data-cke-saved-href=\"https://en.wikipedia.org/wiki/Tf%E2%80%93idf\" target=\"_blank\" href=\"https://en.wikipedia.org/wiki/Tf%E2%80%93idf\" data-tabindex-value=\"none\" tabindex=\"-1\" data-tabindex-counter=\"3\">tf-idf</a> which shows the words most likely to occur in the document by comparison to other documents in the corpus.</p><p><strong>Note:&nbsp;</strong>You need to click the black arrow to open the array of 20 terms with related data.<br></p>"},{"cellId":"jfyfbkfh","type":"code","content":{"input":"theDocument = \"0\";\nmyCorpus.terms({docIndex: theDocument, limit: 20, stopList: \"auto\", sort: \"tfidf\", dir: \"desc\"})","output":"<div class=\"spyral-dv-container\"><span class=\"spyral-dv-content\" style=\"margin-left: 0px;\"><span class=\"spyral-dv-left spyral-dv-folder\">undefined: <span class=\"spyral-dv-type\">Array</span><span class=\"spyral-dv-length\">[20]</span> <span class=\"spyral-dv-folder-icon spyral-dv-expanded\"><svg width=\"8\" height=\"8\" class=\"open\"><path d=\"M4 7L0 1h8z\" fill=\"#000\"></path></svg><svg width=\"8\" height=\"8\" class=\"closed\"><path d=\"M7 4L1 8V0z\" fill=\"#000\"></path></svg></span></span><span class=\"spyral-dv-Array spyral-dv-right spyral-dv-expanded\"><span class=\"spyral-dv-content\" style=\"margin-left: 0px;\"><span class=\"spyral-dv-left spyral-dv-folder\">0: <span class=\"spyral-dv-type\">Object</span><span class=\"spyral-dv-length\">{9}</span> <span class=\"spyral-dv-folder-icon spyral-dv-expanded\"><svg width=\"8\" height=\"8\" class=\"open\"><path d=\"M4 7L0 1h8z\" fill=\"#000\"></path></svg><svg width=\"8\" height=\"8\" class=\"closed\"><path d=\"M7 4L1 8V0z\" fill=\"#000\"></path></svg></span></span><span class=\"spyral-dv-Object spyral-dv-right spyral-dv-expanded\"><span class=\"spyral-dv-content\" style=\"margin-left: 0px;\"><span class=\"spyral-dv-left\">term:&nbsp;</span><span class=\"spyral-dv-String spyral-dv-right\">\"counselling\"</span></span><span class=\"spyral-dv-content\" style=\"margin-left: 0px;\"><span class=\"spyral-dv-left\">rawFreq:&nbsp;</span><span class=\"spyral-dv-Number spyral-dv-right\">12</span></span><span class=\"spyral-dv-content\" style=\"margin-left: 0px;\"><span class=\"spyral-dv-left\">relativeFreq:&nbsp;</span><span class=\"spyral-dv-Number spyral-dv-right\">5905.5117</span></span><span class=\"spyral-dv-content\" style=\"margin-left: 0px;\"><span class=\"spyral-dv-left\">zscore:&nbsp;</span><span class=\"spyral-dv-Number spyral-dv-right\">1.1471695</span></span><span class=\"spyral-dv-content\" style=\"margin-left: 0px;\"><span class=\"spyral-dv-left\">zscoreRatio:&nbsp;</span><span class=\"spyral-dv-Number spyral-dv-right\">-6.496129</span></span><span class=\"spyral-dv-content\" style=\"margin-left: 0px;\"><span class=\"spyral-dv-left\">tfidf:&nbsp;</span><span class=\"spyral-dv-Number spyral-dv-right\">0.0053332085</span></span><span class=\"spyral-dv-content\" style=\"margin-left: 0px;\"><span class=\"spyral-dv-left\">totalTermsCount:&nbsp;</span><span class=\"spyral-dv-Number spyral-dv-right\">2032</span></span><span class=\"spyral-dv-content\" style=\"margin-left: 0px;\"><span class=\"spyral-dv-left\">docIndex:&nbsp;</span><span class=\"spyral-dv-Number spyral-dv-right\">0</span></span><span class=\"spyral-dv-content\" style=\"margin-left: 0px;\"><span class=\"spyral-dv-left\">docId:&nbsp;</span><span class=\"spyral-dv-String spyral-dv-right\">\"b642e86e746045ea14671a737a64f732\"</span></span></span></span><span class=\"spyral-dv-content\" style=\"margin-left: 0px;\"><span class=\"spyral-dv-left spyral-dv-folder\">1: <span class=\"spyral-dv-type\">Object</span><span class=\"spyral-dv-length\">{9}</span> <span class=\"spyral-dv-folder-icon spyral-dv-expanded\"><svg width=\"8\" height=\"8\" class=\"open\"><path d=\"M4 7L0 1h8z\" fill=\"#000\"></path></svg><svg width=\"8\" height=\"8\" class=\"closed\"><path d=\"M7 4L1 8V0z\" fill=\"#000\"></path></svg></span></span><span class=\"spyral-dv-Object spyral-dv-right spyral-dv-expanded\"><span class=\"spyral-dv-content\" style=\"margin-left: 0px;\"><span class=\"spyral-dv-left\">term:&nbsp;</span><span class=\"spyral-dv-String spyral-dv-right\">\"ccis\"</span></span><span class=\"spyral-dv-content\" style=\"margin-left: 0px;\"><span class=\"spyral-dv-left\">rawFreq:&nbsp;</span><span class=\"spyral-dv-Number spyral-dv-right\">12</span></span><span class=\"spyral-dv-content\" style=\"margin-left: 0px;\"><span class=\"spyral-dv-left\">relativeFreq:&nbsp;</span><span class=\"spyral-dv-Number spyral-dv-right\">5905.5117</span></span><span class=\"spyral-dv-content\" style=\"margin-left: 0px;\"><span class=\"spyral-dv-left\">zscore:&nbsp;</span><span class=\"spyral-dv-Number spyral-dv-right\">1.1471695</span></span><span class=\"spyral-dv-content\" style=\"margin-left: 0px;\"><span class=\"spyral-dv-left\">zscoreRatio:&nbsp;</span><span class=\"spyral-dv-Number spyral-dv-right\">-6.496129</span></span><span class=\"spyral-dv-content\" style=\"margin-left: 0px;\"><span class=\"spyral-dv-left\">tfidf:&nbsp;</span><span class=\"spyral-dv-Number spyral-dv-right\">0.0053332085</span></span><span class=\"spyral-dv-content\" style=\"margin-left: 0px;\"><span class=\"spyral-dv-left\">totalTermsCount:&nbsp;</span><span class=\"spyral-dv-Number spyral-dv-right\">2032</span></span><span class=\"spyral-dv-content\" style=\"margin-left: 0px;\"><span class=\"spyral-dv-left\">docIndex:&nbsp;</span><span class=\"spyral-dv-Number spyral-dv-right\">0</span></span><span class=\"spyral-dv-content\" style=\"margin-left: 0px;\"><span class=\"spyral-dv-left\">docId:&nbsp;</span><span class=\"spyral-dv-String spyral-dv-right\">\"b642e86e746045ea14671a737a64f732\"</span></span></span></span><span class=\"spyral-dv-content\" style=\"margin-left: 0px;\"><span class=\"spyral-dv-left spyral-dv-folder\">2: <span class=\"spyral-dv-type\">Object</span><span class=\"spyral-dv-length\">{9}</span> <span class=\"spyral-dv-folder-icon spyral-dv-expanded\"><svg width=\"8\" height=\"8\" class=\"open\"><path d=\"M4 7L0 1h8z\" fill=\"#000\"></path></svg><svg width=\"8\" height=\"8\" class=\"closed\"><path d=\"M7 4L1 8V0z\" fill=\"#000\"></path></svg></span></span><span class=\"spyral-dv-Object spyral-dv-right spyral-dv-expanded\"><span class=\"spyral-dv-content\" style=\"margin-left: 0px;\"><span class=\"spyral-dv-left\">term:&nbsp;</span><span class=\"spyral-dv-String spyral-dv-right\">\"online\"</span></span><span class=\"spyral-dv-content\" style=\"margin-left: 0px;\"><span class=\"spyral-dv-left\">rawFreq:&nbsp;</span><span class=\"spyral-dv-Number spyral-dv-right\">26</span></span><span class=\"spyral-dv-content\" style=\"margin-left: 0px;\"><span class=\"spyral-dv-left\">relativeFreq:&nbsp;</span><span class=\"spyral-dv-Number spyral-dv-right\">12795.276</span></span><span class=\"spyral-dv-content\" style=\"margin-left: 0px;\"><span class=\"spyral-dv-left\">zscore:&nbsp;</span><span class=\"spyral-dv-Number spyral-dv-right\">2.9483583</span></span><span class=\"spyral-dv-content\" style=\"margin-left: 0px;\"><span class=\"spyral-dv-left\">zscoreRatio:&nbsp;</span><span class=\"spyral-dv-Number spyral-dv-right\">-37.38903</span></span><span class=\"spyral-dv-content\" style=\"margin-left: 0px;\"><span class=\"spyral-dv-left\">tfidf:&nbsp;</span><span class=\"spyral-dv-Number spyral-dv-right\">0.003851762</span></span><span class=\"spyral-dv-content\" style=\"margin-left: 0px;\"><span class=\"spyral-dv-left\">totalTermsCount:&nbsp;</span><span class=\"spyral-dv-Number spyral-dv-right\">2032</span></span><span class=\"spyral-dv-content\" style=\"margin-left: 0px;\"><span class=\"spyral-dv-left\">docIndex:&nbsp;</span><span class=\"spyral-dv-Number spyral-dv-right\">0</span></span><span class=\"spyral-dv-content\" style=\"margin-left: 0px;\"><span class=\"spyral-dv-left\">docId:&nbsp;</span><span class=\"spyral-dv-String spyral-dv-right\">\"b642e86e746045ea14671a737a64f732\"</span></span></span></span><span class=\"spyral-dv-content\" style=\"margin-left: 0px;\"><span class=\"spyral-dv-left spyral-dv-folder\">3: <span class=\"spyral-dv-type\">Object</span><span class=\"spyral-dv-length\">{9}</span> <span class=\"spyral-dv-folder-icon spyral-dv-expanded\"><svg width=\"8\" height=\"8\" class=\"open\"><path d=\"M4 7L0 1h8z\" fill=\"#000\"></path></svg><svg width=\"8\" height=\"8\" class=\"closed\"><path d=\"M7 4L1 8V0z\" fill=\"#000\"></path></svg></span></span><span class=\"spyral-dv-Object spyral-dv-right spyral-dv-expanded\"><span class=\"spyral-dv-content\" style=\"margin-left: 0px;\"><span class=\"spyral-dv-left\">term:&nbsp;</span><span class=\"spyral-dv-String spyral-dv-right\">\"medical\"</span></span><span class=\"spyral-dv-content\" style=\"margin-left: 0px;\"><span class=\"spyral-dv-left\">rawFreq:&nbsp;</span><span class=\"spyral-dv-Number spyral-dv-right\">8</span></span><span class=\"spyral-dv-content\" style=\"margin-left: 0px;\"><span class=\"spyral-dv-left\">relativeFreq:&nbsp;</span><span class=\"spyral-dv-Number spyral-dv-right\">3937.0078</span></span><span class=\"spyral-dv-content\" style=\"margin-left: 0px;\"><span class=\"spyral-dv-left\">zscore:&nbsp;</span><span class=\"spyral-dv-Number spyral-dv-right\">0.6325441</span></span><span class=\"spyral-dv-content\" style=\"margin-left: 0px;\"><span class=\"spyral-dv-left\">zscoreRatio:&nbsp;</span><span class=\"spyral-dv-Number spyral-dv-right\">-3.5819364</span></span><span class=\"spyral-dv-content\" style=\"margin-left: 0px;\"><span class=\"spyral-dv-left\">tfidf:&nbsp;</span><span class=\"spyral-dv-Number spyral-dv-right\">0.0035554725</span></span><span class=\"spyral-dv-content\" style=\"margin-left: 0px;\"><span class=\"spyral-dv-left\">totalTermsCount:&nbsp;</span><span class=\"spyral-dv-Number spyral-dv-right\">2032</span></span><span class=\"spyral-dv-content\" style=\"margin-left: 0px;\"><span class=\"spyral-dv-left\">docIndex:&nbsp;</span><span class=\"spyral-dv-Number spyral-dv-right\">0</span></span><span class=\"spyral-dv-content\" style=\"margin-left: 0px;\"><span class=\"spyral-dv-left\">docId:&nbsp;</span><span class=\"spyral-dv-String spyral-dv-right\">\"b642e86e746045ea14671a737a64f732\"</span></span></span></span><span class=\"spyral-dv-content\" style=\"margin-left: 0px;\"><span class=\"spyral-dv-left spyral-dv-folder\">4: <span class=\"spyral-dv-type\">Object</span><span class=\"spyral-dv-length\">{9}</span> <span class=\"spyral-dv-folder-icon spyral-dv-expanded\"><svg width=\"8\" height=\"8\" class=\"open\"><path d=\"M4 7L0 1h8z\" fill=\"#000\"></path></svg><svg width=\"8\" height=\"8\" class=\"closed\"><path d=\"M7 4L1 8V0z\" fill=\"#000\"></path></svg></span></span><span class=\"spyral-dv-Object spyral-dv-right spyral-dv-expanded\"><span class=\"spyral-dv-content\" style=\"margin-left: 0px;\"><span class=\"spyral-dv-left\">term:&nbsp;</span><span class=\"spyral-dv-String spyral-dv-right\">\"crisis\"</span></span><span class=\"spyral-dv-content\" style=\"margin-left: 0px;\"><span class=\"spyral-dv-left\">rawFreq:&nbsp;</span><span class=\"spyral-dv-Number spyral-dv-right\">12</span></span><span class=\"spyral-dv-content\" style=\"margin-left: 0px;\"><span class=\"spyral-dv-left\">relativeFreq:&nbsp;</span><span class=\"spyral-dv-Number spyral-dv-right\">5905.5117</span></span><span class=\"spyral-dv-content\" style=\"margin-left: 0px;\"><span class=\"spyral-dv-left\">zscore:&nbsp;</span><span class=\"spyral-dv-Number spyral-dv-right\">1.1471695</span></span><span class=\"spyral-dv-content\" style=\"margin-left: 0px;\"><span class=\"spyral-dv-left\">zscoreRatio:&nbsp;</span><span class=\"spyral-dv-Number spyral-dv-right\">-7.9656844</span></span><span class=\"spyral-dv-content\" style=\"margin-left: 0px;\"><span class=\"spyral-dv-left\">tfidf:&nbsp;</span><span class=\"spyral-dv-Number spyral-dv-right\">0.0035554725</span></span><span class=\"spyral-dv-content\" style=\"margin-left: 0px;\"><span class=\"spyral-dv-left\">totalTermsCount:&nbsp;</span><span class=\"spyral-dv-Number spyral-dv-right\">2032</span></span><span class=\"spyral-dv-content\" style=\"margin-left: 0px;\"><span class=\"spyral-dv-left\">docIndex:&nbsp;</span><span class=\"spyral-dv-Number spyral-dv-right\">0</span></span><span class=\"spyral-dv-content\" style=\"margin-left: 0px;\"><span class=\"spyral-dv-left\">docId:&nbsp;</span><span class=\"spyral-dv-String spyral-dv-right\">\"b642e86e746045ea14671a737a64f732\"</span></span></span></span><span class=\"spyral-dv-content\" style=\"margin-left: 0px;\"><span class=\"spyral-dv-left spyral-dv-folder\">5: <span class=\"spyral-dv-type\">Object</span><span class=\"spyral-dv-length\">{9}</span> <span class=\"spyral-dv-folder-icon spyral-dv-expanded\"><svg width=\"8\" height=\"8\" class=\"open\"><path d=\"M4 7L0 1h8z\" fill=\"#000\"></path></svg><svg width=\"8\" height=\"8\" class=\"closed\"><path d=\"M7 4L1 8V0z\" fill=\"#000\"></path></svg></span></span><span class=\"spyral-dv-Object spyral-dv-right spyral-dv-expanded\"><span class=\"spyral-dv-content\" style=\"margin-left: 0px;\"><span class=\"spyral-dv-left\">term:&nbsp;</span><span class=\"spyral-dv-String spyral-dv-right\">\"calgary\"</span></span><span class=\"spyral-dv-content\" style=\"margin-left: 0px;\"><span class=\"spyral-dv-left\">rawFreq:&nbsp;</span><span class=\"spyral-dv-Number spyral-dv-right\">13</span></span><span class=\"spyral-dv-content\" style=\"margin-left: 0px;\"><span class=\"spyral-dv-left\">relativeFreq:&nbsp;</span><span class=\"spyral-dv-Number spyral-dv-right\">6397.638</span></span><span class=\"spyral-dv-content\" style=\"margin-left: 0px;\"><span class=\"spyral-dv-left\">zscore:&nbsp;</span><span class=\"spyral-dv-Number spyral-dv-right\">1.2758259</span></span><span class=\"spyral-dv-content\" style=\"margin-left: 0px;\"><span class=\"spyral-dv-left\">zscoreRatio:&nbsp;</span><span class=\"spyral-dv-Number spyral-dv-right\">-11.44905</span></span><span class=\"spyral-dv-content\" style=\"margin-left: 0px;\"><span class=\"spyral-dv-left\">tfidf:&nbsp;</span><span class=\"spyral-dv-Number spyral-dv-right\">0.0027251937</span></span><span class=\"spyral-dv-content\" style=\"margin-left: 0px;\"><span class=\"spyral-dv-left\">totalTermsCount:&nbsp;</span><span class=\"spyral-dv-Number spyral-dv-right\">2032</span></span><span class=\"spyral-dv-content\" style=\"margin-left: 0px;\"><span class=\"spyral-dv-left\">docIndex:&nbsp;</span><span class=\"spyral-dv-Number spyral-dv-right\">0</span></span><span class=\"spyral-dv-content\" style=\"margin-left: 0px;\"><span class=\"spyral-dv-left\">docId:&nbsp;</span><span class=\"spyral-dv-String spyral-dv-right\">\"b642e86e746045ea14671a737a64f732\"</span></span></span></span><span class=\"spyral-dv-content\" style=\"margin-left: 0px;\"><span class=\"spyral-dv-left spyral-dv-folder\">6: <span class=\"spyral-dv-type\">Object</span><span class=\"spyral-dv-length\">{9}</span> <span class=\"spyral-dv-folder-icon spyral-dv-expanded\"><svg width=\"8\" height=\"8\" class=\"open\"><path d=\"M4 7L0 1h8z\" fill=\"#000\"></path></svg><svg width=\"8\" height=\"8\" class=\"closed\"><path d=\"M7 4L1 8V0z\" fill=\"#000\"></path></svg></span></span><span class=\"spyral-dv-Object spyral-dv-right spyral-dv-expanded\"><span class=\"spyral-dv-content\" style=\"margin-left: 0px;\"><span class=\"spyral-dv-left\">term:&nbsp;</span><span class=\"spyral-dv-String spyral-dv-right\">\"graduates\"</span></span><span class=\"spyral-dv-content\" style=\"margin-left: 0px;\"><span class=\"spyral-dv-left\">rawFreq:&nbsp;</span><span class=\"spyral-dv-Number spyral-dv-right\">6</span></span><span class=\"spyral-dv-content\" style=\"margin-left: 0px;\"><span class=\"spyral-dv-left\">relativeFreq:&nbsp;</span><span class=\"spyral-dv-Number spyral-dv-right\">2952.7559</span></span><span class=\"spyral-dv-content\" style=\"margin-left: 0px;\"><span class=\"spyral-dv-left\">zscore:&nbsp;</span><span class=\"spyral-dv-Number spyral-dv-right\">0.37523142</span></span><span class=\"spyral-dv-content\" style=\"margin-left: 0px;\"><span class=\"spyral-dv-left\">zscoreRatio:&nbsp;</span><span class=\"spyral-dv-Number spyral-dv-right\">-2.12484</span></span><span class=\"spyral-dv-content\" style=\"margin-left: 0px;\"><span class=\"spyral-dv-left\">tfidf:&nbsp;</span><span class=\"spyral-dv-Number spyral-dv-right\">0.0026666042</span></span><span class=\"spyral-dv-content\" style=\"margin-left: 0px;\"><span class=\"spyral-dv-left\">totalTermsCount:&nbsp;</span><span class=\"spyral-dv-Number spyral-dv-right\">2032</span></span><span class=\"spyral-dv-content\" style=\"margin-left: 0px;\"><span class=\"spyral-dv-left\">docIndex:&nbsp;</span><span class=\"spyral-dv-Number spyral-dv-right\">0</span></span><span class=\"spyral-dv-content\" style=\"margin-left: 0px;\"><span class=\"spyral-dv-left\">docId:&nbsp;</span><span class=\"spyral-dv-String spyral-dv-right\">\"b642e86e746045ea14671a737a64f732\"</span></span></span></span><span class=\"spyral-dv-content\" style=\"margin-left: 0px;\"><span class=\"spyral-dv-left spyral-dv-folder\">7: <span class=\"spyral-dv-type\">Object</span><span class=\"spyral-dv-length\">{9}</span> <span class=\"spyral-dv-folder-icon spyral-dv-expanded\"><svg width=\"8\" height=\"8\" class=\"open\"><path d=\"M4 7L0 1h8z\" fill=\"#000\"></path></svg><svg width=\"8\" height=\"8\" class=\"closed\"><path d=\"M7 4L1 8V0z\" fill=\"#000\"></path></svg></span></span><span class=\"spyral-dv-Object spyral-dv-right spyral-dv-expanded\"><span class=\"spyral-dv-content\" style=\"margin-left: 0px;\"><span class=\"spyral-dv-left\">term:&nbsp;</span><span class=\"spyral-dv-String spyral-dv-right\">\"ties\"</span></span><span class=\"spyral-dv-content\" style=\"margin-left: 0px;\"><span class=\"spyral-dv-left\">rawFreq:&nbsp;</span><span class=\"spyral-dv-Number spyral-dv-right\">5</span></span><span class=\"spyral-dv-content\" style=\"margin-left: 0px;\"><span class=\"spyral-dv-left\">relativeFreq:&nbsp;</span><span class=\"spyral-dv-Number spyral-dv-right\">2460.63</span></span><span class=\"spyral-dv-content\" style=\"margin-left: 0px;\"><span class=\"spyral-dv-left\">zscore:&nbsp;</span><span class=\"spyral-dv-Number spyral-dv-right\">0.24657506</span></span><span class=\"spyral-dv-content\" style=\"margin-left: 0px;\"><span class=\"spyral-dv-left\">zscoreRatio:&nbsp;</span><span class=\"spyral-dv-Number spyral-dv-right\">-1.3962919</span></span><span class=\"spyral-dv-content\" style=\"margin-left: 0px;\"><span class=\"spyral-dv-left\">tfidf:&nbsp;</span><span class=\"spyral-dv-Number spyral-dv-right\">0.0022221704</span></span><span class=\"spyral-dv-content\" style=\"margin-left: 0px;\"><span class=\"spyral-dv-left\">totalTermsCount:&nbsp;</span><span class=\"spyral-dv-Number spyral-dv-right\">2032</span></span><span class=\"spyral-dv-content\" style=\"margin-left: 0px;\"><span class=\"spyral-dv-left\">docIndex:&nbsp;</span><span class=\"spyral-dv-Number spyral-dv-right\">0</span></span><span class=\"spyral-dv-content\" style=\"margin-left: 0px;\"><span class=\"spyral-dv-left\">docId:&nbsp;</span><span class=\"spyral-dv-String spyral-dv-right\">\"b642e86e746045ea14671a737a64f732\"</span></span></span></span><span class=\"spyral-dv-content\" style=\"margin-left: 0px;\"><span class=\"spyral-dv-left spyral-dv-folder\">8: <span class=\"spyral-dv-type\">Object</span><span class=\"spyral-dv-length\">{9}</span> <span class=\"spyral-dv-folder-icon spyral-dv-expanded\"><svg width=\"8\" height=\"8\" class=\"open\"><path d=\"M4 7L0 1h8z\" fill=\"#000\"></path></svg><svg width=\"8\" height=\"8\" class=\"closed\"><path d=\"M7 4L1 8V0z\" fill=\"#000\"></path></svg></span></span><span class=\"spyral-dv-Object spyral-dv-right spyral-dv-expanded\"><span class=\"spyral-dv-content\" style=\"margin-left: 0px;\"><span class=\"spyral-dv-left\">term:&nbsp;</span><span class=\"spyral-dv-String spyral-dv-right\">\"professionalized\"</span></span><span class=\"spyral-dv-content\" style=\"margin-left: 0px;\"><span class=\"spyral-dv-left\">rawFreq:&nbsp;</span><span class=\"spyral-dv-Number spyral-dv-right\">5</span></span><span class=\"spyral-dv-content\" style=\"margin-left: 0px;\"><span class=\"spyral-dv-left\">relativeFreq:&nbsp;</span><span class=\"spyral-dv-Number spyral-dv-right\">2460.63</span></span><span class=\"spyral-dv-content\" style=\"margin-left: 0px;\"><span class=\"spyral-dv-left\">zscore:&nbsp;</span><span class=\"spyral-dv-Number spyral-dv-right\">0.24657506</span></span><span class=\"spyral-dv-content\" style=\"margin-left: 0px;\"><span class=\"spyral-dv-left\">zscoreRatio:&nbsp;</span><span class=\"spyral-dv-Number spyral-dv-right\">-1.3962919</span></span><span class=\"spyral-dv-content\" style=\"margin-left: 0px;\"><span class=\"spyral-dv-left\">tfidf:&nbsp;</span><span class=\"spyral-dv-Number spyral-dv-right\">0.0022221704</span></span><span class=\"spyral-dv-content\" style=\"margin-left: 0px;\"><span class=\"spyral-dv-left\">totalTermsCount:&nbsp;</span><span class=\"spyral-dv-Number spyral-dv-right\">2032</span></span><span class=\"spyral-dv-content\" style=\"margin-left: 0px;\"><span class=\"spyral-dv-left\">docIndex:&nbsp;</span><span class=\"spyral-dv-Number spyral-dv-right\">0</span></span><span class=\"spyral-dv-content\" style=\"margin-left: 0px;\"><span class=\"spyral-dv-left\">docId:&nbsp;</span><span class=\"spyral-dv-String spyral-dv-right\">\"b642e86e746045ea14671a737a64f732\"</span></span></span></span><span class=\"spyral-dv-content\" style=\"margin-left: 0px;\"><span class=\"spyral-dv-left spyral-dv-folder\">9: <span class=\"spyral-dv-type\">Object</span><span class=\"spyral-dv-length\">{9}</span> <span class=\"spyral-dv-folder-icon spyral-dv-expanded\"><svg width=\"8\" height=\"8\" class=\"open\"><path d=\"M4 7L0 1h8z\" fill=\"#000\"></path></svg><svg width=\"8\" height=\"8\" class=\"closed\"><path d=\"M7 4L1 8V0z\" fill=\"#000\"></path></svg></span></span><span class=\"spyral-dv-Object spyral-dv-right spyral-dv-expanded\"><span class=\"spyral-dv-content\" style=\"margin-left: 0px;\"><span class=\"spyral-dv-left\">term:&nbsp;</span><span class=\"spyral-dv-String spyral-dv-right\">\"blended\"</span></span><span class=\"spyral-dv-content\" style=\"margin-left: 0px;\"><span class=\"spyral-dv-left\">rawFreq:&nbsp;</span><span class=\"spyral-dv-Number spyral-dv-right\">5</span></span><span class=\"spyral-dv-content\" style=\"margin-left: 0px;\"><span class=\"spyral-dv-left\">relativeFreq:&nbsp;</span><span class=\"spyral-dv-Number spyral-dv-right\">2460.63</span></span><span class=\"spyral-dv-content\" style=\"margin-left: 0px;\"><span class=\"spyral-dv-left\">zscore:&nbsp;</span><span class=\"spyral-dv-Number spyral-dv-right\">0.24657506</span></span><span class=\"spyral-dv-content\" style=\"margin-left: 0px;\"><span class=\"spyral-dv-left\">zscoreRatio:&nbsp;</span><span class=\"spyral-dv-Number spyral-dv-right\">-1.3962919</span></span><span class=\"spyral-dv-content\" style=\"margin-left: 0px;\"><span class=\"spyral-dv-left\">tfidf:&nbsp;</span><span class=\"spyral-dv-Number spyral-dv-right\">0.0022221704</span></span><span class=\"spyral-dv-content\" style=\"margin-left: 0px;\"><span class=\"spyral-dv-left\">totalTermsCount:&nbsp;</span><span class=\"spyral-dv-Number spyral-dv-right\">2032</span></span><span class=\"spyral-dv-content\" style=\"margin-left: 0px;\"><span class=\"spyral-dv-left\">docIndex:&nbsp;</span><span class=\"spyral-dv-Number spyral-dv-right\">0</span></span><span class=\"spyral-dv-content\" style=\"margin-left: 0px;\"><span class=\"spyral-dv-left\">docId:&nbsp;</span><span class=\"spyral-dv-String spyral-dv-right\">\"b642e86e746045ea14671a737a64f732\"</span></span></span></span><span class=\"spyral-dv-content\">...</span></span></span></div>","mode":"javascript","expandResults":false}},{"cellId":"egdd38iq","type":"text","content":"<p><strong>Document Terms Tool</strong>. You can also explore the significant terms in a tool panel, in this case the Document Terms tool, but you have to show and then sort by Significance.<br></p>"},{"cellId":"fo2h1xqk","type":"code","content":{"input":"myCorpus.tool('DocumentTerms', {\n  docIndex: theDocument, // Which document create Document Terms for\n  sort: 'tfidf', // How to sort the words - in this case on the Significance-tfid column\n  dir: 'desc', // Sort direction is descending \n  columns: ['docIndex', 'term', 'rawFreq', 'relativeFreq', 'tfidf', 'zscore', 'distributions'], \n  // Specify which columns to show\n  style: 'width: 800px' // Show a wide window\n})","output":"<body class=\"\"><iframe style=\"height: 350px;width: 800px\" src=\"https://voyant-tools.org/tool/DocumentTerms/?corpus=11ac7c36e6060e84efa8f4ff5dea16d9&amp;forTool=DocumentTerms&amp;docIndex=0&amp;sort=tfidf&amp;dir=desc&amp;columns=docIndex%2Cterm%2CrawFreq%2CrelativeFreq%2Ctfidf%2Czscore%2Cdistributions\"></iframe></body>","mode":"javascript","expandResults":true}},{"cellId":"p1pnugga","type":"text","content":"<h2>Phrases</h2><p>The next tools identifies phrases that are repeated. You can play with what you want to sort on (number of repetitions or length of repeated phrase. Note that it catches cases where in the project description someone copied the same sentence in more than once.</p><p>I have included a query of the words from above. This shows us phrases using our technology words. Try sorting by Count and you can see the most common tech phrases. You can remove the query to see other repeating phrases.<br></p>"},{"cellId":"mx2fodir","type":"code","content":{"input":"myCorpus.tool(\"Phrases\", {sort: \"descending\", style: \"width:800px; height:350px\"});\n","output":"<body class=\"\"><iframe style=\"width:800px; height:350px\" src=\"https://voyant-tools.org/tool/Phrases/?corpus=11ac7c36e6060e84efa8f4ff5dea16d9&amp;forTool=Phrases&amp;sort=descending\"></iframe></body>","mode":"javascript","expandResults":true}},{"cellId":"xz2t3615","type":"text","content":"<p>Some interesting phrases:<br></p><ul><li>digital literacy / skills</li><li>AI driven</li><li>data collection</li><li>online learning / platform / service(s)</li></ul><p></p>"},{"cellId":"jlc481xr","type":"text","content":"<p>I can also get an array of all the phrases that match some criteria.<br></p><p><strong>Note:&nbsp;</strong>you can expand the array to see the phrases by clicking on the black arrow. Or you can run the next code cell to get a plain text list of phrases.<br></p>"},{"cellId":"wui8ma34","type":"code","content":{"input":"var aList = []; // Creates an array for the phrases\nminimalLength = 4; // What is the minimal length in words of the phrases to get\nmyCorpus.phrases({minLength: minimalLength, overlapFilter: \"lengthfirst\"}).then(phrases => aList = phrases);","output":"<div class=\"spyral-dv-container\"><span class=\"spyral-dv-content\" style=\"margin-left: 0px;\"><span class=\"spyral-dv-left spyral-dv-folder\">aList: <span class=\"spyral-dv-type\">Array</span><span class=\"spyral-dv-length\">[133]</span> <span class=\"spyral-dv-folder-icon spyral-dv-expanded\"><svg width=\"8\" height=\"8\" class=\"open\"><path d=\"M4 7L0 1h8z\" fill=\"#000\"></path></svg><svg width=\"8\" height=\"8\" class=\"closed\"><path d=\"M7 4L1 8V0z\" fill=\"#000\"></path></svg></span></span><span class=\"spyral-dv-Array spyral-dv-right spyral-dv-expanded\"><span class=\"spyral-dv-content\" style=\"margin-left: 0px;\"><span class=\"spyral-dv-left spyral-dv-folder\">0: <span class=\"spyral-dv-type\">Object</span><span class=\"spyral-dv-length\">{3}</span> <span class=\"spyral-dv-folder-icon spyral-dv-expanded\"><svg width=\"8\" height=\"8\" class=\"open\"><path d=\"M4 7L0 1h8z\" fill=\"#000\"></path></svg><svg width=\"8\" height=\"8\" class=\"closed\"><path d=\"M7 4L1 8V0z\" fill=\"#000\"></path></svg></span></span><span class=\"spyral-dv-Object spyral-dv-right spyral-dv-expanded\"><span class=\"spyral-dv-content\" style=\"margin-left: 0px;\"><span class=\"spyral-dv-left\">term:&nbsp;</span><span class=\"spyral-dv-String spyral-dv-right\">\"a community based plan\"</span></span><span class=\"spyral-dv-content\" style=\"margin-left: 0px;\"><span class=\"spyral-dv-left\">rawFreq:&nbsp;</span><span class=\"spyral-dv-Number spyral-dv-right\">4</span></span><span class=\"spyral-dv-content\" style=\"margin-left: 0px;\"><span class=\"spyral-dv-left\">length:&nbsp;</span><span class=\"spyral-dv-Number spyral-dv-right\">4</span></span></span></span><span class=\"spyral-dv-content\" style=\"margin-left: 0px;\"><span class=\"spyral-dv-left spyral-dv-folder\">1: <span class=\"spyral-dv-type\">Object</span><span class=\"spyral-dv-length\">{3}</span> <span class=\"spyral-dv-folder-icon spyral-dv-expanded\"><svg width=\"8\" height=\"8\" class=\"open\"><path d=\"M4 7L0 1h8z\" fill=\"#000\"></path></svg><svg width=\"8\" height=\"8\" class=\"closed\"><path d=\"M7 4L1 8V0z\" fill=\"#000\"></path></svg></span></span><span class=\"spyral-dv-Object spyral-dv-right spyral-dv-expanded\"><span class=\"spyral-dv-content\" style=\"margin-left: 0px;\"><span class=\"spyral-dv-left\">term:&nbsp;</span><span class=\"spyral-dv-String spyral-dv-right\">\"internationally trained medical graduates\"</span></span><span class=\"spyral-dv-content\" style=\"margin-left: 0px;\"><span class=\"spyral-dv-left\">rawFreq:&nbsp;</span><span class=\"spyral-dv-Number spyral-dv-right\">3</span></span><span class=\"spyral-dv-content\" style=\"margin-left: 0px;\"><span class=\"spyral-dv-left\">length:&nbsp;</span><span class=\"spyral-dv-Number spyral-dv-right\">4</span></span></span></span><span class=\"spyral-dv-content\" style=\"margin-left: 0px;\"><span class=\"spyral-dv-left spyral-dv-folder\">2: <span class=\"spyral-dv-type\">Object</span><span class=\"spyral-dv-length\">{3}</span> <span class=\"spyral-dv-folder-icon spyral-dv-expanded\"><svg width=\"8\" height=\"8\" class=\"open\"><path d=\"M4 7L0 1h8z\" fill=\"#000\"></path></svg><svg width=\"8\" height=\"8\" class=\"closed\"><path d=\"M7 4L1 8V0z\" fill=\"#000\"></path></svg></span></span><span class=\"spyral-dv-Object spyral-dv-right spyral-dv-expanded\"><span class=\"spyral-dv-content\" style=\"margin-left: 0px;\"><span class=\"spyral-dv-left\">term:&nbsp;</span><span class=\"spyral-dv-String spyral-dv-right\">\"newcomer and refugee women\"</span></span><span class=\"spyral-dv-content\" style=\"margin-left: 0px;\"><span class=\"spyral-dv-left\">rawFreq:&nbsp;</span><span class=\"spyral-dv-Number spyral-dv-right\">3</span></span><span class=\"spyral-dv-content\" style=\"margin-left: 0px;\"><span class=\"spyral-dv-left\">length:&nbsp;</span><span class=\"spyral-dv-Number spyral-dv-right\">4</span></span></span></span><span class=\"spyral-dv-content\" style=\"margin-left: 0px;\"><span class=\"spyral-dv-left spyral-dv-folder\">3: <span class=\"spyral-dv-type\">Object</span><span class=\"spyral-dv-length\">{3}</span> <span class=\"spyral-dv-folder-icon spyral-dv-expanded\"><svg width=\"8\" height=\"8\" class=\"open\"><path d=\"M4 7L0 1h8z\" fill=\"#000\"></path></svg><svg width=\"8\" height=\"8\" class=\"closed\"><path d=\"M7 4L1 8V0z\" fill=\"#000\"></path></svg></span></span><span class=\"spyral-dv-Object spyral-dv-right spyral-dv-expanded\"><span class=\"spyral-dv-content\" style=\"margin-left: 0px;\"><span class=\"spyral-dv-left\">term:&nbsp;</span><span class=\"spyral-dv-String spyral-dv-right\">\"services for newcomers this\"</span></span><span class=\"spyral-dv-content\" style=\"margin-left: 0px;\"><span class=\"spyral-dv-left\">rawFreq:&nbsp;</span><span class=\"spyral-dv-Number spyral-dv-right\">3</span></span><span class=\"spyral-dv-content\" style=\"margin-left: 0px;\"><span class=\"spyral-dv-left\">length:&nbsp;</span><span class=\"spyral-dv-Number spyral-dv-right\">4</span></span></span></span><span class=\"spyral-dv-content\" style=\"margin-left: 0px;\"><span class=\"spyral-dv-left spyral-dv-folder\">4: <span class=\"spyral-dv-type\">Object</span><span class=\"spyral-dv-length\">{3}</span> <span class=\"spyral-dv-folder-icon spyral-dv-expanded\"><svg width=\"8\" height=\"8\" class=\"open\"><path d=\"M4 7L0 1h8z\" fill=\"#000\"></path></svg><svg width=\"8\" height=\"8\" class=\"closed\"><path d=\"M7 4L1 8V0z\" fill=\"#000\"></path></svg></span></span><span class=\"spyral-dv-Object spyral-dv-right spyral-dv-expanded\"><span class=\"spyral-dv-content\" style=\"margin-left: 0px;\"><span class=\"spyral-dv-left\">term:&nbsp;</span><span class=\"spyral-dv-String spyral-dv-right\">\"social research and demonstration corporation srdc a\"</span></span><span class=\"spyral-dv-content\" style=\"margin-left: 0px;\"><span class=\"spyral-dv-left\">rawFreq:&nbsp;</span><span class=\"spyral-dv-Number spyral-dv-right\">3</span></span><span class=\"spyral-dv-content\" style=\"margin-left: 0px;\"><span class=\"spyral-dv-left\">length:&nbsp;</span><span class=\"spyral-dv-Number spyral-dv-right\">7</span></span></span></span><span class=\"spyral-dv-content\" style=\"margin-left: 0px;\"><span class=\"spyral-dv-left spyral-dv-folder\">5: <span class=\"spyral-dv-type\">Object</span><span class=\"spyral-dv-length\">{3}</span> <span class=\"spyral-dv-folder-icon spyral-dv-expanded\"><svg width=\"8\" height=\"8\" class=\"open\"><path d=\"M4 7L0 1h8z\" fill=\"#000\"></path></svg><svg width=\"8\" height=\"8\" class=\"closed\"><path d=\"M7 4L1 8V0z\" fill=\"#000\"></path></svg></span></span><span class=\"spyral-dv-Object spyral-dv-right spyral-dv-expanded\"><span class=\"spyral-dv-content\" style=\"margin-left: 0px;\"><span class=\"spyral-dv-left\">term:&nbsp;</span><span class=\"spyral-dv-String spyral-dv-right\">\"a blended delivery approach\"</span></span><span class=\"spyral-dv-content\" style=\"margin-left: 0px;\"><span class=\"spyral-dv-left\">rawFreq:&nbsp;</span><span class=\"spyral-dv-Number spyral-dv-right\">2</span></span><span class=\"spyral-dv-content\" style=\"margin-left: 0px;\"><span class=\"spyral-dv-left\">length:&nbsp;</span><span class=\"spyral-dv-Number spyral-dv-right\">4</span></span></span></span><span class=\"spyral-dv-content\" style=\"margin-left: 0px;\"><span class=\"spyral-dv-left spyral-dv-folder\">6: <span class=\"spyral-dv-type\">Object</span><span class=\"spyral-dv-length\">{3}</span> <span class=\"spyral-dv-folder-icon spyral-dv-expanded\"><svg width=\"8\" height=\"8\" class=\"open\"><path d=\"M4 7L0 1h8z\" fill=\"#000\"></path></svg><svg width=\"8\" height=\"8\" class=\"closed\"><path d=\"M7 4L1 8V0z\" fill=\"#000\"></path></svg></span></span><span class=\"spyral-dv-Object spyral-dv-right spyral-dv-expanded\"><span class=\"spyral-dv-content\" style=\"margin-left: 0px;\"><span class=\"spyral-dv-left\">term:&nbsp;</span><span class=\"spyral-dv-String spyral-dv-right\">\"a community based approach to\"</span></span><span class=\"spyral-dv-content\" style=\"margin-left: 0px;\"><span class=\"spyral-dv-left\">rawFreq:&nbsp;</span><span class=\"spyral-dv-Number spyral-dv-right\">2</span></span><span class=\"spyral-dv-content\" style=\"margin-left: 0px;\"><span class=\"spyral-dv-left\">length:&nbsp;</span><span class=\"spyral-dv-Number spyral-dv-right\">5</span></span></span></span><span class=\"spyral-dv-content\" style=\"margin-left: 0px;\"><span class=\"spyral-dv-left spyral-dv-folder\">7: <span class=\"spyral-dv-type\">Object</span><span class=\"spyral-dv-length\">{3}</span> <span class=\"spyral-dv-folder-icon spyral-dv-expanded\"><svg width=\"8\" height=\"8\" class=\"open\"><path d=\"M4 7L0 1h8z\" fill=\"#000\"></path></svg><svg width=\"8\" height=\"8\" class=\"closed\"><path d=\"M7 4L1 8V0z\" fill=\"#000\"></path></svg></span></span><span class=\"spyral-dv-Object spyral-dv-right spyral-dv-expanded\"><span class=\"spyral-dv-content\" style=\"margin-left: 0px;\"><span class=\"spyral-dv-left\">term:&nbsp;</span><span class=\"spyral-dv-String spyral-dv-right\">\"a network of knowledge mobilization\"</span></span><span class=\"spyral-dv-content\" style=\"margin-left: 0px;\"><span class=\"spyral-dv-left\">rawFreq:&nbsp;</span><span class=\"spyral-dv-Number spyral-dv-right\">2</span></span><span class=\"spyral-dv-content\" style=\"margin-left: 0px;\"><span class=\"spyral-dv-left\">length:&nbsp;</span><span class=\"spyral-dv-Number spyral-dv-right\">5</span></span></span></span><span class=\"spyral-dv-content\" style=\"margin-left: 0px;\"><span class=\"spyral-dv-left spyral-dv-folder\">8: <span class=\"spyral-dv-type\">Object</span><span class=\"spyral-dv-length\">{3}</span> <span class=\"spyral-dv-folder-icon spyral-dv-expanded\"><svg width=\"8\" height=\"8\" class=\"open\"><path d=\"M4 7L0 1h8z\" fill=\"#000\"></path></svg><svg width=\"8\" height=\"8\" class=\"closed\"><path d=\"M7 4L1 8V0z\" fill=\"#000\"></path></svg></span></span><span class=\"spyral-dv-Object spyral-dv-right spyral-dv-expanded\"><span class=\"spyral-dv-content\" style=\"margin-left: 0px;\"><span class=\"spyral-dv-left\">term:&nbsp;</span><span class=\"spyral-dv-String spyral-dv-right\">\"a new approach to\"</span></span><span class=\"spyral-dv-content\" style=\"margin-left: 0px;\"><span class=\"spyral-dv-left\">rawFreq:&nbsp;</span><span class=\"spyral-dv-Number spyral-dv-right\">2</span></span><span class=\"spyral-dv-content\" style=\"margin-left: 0px;\"><span class=\"spyral-dv-left\">length:&nbsp;</span><span class=\"spyral-dv-Number spyral-dv-right\">4</span></span></span></span><span class=\"spyral-dv-content\" style=\"margin-left: 0px;\"><span class=\"spyral-dv-left spyral-dv-folder\">9: <span class=\"spyral-dv-type\">Object</span><span class=\"spyral-dv-length\">{3}</span> <span class=\"spyral-dv-folder-icon spyral-dv-expanded\"><svg width=\"8\" height=\"8\" class=\"open\"><path d=\"M4 7L0 1h8z\" fill=\"#000\"></path></svg><svg width=\"8\" height=\"8\" class=\"closed\"><path d=\"M7 4L1 8V0z\" fill=\"#000\"></path></svg></span></span><span class=\"spyral-dv-Object spyral-dv-right spyral-dv-expanded\"><span class=\"spyral-dv-content\" style=\"margin-left: 0px;\"><span class=\"spyral-dv-left\">term:&nbsp;</span><span class=\"spyral-dv-String spyral-dv-right\">\"address the needs of\"</span></span><span class=\"spyral-dv-content\" style=\"margin-left: 0px;\"><span class=\"spyral-dv-left\">rawFreq:&nbsp;</span><span class=\"spyral-dv-Number spyral-dv-right\">2</span></span><span class=\"spyral-dv-content\" style=\"margin-left: 0px;\"><span class=\"spyral-dv-left\">length:&nbsp;</span><span class=\"spyral-dv-Number spyral-dv-right\">4</span></span></span></span><span class=\"spyral-dv-content\">...</span></span></span></div>","mode":"javascript","expandResults":false}},{"cellId":"waz6kstx","type":"text","content":"<p>The next code cell will create a plain text list of the phrases sorted by and preceded by their frequency.&nbsp;<br></p><p><strong>Note&nbsp;</strong>that we have some really long phrases which suggests that portions of text were repeated by mistake in the cells.<br></p><p></p>"},{"cellId":"iv8278gg","type":"code","content":{"input":"let theList = \"\"\nfor(item in aList) {\n  theList += aList[item].rawFreq + \": \" + aList[item].term + \"<br />\";\n};\nshow(theList);","output":"<body class=\"\"><div class=\"info\">4: a community based plan<br>3: internationally trained medical graduates<br>3: newcomer and refugee women<br>3: services for newcomers this<br>3: social research and demonstration corporation srdc a<br>2: a blended delivery approach<br>2: a community based approach to<br>2: a network of knowledge mobilization<br>2: a new approach to<br>2: address the needs of<br>2: an anti oppression approach<br>2: and digital technology training to<br>2: anti racism initiatives with<br>2: anti racism workshop series<br>2: anti racist anti oppressive<br>2: at decision making tables<br>2: at the local level<br>2: barriers and facilitators to accessing<br>2: be better served through<br>2: both clients and service<br>2: by leveraging technology to<br>2: calgary catholic immigration society ccis<br>2: ccis existing diversity education<br>2: centre for newcomers cfn<br>2: clients experiencing mental distress<br>2: delivery and funding of<br>2: educational background and clb<br>2: effectiveness of the portal<br>2: employer engagement in mentoring programs<br>2: employer engagement in mentorship<br>2: employers and sector experts<br>2: equitable services and access to these services through a hybrid model<br>2: evolving needs of newcomers<br>2: experienced by east and south east asian<br>2: face barriers to accessing<br>2: for internationally trained tradespeople<br>2: funding and service coordination model<br>2: goal of this project is to<br>2: having trained newcomers co leading anti racism strategies<br>2: in calgary and surrounding areas<br>2: in order to develop<br>2: in person and online crisis counselling<br>2: in person crisis counselling<br>2: in the development of<br>2: in the greater moncton region<br>2: in the new westminster<br>2: in their local community<br>2: inform the development of<br>2: information and services through<br>2: intervention is a sector specific<br>2: involved in the project<br>2: job integration and retention<br>2: labour market integration of<br>2: literature review and employer intake interviews will assess current levels and modalities of engagement by smes in the settlement process to establish a baseline intake interviews will also help identify current business talent needs gaps access to immigrant talent pool and settlement support services<br>2: local needs and priorities<br>2: meet the needs of<br>2: model will be developed<br>2: more effective and efficient<br>2: newcomer and refugee mothers and their<br>2: newcomer children youth and their families<br>2: newcomer employment service agencies<br>2: newcomer health and the children's services and<br>2: newcomers as well as<br>2: newcomers in rural areas<br>2: of 12 lips whose staff<br>2: of the effectiveness of<br>2: on the salesforce platform<br>2: online vs in person<br>2: organizations to effectively transition their own services to professional newcomers in an online remote delivery environment<br>2: pilot an employer mentorship<br>2: pre arrival online mentorship<br>2: project aims to build<br>2: project will be conducted<br>2: project will be delivered<br>2: project will develop and pilot<br>2: project will test the efficacy of<br>2: racialized newcomers in new brunswick<br>2: remote delivery of settlement services<br>2: service delivery and funding<br>2: service delivery and funding that will<br>2: service provider organizations spos<br>2: services as well as<br>2: services for professionalized newcomers<br>2: services that meet their needs<br>2: settlement and community organizations<br>2: settlement and non settlement<br>2: settlement and social service<br>2: settlement case management model<br>2: settlement service delivery by<br>2: settlement services the project<br>2: skills and employment training<br>2: social r d and outcomes measurement<br>2: support for newcomers with<br>2: surveys and focus groups<br>2: the alberta international medical graduates<br>2: the case management model<br>2: the city of moncton will<br>2: the covid 19 pandemic<br>2: the creation of a<br>2: the development of a<br>2: the employer link project<br>2: the existing settlement support landscape<br>2: the experience and effectiveness of language training<br>2: the goal of this project is to<br>2: the knowledge and capacity<br>2: the mental health needs of newcomer and refugee children and families<br>2: the needs of the<br>2: the project will also<br>2: the project will develop a<br>2: the research and evaluation<br>2: the rural areas of atlantic canada<br>2: the status quo approach<br>2: the welcome group program<br>2: therefore this project will<br>2: this project will test how an employer designed soft skills training boot camp improves employment outcomes as compared to baseline data<br>2: this research project will<br>2: ties will partner with the university of<br>2: to improve the capacity of<br>2: to integrate into the<br>2: to participate in the project<br>2: to receive in person services<br>2: to service delivery and funding<br>2: tri cities local immigration partnership tclip will<br>2: university of windsor and<br>2: volunteer social support to<br>2: who will lead the<br>2: will be delivered in<br>2: will be divided into<br>2: will create an advisory<br>2: will partner with the calgary<br>2: will provide ongoing feedback and offer a smaller communities perspective for the project<br>2: will provide participants for<br>2: with the goal of<br></div></body>","mode":"javascript","expandResults":true}}]}