{"metadata":{"title":"Introduction to Spyral Notebooks","userId":"learnspyral@gh","author":"Kaylin Land and Geoffrey Rockwell","description":"This sample Spyral Notebook explains the Spyral notebook environment, illustrates the interoperability of Voyant Tools with Spyral notebooks and offers suggested starting points for using Spyral Notebooks in your own teaching or research. ","catalogue":true,"keywords":["Spyral notebook"," literature programming"," notebook environments"," Java Script"," Voyant Tools"],"modified":"2024-02-07T18:21:46.135Z","created":"2020-10-20T13:23:03.014Z","language":"English","license":"Creative Commons Attribution (CC BY)","version":"0.1"},"cells":[{"cellId":"dnrtfjcg","type":"text","content":"<div style=\"background:#eeeeee;border:1px solid #cccccc;padding:5px 10px;\">This tutorial Spyral Notebook explains the Spyral notebook environment, illustrates the interoperability of Voyant Tools with Spyral Notebooks and offers suggested starting points for using Spyral Notebooks in your own teaching or research. There are&nbsp;<strong>Try It&nbsp;</strong>panels that encourage you to try what you learn. Feel free to try things right in this notebook. Don't worry ... you can't change the original.</div><h2>What is a Spyral Notebook?</h2><p>This webpage is a Spyral Notebook: a web-based document that has both <strong>Text Cells</strong> (like this one) and <strong>Code Cells</strong> (like the one below).&nbsp;</p><p>Researchers, students, and teachers can use Spyral Notebooks to combine textual notes, commentary, and ideas with live code.</p><p>Notebook environments like Spyral Notebook are the perfect place to practice literate programming. We use <em>practice</em> here both in the sense of the well-versed <u>practitioner practicing</u><em>&nbsp;</em>the art of literate programming and <u>novices&nbsp;practicing</u> their skills to learn more about coding. If you are new this can be a place to practice programming in JavaScript with Voyant.</p>"},{"cellId":"kq4u2lk3","type":"code","content":{"input":"//This is a code block. What happens when you click on the play button to the left? \nshow(\"Hello world!\");\n\n","output":"<body class=\"\"><div class=\"info\">Hello world!</div></body>","mode":"javascript","expandResults":false}},{"cellId":"vc4a1i25","type":"text","content":"<p><b>Note</b>&nbsp;how the code returns something in a <strong>Results</strong> zone below the code cell. If you mouse over at the upper right of the Results you will see two icons.&nbsp;<img alt=\"Screenshot of two icons\" data-cke-saved-src=\"https://raw.githubusercontent.com/learnspyral/assets/main/ExpandDelete.jpg\" src=\"https://raw.githubusercontent.com/learnspyral/assets/main/ExpandDelete.jpg\" style=\"width: 57px; height: 30px;\">The first lets you expand or contract the results (if they are long and distracting) and the second lets you clear the results.&nbsp;Otherwise the results will stay in your notebook.<br></p><div style=\"background:#eeeeee;border:1px solid #cccccc;padding:5px 10px;\"><strong>Try It:&nbsp;</strong>Try editing the text shown in the Code Cell above. Then click the&nbsp;<img alt=\"Screenshot of Run Button\" data-cke-saved-src=\"https://raw.githubusercontent.com/learnspyral/assets/main/Run.jpg\" src=\"https://raw.githubusercontent.com/learnspyral/assets/main/Run.jpg\" style=\"width: 20px; height: 20px;\">​​​​​​​ Run button to run the cell and see the change in results.<br></div>"},{"cellId":"pt29pz3z","type":"text","content":"<h2>What makes Spyral Notebooks different?</h2><p>Spyral Notebooks are <strong>online,&nbsp;open and free</strong>. There is essentially no set-up needed to make Spyral Notebooks go. They run on our server, not on your machine. All you need to get started&nbsp;is an internet connection. This is critical for users who are new to coding and computing. Nothing to install or configure.</p><p>Spyral Notebooks use modified <strong>JavaScript</strong> in the code cells. Users familiar with JavaScript can get started right away. Students or scholars new to coding can use this environment as a place to learn JavaScript by working through tutorial notebooks and making use of helpful pop-up hints in the code blocks.&nbsp;</p><p>Finally, Spyral Notebooks are integrated with <a data-cke-saved-href=\"http://voyant-tools.org\" target=\"_blank\" href=\"http://voyant-tools.org\" data-tabindex-value=\"none\" tabindex=\"-1\" data-tabindex-counter=\"10\">Voyant Tools</a>. <strong>Voyant Tools</strong> is a web-based environment for textual analysis. Spyral Notebooks lets researchers and students annotate, modify, and save the visualizations and analysis tools from Voyant.&nbsp;</p><p>Here you can see how Spyral Notebooks are an extension of Voyant. With one line of code you can load a corpus (in this case the Austen corpus of novels) and then show an interactive panel with the Cirrus tool in it. You could then document your thoughts and add more panels.</p>"},{"cellId":"urlt4oc2","type":"code","content":{"input":"//Run this cell to view a visualization of the most commonly used terms in Jane Austen's collected works. \nloadCorpus(\"austen\").tool(\"cirrus\");","output":"<body class=\"\"><iframe style=\"width: 350px; height: 350px;\" src=\"https://voyant-tools.org/tool/cirrus/?corpus=austen&amp;forTool=cirrus\"></iframe></body>","mode":"javascript","expandResults":true}},{"cellId":"6am1p9nj","type":"text","content":"<h2>What can I do with Voyant in Spyral Notebooks?</h2><p>You can use Spyral Notebooks to collect Voyant visualizations, control them, and document what you think they show. You can write code that will prepare a text for analysis or perform further analysis on results. Here are some reasons for using Spyral:</p><ul><li>In Spyral you can <strong>keep track of the exact settings</strong> that gave you interesting results. For that matter you can save the same panel with different settings to contrast results.</li><li>More generally you can <strong>document your projects</strong>. In Spyral you can describe where you got your data, what criteria you used, and what your results were.</li><li>You can <strong>create a set of useful tools organized like a dashboard</strong> for analyzing texts the way you want to.</li><li>You can use Spyral to <strong>gather texts from URLs</strong> and to <strong>clean the data</strong> for study.</li><li>You can take the resulting data from tools to <strong>postprocess the data</strong> and/or <strong>visualize it in a different way</strong> than Voyant allows for.</li></ul><p>Above all you can edit the code to precisely control a Voyant tool. For example, instead of altering the Trends tool both by fiddling with the panel itself you can edit the code in the associated code block to specify the query.&nbsp;&nbsp;</p><p>Here we specify that we want to graph the words \"love\" and \"hate\". <strong>Try It:</strong>&nbsp;try editing the code below to search for different words in the Austen corpus.</p>"},{"cellId":"ml2afrau","type":"code","content":{"input":"//In this first query, we can search for the term \"love\" across Austen's works. Try replacing the word \"love\" with another term. \nloadCorpus(\"austen\").tool(\"Trends\", {\n    \"query\": \"love, hate\"});\n","output":"<body class=\"\"><iframe style=\"width: 350px; height: 350px;\" src=\"https://voyant-tools.org/tool/Trends/?corpus=austen&amp;forTool=Trends&amp;query=love%2C+hate\"></iframe></body>","mode":"javascript","expandResults":true}},{"cellId":"o8agb79b","type":"text","content":"<h3>Going Back and Forth from Voyant&nbsp;</h3><p>You can also go back and forth from Voyant to Spyral.</p><p style=\"text-align: center;\"><img alt=\"Screenshot of Export to Spyral\" data-cke-saved-src=\"https://raw.githubusercontent.com/learnspyral/assets/main/Export2Spyral.jpg\" src=\"https://raw.githubusercontent.com/learnspyral/assets/main/Export2Spyral.jpg\" style=\"width: 280px; height: 200px;\"><br></p><p style=\"text-align: center;\">Export Panel for Tool in Voyant (<strong>Note</strong>&nbsp;how you can export to a Spyral Notebook)</p><p><strong>Exporting a Spyral Notebook from Voyant</strong>​​​​​​​: Any time you see an interesting set of results in Voyant you can go to the Export button&nbsp;<img alt=\"Screenshot of Export Button\" data-cke-saved-src=\"https://raw.githubusercontent.com/learnspyral/assets/main/ExportButton.jpg\" src=\"https://raw.githubusercontent.com/learnspyral/assets/main/ExportButton.jpg\" style=\"width: 22px; height: 20px;\">​​​​​​​ in the upper right of the panel and choose to&nbsp;<strong>Export View (Tools and Data)<strong>&nbsp;</strong></strong>and then pick&nbsp;<strong>a New Spyral Notebook from this tool and data</strong>. This is an easy way to get the JavaScript code you need to display a particular tool panel in your notebook. Just export a new notebook and then copy the code into your own.&nbsp;<br></p><div style=\"background:#eeeeee;border:1px solid #cccccc;padding:5px 10px;\"><strong>Try It:&nbsp;</strong>Try exporting a Spyral Notebook from a tool panel in Voyant. You can try exporting from one of the tools in the <a data-cke-saved-href=\"https://voyant-tools.org/?corpus=frank\" target=\"_blank\" href=\"https://voyant-tools.org/?corpus=frank\" data-tabindex-value=\"none\" tabindex=\"-1\" data-tabindex-counter=\"2\">Corpus View of the Frankenstein text</a>.</div><p><b></b><br></p><p><b>Launching a Voyant Tab from a Spyral Notebook</b>: You can also use an interactive panel in Spyral to launch new tabs in your browser with the default Voyant view. For example, the code below embeds the Documents panel into this notebook showing the different novels in the Austen corpus. If you want to analyze a particular novel you can just click on the appropriate line and a tab with Voyant and just that novel will be launched. <br></p><div style=\"background:#eeeeee;border:1px solid #cccccc;padding:5px 10px;\"><b>Try It.&nbsp;</b>Try clicking on the different novels in the Austen corpus shown in the Documents tool below. When you click on them in a panel embedded in Spyral, they launch a new tab with just that novel.</div>"},{"cellId":"5uxbw7zi","type":"code","content":{"input":"//A new Spyral Notebook will be opened with the correct Javascript to match your query. \nloadCorpus(\"austen\").tool(\"Documents\", {style: \"width: 600px; height: 320px\"});","output":"<body class=\"\"><iframe style=\"width: 600px; height: 320px\" src=\"https://voyant-tools.org/tool/Documents/?corpus=austen&amp;forTool=Documents\"></iframe></body>","mode":"javascript","expandResults":true}},{"cellId":"3swy8c7j","type":"text","content":"<h2>How can I learn more?</h2><p>How can I learn more about Spyral? Here are some suggestions what to try next.</p><div style=\"background:#eeeeee;border:1px solid #cccccc;padding:5px 10px;\"><strong>Try It:&nbsp;</strong>Try working your way through other tutorials on the <a data-cke-saved-href=\"https://voyant-tools.org/spyral/learnspyral@gh/Tutorials/\" target=\"_blank\" href=\"https://voyant-tools.org/spyral/learnspyral@gh/Tutorials/\" data-tabindex-value=\"none\" tabindex=\"-1\" data-tabindex-counter=\"3\">Spyral Tutorials Table of Contents</a>. You might start with&nbsp;<a data-cke-saved-href=\"https://voyant-tools.org/spyral/learnspyral@gh/create/\" target=\"_blank\" href=\"https://voyant-tools.org/spyral/learnspyral@gh/create/\" data-tabindex-value=\"none\" tabindex=\"-1\" data-tabindex-counter=\"2\">Creating and Saving Spyral Notebooks.</a>&nbsp;<br></div><p><strong></strong><br></p><div style=\"background:#eeeeee;border:1px solid #cccccc;padding:5px 10px;\"><strong>Try It:&nbsp;</strong>Get an account on <a data-cke-saved-href=\"https://github.com/\" target=\"_blank\" href=\"https://github.com/\" data-tabindex-value=\"none\" tabindex=\"-1\" data-tabindex-counter=\"3\">GitHub</a> so that you can save your experiments with Spyral.</div><p><br></p><div style=\"background:#eeeeee;border:1px solid #cccccc;padding:5px 10px;\"><strong>Try It:&nbsp;</strong>Create a new Spyral Notebook by going to Spyral start page&nbsp;<a data-cke-saved-href=\"https://voyant-tools.org/spyral/\" target=\"_blank\" href=\"https://voyant-tools.org/spyral/\" data-tabindex-value=\"none\" tabindex=\"-1\" data-tabindex-counter=\"3\">https://voyant-tools.org/spyral/</a>&nbsp;. <br></div><ul><li style=\"background: rgb(238, 238, 238); border: 1px solid rgb(204, 204, 204); padding: 5px 10px;\">Try playing around with the notebook. Create some Text cells and Code cells using the&nbsp;<img alt=\"Screenshot of Add New Cell button\" data-cke-saved-src=\"https://raw.githubusercontent.com/learnspyral/assets/main/AddNewCell.jpg\" src=\"https://raw.githubusercontent.com/learnspyral/assets/main/AddNewCell.jpg\" style=\"width: 21px; height: 20px;\">&nbsp;<strong>Add New Cell</strong>&nbsp;button to the left of any cell and then picking <strong>Add Text</strong> or <strong>Add Code</strong>. To see the Add New Cell button you need to hover over the area to the left of a cell like this one. <br></li><li style=\"background: rgb(238, 238, 238); border: 1px solid rgb(204, 204, 204); padding: 5px 10px;\">Try moving cells up and down and deleting them. <br></li><li style=\"background: rgb(238, 238, 238); border: 1px solid rgb(204, 204, 204); padding: 5px 10px;\">Try saving the notebook using the cloud icon in the upper right tool bar of the Notebook. (You need a <a data-cke-saved-href=\"http://github.com/\" target=\"_blank\" href=\"http://github.com/\" data-tabindex-value=\"none\" tabindex=\"-1\" data-tabindex-counter=\"2\">GitHub</a> account to do so.)</li></ul><h3>Learning JavaScript</h3><p>You can learn or improve your Javascript skills be working through tutorials like <a data-cke-saved-href=\"https://www.google.com/url?sa=t&amp;rct=j&amp;q=&amp;esrc=s&amp;source=web&amp;cd=&amp;cad=rja&amp;uact=8&amp;ved=2ahUKEwiNg96hhMnsAhWkiOAKHZ4ODEYQFjAAegQIARAD&amp;url=https%3A%2F%2Feloquentjavascript.net%2F&amp;usg=AOvVaw2HqtTANHMsp-padDowNV2O\" target=\"_blank\" href=\"https://www.google.com/url?sa=t&amp;rct=j&amp;q=&amp;esrc=s&amp;source=web&amp;cd=&amp;cad=rja&amp;uact=8&amp;ved=2ahUKEwiNg96hhMnsAhWkiOAKHZ4ODEYQFjAAegQIARAD&amp;url=https%3A%2F%2Feloquentjavascript.net%2F&amp;usg=AOvVaw2HqtTANHMsp-padDowNV2O\" data-tabindex-value=\"none\" tabindex=\"-1\" data-tabindex-counter=\"10\">Eloquent Javascript&nbsp;</a>or <a data-cke-saved-href=\"https://www.w3schools.com/js/DEFAULT.asp\" target=\"_blank\" href=\"https://www.w3schools.com/js/DEFAULT.asp\" data-tabindex-value=\"none\" tabindex=\"-1\" data-tabindex-counter=\"10\">W3 Schools.</a></p>"},{"cellId":"gl27twq2","type":"text","content":"<h2>Background to Spyral</h2><p>The design of Spyral Notebooks was influenced by Donald Knuth's (1984)&nbsp;<strong>literate&nbsp;programming </strong>paradigm. Knuth discusses the importance of using commentary in computer coding to explain to human beings what a computer should do with a program (1984). In this way, the authors of programs can justify their coding decisions, explain in words what may not be obvious from just looking at code, and in turn write more logical, clearer code.&nbsp;<br></p><p>Similar notebook environments include <a data-cke-saved-href=\"https://www.wolfram.com/mathematica/\" target=\"_blank\" href=\"https://www.wolfram.com/mathematica/\" data-tabindex-value=\"none\" tabindex=\"-1\" data-tabindex-counter=\"10\">Mathematica</a>,&nbsp;<a data-cke-saved-href=\"https://jupyter.org\" target=\"_blank\" href=\"https://jupyter.org\" data-tabindex-value=\"none\" tabindex=\"-1\" data-tabindex-counter=\"10\">Jupyter Notebooks</a>&nbsp;and <a data-cke-saved-href=\"https://www.google.com/url?sa=t&amp;rct=j&amp;q=&amp;esrc=s&amp;source=web&amp;cd=&amp;cad=rja&amp;uact=8&amp;ved=2ahUKEwi1g4Gh-MjsAhWGoHIEHVftA-cQFjAAegQIARAD&amp;url=https%3A%2F%2Fcolab.research.google.com%2F&amp;usg=AOvVaw3A5aPK2kLFzKOzb6sOckVw\" target=\"_blank\" href=\"https://www.google.com/url?sa=t&amp;rct=j&amp;q=&amp;esrc=s&amp;source=web&amp;cd=&amp;cad=rja&amp;uact=8&amp;ved=2ahUKEwi1g4Gh-MjsAhWGoHIEHVftA-cQFjAAegQIARAD&amp;url=https%3A%2F%2Fcolab.research.google.com%2F&amp;usg=AOvVaw3A5aPK2kLFzKOzb6sOckVw\" data-tabindex-value=\"none\" tabindex=\"-1\" data-tabindex-counter=\"10\">Google Colab</a>.&nbsp;<br></p><p><strong>References</strong><br></p><p>Knuth, D. E. (1984). \"Literate Programming.\" <em>The Computer Journal</em> 27(2): 97-111.<br></p><p></p>"}]}