{"metadata":{"title":"Using the Cirrus Tool in Spyral","userId":"learnspyral@gh","author":"learnspyral","description":"Notebook that shows you how to use the Cirrus tool in Spyral.","catalogue":true,"keywords":["Word cloud","Cirrus"],"modified":"2024-04-09T13:43:50.706Z","created":"2022-11-10T00:41:22.371Z","language":"English","license":"Creative Commons Attribution-ShareAlike (CC BY-SA)","version":"0.1"},"cells":[{"cellId":"jqjyakz4","type":"text","content":"<p>This Spyral Notebook shows how to use the Voyant Cirrus tool (<a data-cke-saved-href=\"https://voyant-tools.org/docs/#!/guide/trends\" target=\"_blank\" href=\"https://voyant-tools.org/docs/#!/guide/trends\" data-tabindex-value=\"none\" tabindex=\"-1\" data-tabindex-counter=\"8\">https://voyant-tools.org/docs/#!/guide</a><a data-cke-saved-href=\"https://voyant-tools.org/docs/#!/guide/cirrus\" target=\"_blank\" href=\"https://voyant-tools.org/docs/#!/guide/cirrus\" data-tabindex-value=\"none\" tabindex=\"-1\" data-tabindex-counter=\"8\">/cirrus</a>) in Spyral, including expanded capabilities.</p><p>The Cirrus tool is a word cloud that visualizes the top frequency words of a corpus or document. This notebook shows the different parameters possible to customize the visualization using JavaScript. The different options include:​​​​</p><ul><li><strong>Change</strong> the Size of the Tool Panel</li><li><strong>fontFamily</strong>: the default font to use for the words (default: \"Palatino Linotype\", \"Book Antiqua\", \"Arial\", \"Lucida\"),</li><li>​​​​​​​<strong>categories</strong>: set the categories for the word cloud (usually an ID of an existing categories definition)</li><li><strong>limit</strong>: the number of terms to load&nbsp; and <strong>visible</strong>: the number of terms to display in the word cloud (default is 50)</li><li><strong>docIndex</strong>: document index to restrict to (can be comma-separated list)</li><li><strong>inlineData</strong>: user-defined data, most easily expressed like this: love:20,like:15,dear:10,child:6</li><li><strong>stopList</strong>: a named stopword list or comma-separated list of words</li><li><strong>whiteList</strong>: a keyword list – terms will be limited to this list</li></ul><p>A cell with the summary of all parameters can be found&nbsp;<a data-cke-saved-href=\"#summ\" href=\"#summ\">here</a>.</p>"},{"cellId":"vjfsbmzq","type":"text","content":"<h2>Loading a Corpus</h2><p>To use the Cirrus tool in Spyral, either create a new corpus in Spyral or use your corpus ID from Voyant to call up your corpus. You can also open a new Spyral notebook with your corpus from Voyant. Use the code below to input your corpus ID from Voyant (found in the URL). For more help creating a corpus, see <a data-cke-saved-href=\"https://voyant-tools.org/spyral/learnspyral@gh/data/\" target=\"_blank\" href=\"https://voyant-tools.org/spyral/learnspyral@gh/data/\">LINK</a>. This code assigns your corpus to a variable called myCorpus that you can use throughout the notebook to reference your corpus.</p>"},{"cellId":"kwu44vrk","type":"code","content":{"input":"loadCorpus(\"austen\").assign(\"myCorpus\");\n//Change \"austen\" to your corpus ID ","output":"<div class=\"spyral-dv-container\"><span class=\"spyral-dv-content\" style=\"margin-left: 0px;\"><span class=\"spyral-dv-left spyral-dv-folder\">myCorpus: <span class=\"spyral-dv-type\">Object</span><span class=\"spyral-dv-length\">{1}</span> <span class=\"spyral-dv-folder-icon spyral-dv-expanded\"><svg width=\"8\" height=\"8\" class=\"open\"><path d=\"M4 7L0 1h8z\" fill=\"#000\"></path></svg><svg width=\"8\" height=\"8\" class=\"closed\"><path d=\"M7 4L1 8V0z\" fill=\"#000\"></path></svg></span></span><span class=\"spyral-dv-Object spyral-dv-right spyral-dv-expanded\"><span class=\"spyral-dv-content\" style=\"margin-left: 0px;\"><span class=\"spyral-dv-left\">corpusid:&nbsp;</span><span class=\"spyral-dv-String spyral-dv-right\">\"austen\"</span></span></span></span></div>","mode":"javascript","expandResults":true}},{"cellId":"v4cnx76w","type":"text","content":"<h2>Viewing Cirrus Tool</h2><p>To view the Cirrus tool with your corpus called myCorpus, use the code below. This code displays the Cirrus tool with the default format options from Voyant. In subsequent code cells we show how to customize this visualization.</p><p><br></p>"},{"cellId":"aougxpqr","type":"code","content":{"input":"myCorpus.tool(\"Cirrus\");","output":"<body class=\"\"><iframe style=\"width: 350px; height: 350px;\" src=\"https://voyant-tools.org/tool/Cirrus/?corpus=austen&amp;forTool=Cirrus\"></iframe></body>","mode":"javascript","expandResults":true}},{"cellId":"c2t9my2i","type":"text","content":"<p>To edit the visualization using JavaScript code, you need to edit the configuration options. The basic syntax for this approach is shown below:</p><p><code>myCorpus.tool(\"Cirrus, {style: \"width: 500px; height: 500px\"});</code></p><p>Configuration options go in between curly brackets. See configuration options in detail below.</p>"},{"cellId":"f4h2stl1","type":"text","content":"<h2>Change the Size of the Tool Panel</h2><p>You can change the word cloud panel to get more information.</p>"},{"cellId":"jnu1l3al","type":"code","content":{"input":"myCorpus.tool(\"Cirrus\", {style: \"width: 600px; height: 300px\"});","output":"<body class=\"\"><iframe style=\"width: 600px; height: 300px\" src=\"https://voyant-tools.org/tool/Cirrus/?corpus=austen&amp;forTool=Cirrus\"></iframe></body>","mode":"javascript","expandResults":true}},{"cellId":"qwbqnl0z","type":"text","content":"<h1>We will try out a different font</h1><p>The font used is customized using the fontFamily configuration parameter. The \"Impact\" font will be used. <br></p><p>The default font is \"Palatino\". Other available fonts include, \"Arial\", \"Comic Sans MS\", \"Lato\", \"Tahoma/Geneva\", \"Lucida\".<br><br></p><p></p>"},{"cellId":"xff1cjt7","type":"code","content":{"input":"myCorpus.tool(\"Cirrus\", {fontFamily:\"Impact\"});\n// the visualization will switch to default \"Palatino\" if the chosen font cannot be displayed","output":"<body class=\"\"><iframe style=\"width: 350px; height: 350px;\" src=\"https://voyant-tools.org/tool/Cirrus/?corpus=austen&amp;forTool=Cirrus&amp;fontFamily=Impact\"></iframe></body>","mode":"javascript","expandResults":true}},{"cellId":"pkd1d11h","type":"text","content":"<h1>Using categories</h1><p>Specific terms or patterns of terms can be grouped into categories and visual properties attributed to the group.<br></p><p>Now we are going to use a pre-existing category set to determine the&nbsp; properties of the words in a Cirrus word cloud.</p><p>The id of the category set is \"291b1eeb79cc4ed7f5a791da08039f54\" and the category within the category set is \"@Misery\".</p><p>The category set was created in this<a data-cke-saved-href=\"https://voyant-tools.org/spyral/learnspyral@gh/categories/\" target=\"_blank\" href=\"https://voyant-tools.org/spyral/learnspyral@gh/categories/\" data-tabindex-value=\"none\" tabindex=\"-1\" data-tabindex-counter=\"6\"> notebook</a>.</p><p><br></p>"},{"cellId":"zzeqtjp4","type":"code","content":{"input":"myCorpus.tool(\"Cirrus\", {\"categories\":\"291b1eeb79cc4ed7f5a791da08039f54\", \"query\":\"@Misery\", \"style\":\"width:800px;  height:400px\"});\n","output":"<body class=\"\"><iframe style=\"width:800px;  height:400px\" src=\"https://voyant-tools.org/tool/Cirrus/?corpus=austen&amp;forTool=Cirrus&amp;categories=291b1eeb79cc4ed7f5a791da08039f54&amp;query=%40Misery\"></iframe></body>","mode":"javascript","expandResults":true}},{"cellId":"z8sgktjb","type":"text","content":"<h2>Limiting the Number of Terms Loaded and Shown</h2><p>You can change the total number of terms loaded as well as the number shown in the visualization. The default is 50 terms.N</p>"},{"cellId":"uk5ips7a","type":"code","content":{"input":"myCorpus.tool(\"Cirrus\", {limit: 100, visible: 10 });//Change number of terms to load and how many are visible in the visualization","output":"<body class=\"\"><iframe style=\"width: 350px; height: 350px;\" src=\"https://voyant-tools.org/tool/Cirrus/?corpus=austen&amp;forTool=Cirrus&amp;limit=100&amp;visible=10\"></iframe></body>","mode":"javascript","expandResults":true}},{"cellId":"i3cp5c9u","type":"text","content":"<p style=\"text-align: center;\">(Click here to edit.)</p>"},{"cellId":"h0jg1oei","type":"code","content":{"input":"myCorpus.tool(\"Cirrus\", { withDistributions: \"raw\" });\n// to set the frequency to raw frequency. The default is \"relative\" frequency","output":"<body class=\"\"><iframe style=\"width: 350px; height: 350px;\" src=\"https://voyant-tools.org/tool/Cirrus/?corpus=austen&amp;forTool=Cirrus&amp;withDistributions=raw\"></iframe></body>","mode":"javascript","expandResults":true}},{"cellId":"vborx54a","type":"text","content":"<h2>Selecting an Individual Document</h2><p>By default Voyant visualizes the entire corpus. If you have more than one document in your corpus you can specify the document to visualize by providing its index number. Remember that index numbers start with 0. The first document is index 0.&nbsp;<br></p><p>You can find out the titles of the different documents with this code. Note the index numbers followed by the titles.</p>"},{"cellId":"vd5d1zvh","type":"code","content":{"input":"myCorpus.titles(); // This will give you a list of the document titles with their index number.","output":"<div class=\"spyral-dv-container\"><span class=\"spyral-dv-content\" style=\"margin-left: 0px;\"><span class=\"spyral-dv-left spyral-dv-folder\">undefined: <span class=\"spyral-dv-type\">Array</span><span class=\"spyral-dv-length\">[8]</span> <span class=\"spyral-dv-folder-icon spyral-dv-expanded\"><svg width=\"8\" height=\"8\" class=\"open\"><path d=\"M4 7L0 1h8z\" fill=\"#000\"></path></svg><svg width=\"8\" height=\"8\" class=\"closed\"><path d=\"M7 4L1 8V0z\" fill=\"#000\"></path></svg></span></span><span class=\"spyral-dv-Array spyral-dv-right spyral-dv-expanded\"><span class=\"spyral-dv-content\" style=\"margin-left: 0px;\"><span class=\"spyral-dv-left\">0:&nbsp;</span><span class=\"spyral-dv-String spyral-dv-right\">\"1790 Love And Freindship\"</span></span><span class=\"spyral-dv-content\" style=\"margin-left: 0px;\"><span class=\"spyral-dv-left\">1:&nbsp;</span><span class=\"spyral-dv-String spyral-dv-right\">\"1805 Lady Susan\"</span></span><span class=\"spyral-dv-content\" style=\"margin-left: 0px;\"><span class=\"spyral-dv-left\">2:&nbsp;</span><span class=\"spyral-dv-String spyral-dv-right\">\"1811 Sense and Sensibility\"</span></span><span class=\"spyral-dv-content\" style=\"margin-left: 0px;\"><span class=\"spyral-dv-left\">3:&nbsp;</span><span class=\"spyral-dv-String spyral-dv-right\">\"1813 Pride and Prejudice\"</span></span><span class=\"spyral-dv-content\" style=\"margin-left: 0px;\"><span class=\"spyral-dv-left\">4:&nbsp;</span><span class=\"spyral-dv-String spyral-dv-right\">\"1814 Mansfield Park\"</span></span><span class=\"spyral-dv-content\" style=\"margin-left: 0px;\"><span class=\"spyral-dv-left\">5:&nbsp;</span><span class=\"spyral-dv-String spyral-dv-right\">\"1815 Emma\"</span></span><span class=\"spyral-dv-content\" style=\"margin-left: 0px;\"><span class=\"spyral-dv-left\">6:&nbsp;</span><span class=\"spyral-dv-String spyral-dv-right\">\"1818 Northanger Abbey\"</span></span><span class=\"spyral-dv-content\" style=\"margin-left: 0px;\"><span class=\"spyral-dv-left\">7:&nbsp;</span><span class=\"spyral-dv-String spyral-dv-right\">\"1818 Persuasion\"</span></span></span></span></div>","mode":"javascript","expandResults":true}},{"cellId":"w5vj5vgq","type":"code","content":{"input":"myCorpus.tool(\"Cirrus\", {docIndex: 1});\n//Change docIndex to reflect the number of the document in your corpus","output":"<body class=\"\"><iframe style=\"width: 350px; height: 350px;\" src=\"https://voyant-tools.org/tool/Cirrus/?corpus=austen&amp;forTool=Cirrus&amp;docIndex=1\"></iframe></body>","mode":"javascript","expandResults":true}},{"cellId":"w9eq72yb","type":"text","content":"<h1>inlineData: user-defined data</h1><p>You can directly pass to the Cirrus tool pairs of terms and their frequency and a word cloud visualization will be created from the data.<br></p><p>The data can be of this format: love:20,like:15,dear:10,child:6</p><p><strong>Note:&nbsp;</strong>you need a number of inline data pairs for this to work.<br></p>"},{"cellId":"eauryz7c","type":"code","content":{"input":"myCorpus.tool(\"Cirrus\", {inlineData:\"love:20,like:15,dear:10,child:6,puppy:9,rose:15,pets:7,mistake:11,field:15,space:5,jet:6,dolly:13\"});","output":"<body class=\"\"><iframe style=\"width: 350px; height: 350px;\" src=\"https://voyant-tools.org/tool/Cirrus/?corpus=austen&amp;forTool=Cirrus&amp;inlineData=love%3A20%2Clike%3A15%2Cdear%3A10%2Cchild%3A6%2Cpuppy%3A9%2Crose%3A15%2Cpets%3A7%2Cmistake%3A11%2Cfield%3A15%2Cspace%3A5%2Cjet%3A6%2Cdolly%3A13\"></iframe></body>","mode":"javascript","expandResults":true}},{"cellId":"kuegmv6e","type":"text","content":"<h2>A Custom Stopword List</h2><p>You can specify a custom stopword list for your word cloud. The moment you specify a custom list you lose the default longer stopword list of common words.</p><p>For a longer discussion of stopword lists and how to use them see:&nbsp;<a data-cke-saved-href=\"https://voyant-tools.org/spyral/learnspyral@gh/StopwordLists/\" target=\"_blank\" href=\"https://voyant-tools.org/spyral/learnspyral@gh/StopwordLists/\" data-tabindex-value=\"none\" tabindex=\"-1\" data-tabindex-counter=\"7\">https://voyant-tools.org/spyral/learnspyral@gh/StopwordLists/</a></p>"},{"cellId":"ycehtzty","type":"code","content":{"input":"myCorpus.tool(\"Cirrus\", {stopList: \"the, and, had\"});\n// Indicate the terms you wish to exclude in the results via a comma separated list. Note that this overrides the default stop word list.","output":"<body class=\"\"><iframe style=\"width: 350px; height: 350px;\" src=\"https://voyant-tools.org/tool/Cirrus/?corpus=austen&amp;forTool=Cirrus&amp;stopList=the%2C+and%2C+had\"></iframe></body>","mode":"javascript","expandResults":true}},{"cellId":"gkjfmn77","type":"text","content":"<h1>whiteList<br></h1><p>To limit the visualization to specific words of your choice, you can create a whiteList.</p><p>Here we will create a word cloud with the names of female characters in the novels.</p><p></p>"},{"cellId":"dr90jgqe","type":"code","content":{"input":"myCorpus.tool(\"Cirrus\", {whiteList: \"jane, susan, elizabeth, elinor, fanny, emma, catherine, anne\"});","output":"<body class=\"\"><iframe style=\"width: 350px; height: 350px;\" src=\"https://voyant-tools.org/tool/Cirrus/?corpus=austen&amp;forTool=Cirrus&amp;whiteList=jane%2C+susan%2C+elizabeth%2C+elinor%2C+fanny%2C+emma%2C+catherine%2C+anne\"></iframe></body>","mode":"javascript","expandResults":true}},{"cellId":"seiw4pbe","type":"text","content":"<h2><a id=\"summ\" data-cke-saved-name=\"summ\" name=\"summ\">Summary</a> of Parameters</h2><p>The code cell below shows all the tool parameters used in a single call of the tool method.</p><p><br></p>"},{"cellId":"flxis4d1","type":"code","content":{"input":"\nmyCorpus.tool(\"Cirrus\", \n\t{\n    style: \"width: 600px; height: 300px\",\n    fontFamily:\"Impact\",\n    limit: 30, //limit the number of terms shown\n    visible: 15, //limit the number of terms shown\n    withDistributions: \"raw\", //change from the default relative to raw\n    docIndex: 0, //indicate the document you wish to analyze \n    //inlineData:\"love:20,like:15,dear:10,child:6,puppy:9,rose:15,pets:7,mistake:11,field:15,space:5,jet:6,dolly:13\",\n    stopList: \"it, and, the\" //define a custom stop-word list as a comma separated list\n    //whiteList: \"jane, susan, elizabeth, elinor, fanny, emma, catherine, anne\",\n    }); ","output":"<body class=\"\"><iframe style=\"width: 600px; height: 300px\" src=\"https://voyant-tools.org/tool/Cirrus/?corpus=austen&amp;forTool=Cirrus&amp;fontFamily=Impact&amp;limit=30&amp;visible=15&amp;withDistributions=raw&amp;docIndex=0&amp;inlineData=love%3A20%2Clike%3A15%2Cdear%3A10%2Cchild%3A6%2Cpuppy%3A9%2Crose%3A15%2Cpets%3A7%2Cmistake%3A11%2Cfield%3A15%2Cspace%3A5%2Cjet%3A6%2Cdolly%3A13&amp;stopList=it%2C+and%2C+the\"></iframe></body>","mode":"javascript","expandResults":true}}]}