{"metadata":{"title":"Creating a Corpus in a Spyral Notebook","userId":"learnspyral@gh","author":"Stéfan Sinclair & Geoffrey Rockwell","description":"","keywords":["alta"],"modified":"2022-07-15T18:23:57.250Z","created":"2019-06-29T22:01:36.828Z","language":"English","license":"Creative Commons Attribution (CC BY)","version":"0.1"},"cells":[{"cellId":"hz478e7ejt70uoir","type":"text","content":"<p>This notebook will help you create a corpus with Spyral Notebooks (it's part of the <a data-tabindex-counter=\"58\" data-tabindex-value=\"none\" data-cke-saved-href=\"https://voyant-tools.org/spyral/learnspyral@gh/homeALTA/\" href=\"https://voyant-tools.org/spyral/learnspyral@gh/homeALTA/\" tabindex=\"-1\" target=\"_blank\">Art of Literary Text Analysis with Spyral&nbsp;Notebooks</a>). In particular, we'll look at:<br></p><ul><li><a data-tabindex-counter=\"44\" data-tabindex-value=\"none\" data-cke-saved-href=\"#voyant\" href=\"#voyant\" tabindex=\"-1\">creating a corpus in Voyant</a></li><li><a data-tabindex-counter=\"50\" data-tabindex-value=\"none\" data-cke-saved-href=\"#strings\" href=\"#strings\" tabindex=\"-1\">creating a corpus from strings</a></li><li><a data-tabindex-counter=\"50\" data-tabindex-value=\"none\" data-cke-saved-href=\"#urls\" href=\"#urls\" tabindex=\"-1\">creating a corpus from one or more URLs</a><ul><li><a data-tabindex-counter=\"37\" data-tabindex-value=\"none\" data-cke-saved-href=\"#xml\" href=\"#xml\" tabindex=\"-1\">creating an XML Corpus</a>&nbsp;</li><li><a data-tabindex-counter=\"37\" data-tabindex-value=\"none\" data-cke-saved-href=\"#text\" href=\"#text\" tabindex=\"-1\">creating a Plain Text Corpus</a></li></ul></li><li><a data-tabindex-counter=\"58\" data-tabindex-value=\"none\" data-cke-saved-href=\"#next\" href=\"#next\" tabindex=\"-1\">next steps</a></li></ul><p>In text analysis (both with and without computers) a <em>corpus</em> refers to a collection (or body) of texts. A corpus can be a single poem, a set of plays, all the English novels from the nineteenth century, or even a large collection of tweets. How you define documents within a corpus might change depending on your needs. For instance, it might be worth grouping all documents from a decade into one single document and have ten documents for a corpus that spans across a century.</p><p>We will consider three ways of creating a corpus in Spyral:&nbsp;using <a data-tabindex-counter=\"39\" data-tabindex-value=\"none\" data-cke-saved-href=\"#voyant\" href=\"#voyant\" tabindex=\"-1\">Voyant</a>,&nbsp;<a data-tabindex-counter=\"50\" data-tabindex-value=\"none\" data-cke-saved-href=\"#strings\" href=\"#strings\" tabindex=\"-1\">strings</a>, and&nbsp;<a data-tabindex-counter=\"50\" data-tabindex-value=\"none\" data-cke-saved-href=\"#urls\" href=\"#urls\" tabindex=\"-1\">URLs</a>. Of these, using URLs is often preferable since it's the most reliable way for others to access the same data (assuming the contents of the URL don't move). But that's not always possible, and sometimes uploading files is necessary. As we will see, it may also be possible to use a data service like <a data-tabindex-counter=\"50\" data-tabindex-value=\"none\" data-cke-saved-href=\"https://gist.github.com/\" href=\"https://gist.github.com/\" tabindex=\"-1\">Gist</a> or <a data-tabindex-counter=\"50\" data-tabindex-value=\"none\" data-cke-saved-href=\"https://pastebin.com/\" href=\"https://pastebin.com/\" tabindex=\"-1\">Pastebin</a> to host certain formats of text at a URL.</p><h2><a id=\"voyant\" data-cke-saved-name=\"voyant\" name=\"voyant\">Creating a Corpus in Voyant</a></h2><p>Most of the techniques below describe ways of using Spyral to create a corpus programmatically (in other words with a bit of code).&nbsp;But of course it’s also possible to create a corpus using the usual Voyant interface and then to refer to that corpus in a Spyral Notebook (more about that below). Creating a corpus programmatically provides more flexibility (including options that may not be available in the user interface) and it also ensures that your Spyral Notebook is fully self-contained. This&nbsp;makes it more portable; that is,&nbsp;it can run on different instances more easily. Then again, using the Voyant interface can be simpler&nbsp;and more familiar.</p><p>You might experiment first with the Voyant interface technique for creating a corpus and then rewrite parts of your Spyral notebook to use URLs instead if you're looking to share your notebook with others. If you use Voyant to create your corpus, you can still describe the process in detail in your Spyral Notebook so that others may try to reproduce or adapt your work using the same options.</p><p>When you first open the <a data-tabindex-counter=\"44\" data-tabindex-value=\"none\" data-cke-saved-href=\"../\" href=\"../\" tabindex=\"-1\" target=\"_blank\">home page of Voyant</a> (be sure to be on the same server as your instance of Spyral) you can begin by clicking on the options icon.</p><p style=\"text-align: center\"><img alt=\"\" data-cke-saved-src=\"../resources/spyral//alta-assets/voyant_input_options.png\" src=\"../resources/spyral//alta-assets/voyant_input_options.png\" style=\"max-width:800px;\"></p><p>There’s a fairly dizzying number of options available (all of which are also available when you create your corpus programmatically) and you’re strongly encouraged to refer to the Voyant documentation on <a data-tabindex-counter=\"42\" data-tabindex-value=\"none\" data-cke-saved-href=\"../../docs/#!/guide/corpuscreator\" href=\"../../docs/#!/guide/corpuscreator\" tabindex=\"-1\">creating a corpus</a>.</p><p style=\"text-align: center\"><img alt=\"\" data-cke-saved-src=\"../resources/spyral/alta-assets/voyant_input_options_dialog.png\" src=\"../resources/spyral/alta-assets/voyant_input_options_dialog.png\" style=\"max-width:400px;\"></p><p>Once you’ve defined the input options you can create the corpus by either filling content in the text box (text or URLs, one per line) or by clicking the upload button.</p><p style=\"text-align: center\"><img alt=\"Inputting Text or File Upload\" data-cke-saved-src=\"../../resources/spyral/notebooks/alta-assets/voyant_input.png\" src=\"../../resources/spyral/notebooks/alta-assets/voyant_input.png\" style=\"max-width: 800px; width: 801px; height: 223px;\"></p><p>Once your corpus is loaded (assuming everything worked properly) you’ll see the regular Voyant interface, but we’re mainly interested in the URL bar where part of the address should now contain a valid corpus ID that we can use in Spyral on the same server.</p><p style=\"text-align: center\"><img alt=\"Selecting Corpus ID\" data-cke-saved-src=\"../../resources/spyral/notebooks/alta-assets/voyant_corpus_id.png\" src=\"../../resources/spyral/notebooks/alta-assets/voyant_corpus_id.png\" style=\"max-width: 600px; width: 600px; height: 183px;\"></p><p>Copy the corpus ID (only) into the clipboard (it will be different from the one in the screenshot above but it should have a similar format). Now we can use that ID in Spyral.&nbsp;Try pasting the ID in the code block&nbsp;below, replacing “<em>austen</em>” (but be sure to leave the quotes in place). Then click the run button from the left toolbar.</p>"},{"cellId":"suahy5t1b36di0dw","type":"code","content":{"input":"loadCorpus(\"austen\")","output":"<body class=\"\">\n\n\n\n\n\n\n\n\n\n\nThis corpus (b50407fd1cbbecec4315a8fc411bad3c) has 8 documents with 781,763 total words and 15,368 unique word forms.\n\n\n\n\n\n\n\n\n\n\n</body>","mode":"javascript","expandResults":true}},{"cellId":"jlr8mq6pdxdlt3z1","type":"text","content":"<h2><a id=\"strings\" name=\"strings\" data-cke-saved-name=\"strings\">Creating a Corpus from Strings</a></h2><p>Above we looked at using the regular Voyant interface to create a corpus, but we can also create a corpus directly and programmatically in Spyral. One very simple way to create a corpus in Spyral is with a set of one or more strings. This isn't especially practical for longer texts, and there are certain limitations since the strings need to be defined using either single or double quotes, usually on a single line.</p><p>Here's an example where the string \"Hello Spyral!\" is used directly to create a corpus:</p>"},{"cellId":"thy8xgkq4kk51zyk","type":"code","content":{"input":"\nloadCorpus(\"Hello Spyral!\");","output":"<body class=\"\">\n\n\n\n\n\n\n\n\n\n\nThis corpus (20281564ba51492a0ab0565ce2b0a3c9) has 1 documents with 2 total words and 2 unique word forms.\n\n\n\n\n\n\n\n\n\n\n</body>","mode":"javascript","expandResults":true}},{"cellId":"dewleuqiqld75ue2","type":"text","content":"<p>In Javascript (used by Spyral), a string can be defined in several ways, but the most common ways are with single or double quotes. In the example&nbsp;below, we assign the string to a variable name – this is a name that we choose (with certain rules) and that we want to make both short and meaningful. We also use the keyword <em><code>var</code></em> which isn't strictly needed, but it's good programming practice and it declares the <a data-tabindex-counter=\"50\" data-tabindex-value=\"none\" data-cke-saved-href=\"https://developer.mozilla.org/en/docs/Web/JavaScript/Reference/Statements/var\" href=\"https://developer.mozilla.org/en/docs/Web/JavaScript/Reference/Statements/var\" tabindex=\"-1\">scope</a> (where our variable is recognized).</p><p>This is functionally equivalent to the previous code (note the use of the backslashes (//) that indicate&nbsp;a comment in the code that's ignored by the computer).</p>"},{"cellId":"4ulek5k7u6hit0zf","type":"code","content":{"input":"\nvar greeting = \"Hello Spyral!\"; // declare a string into a variable\nloadCorpus(greeting); // create a corpus with our variable","output":"<body class=\"\">\n\n\n\n\n\n\n\n\n\n\nThis corpus (20281564ba51492a0ab0565ce2b0a3c9) has 1 documents with 2 total words and 2 unique word forms.\n\n\n\n\n\n\n\n\n\n\n</body>","mode":"javascript","expandResults":true}},{"cellId":"kjvfz2otbwepmo4n","type":"text","content":"<p>We can also create a corpus with two or more strings by using an array argument. An array is an ordered list of variables, in this case we have strings. Just as with strings, there are multiple ways of creating an array, but one of the most common ways is by using square brackets.</p>\n"},{"cellId":"rmtsyx1dyr6wkzvt","type":"code","content":{"input":"\nvar greeting = \"Hello Spyral!\"; // declare a first string\nvar reply = \"Well hello there!\"; // declare a second string\nvar texts = [greeting, reply]; // combine the two strings into an array\nloadCorpus(texts); // same as new Corpus([greeting, reply]).show();\n","output":"<body class=\"\">\n\n\n\n\n\n\n\n\n\n\nThis corpus (28dae20ed58a70934d0df58b00d3cd22) has 2 documents with 5 total words and 4 unique word forms.\n\n\n\n\n\n\n\n\n\n\n</body>","mode":"javascript","expandResults":true}},{"cellId":"woz5lay588usr2c6","type":"text","content":"<p>Again, it's fairly impractical to work with strings of any length in Javascript. There are some techniques for multiline strings, but it's safest to combine strings together with the plus sign (concatenation). In the example below we also demonstrate escaping the double quote that's part of the string (but that's also used to define the start and end of the string.</p>\n"},{"cellId":"zu4312p8eg4q7ufi","type":"code","content":{"input":"\nvar greeting = \"And then she asked \\\"What do \"+ // add two string with plus sign\n    \" you mean?\\\" in that voice.\"; // note the use of \\\" to escape the double quote\nshow(greeting)","output":"<body class=\"\">\n\n\n\n\n\n\n\n\n\n\n <div class=\"info\" id=\"ext-element-69\">And then she asked \"What do  you mean?\" in that voice.</div>\n\n\n\n\n\n\n\n\n\n\n</body>","mode":"javascript","expandResults":true}},{"cellId":"rp3o5xd66d8ie5gd","type":"text","content":"<p>One situation where creating a corpus from a string can be useful is when we want to process a text and then feed it back in as a new corpus. The code snippet below demonstrates a few techniques that we won't explain in detail yet, but it's just a demonstration of what's possible:</p>\n"},{"cellId":"4pmsbam62myhtr7x","type":"code","content":{"input":"\n// create a corpus with a URL (hermeneuti.ca) and get the plain text\nloadCorpus(\"http://hermeneuti.ca\").text().then(text => {\n    // modify the plain text to replace \"the\" by \"*THE*\"\n    text = text.replace(/\\bthe\\b/g, \"*THE*\");\n    // create a new corpus (with a string) and embed the reader tool\n    loadCorpus(text).tool('reader');\n})","output":"<body class=\"\">\n\n\n\n\n\n\n\n\n\n\n \n\n\n\n\n\n\n\n\n\n\n</body>","mode":"javascript","expandResults":true}},{"cellId":"bmhnzv6wufuyroav","type":"text","content":"<h2><a id=\"urls\" name=\"urls\" data-cke-saved-name=\"urls\">Creating a Corpus from URLs</a></h2><p>The preferred way of creating a corpus in Spyral is to use URLs. The benefits are that the source texts&nbsp;can be accessed by other people and the corpus can be more easily re-created if ever it's lost or damaged. The disadvantages are that the content of URLs can change or disappear. We've already seen examples several times, and we can use both the single URL or array of URLs format (just as we did with strings).</p>"},{"cellId":"p2lv0e3hwma2l75x","type":"code","content":{"input":"\n// one URL as a single string argument\nloadCorpus(\"http://hermeneuti.ca\").summary(); \n\n// an array of URLs as an argument\nloadCorpus([\"http://hermeneuti.ca\", \"https://en.wikipedia.org/wiki/Voyant_Tools\"]).summary()\n\n// a variable to contain URLs that are then used as a single argument\nvar urls = [\"http://hermeneuti.ca\", \"https://en.wikipedia.org/wiki/Voyant_Tools\"];\nloadCorpus(urls).summary(); ","output":"<body class=\"\">\n\n\n\n\n\n\n\n\n\n\nThis corpus (e421abcf1c76907024174963e5a18623) has 2 documents with 1,105 total words and 547 unique word forms.\n\n\n\n\n\n\n\n\n\n\n</body>","mode":"javascript","expandResults":true}},{"cellId":"2pwys4y7146fbiv7","type":"text","content":"<p>In addition to specifying one or more URLs it's also possible to specify parameters to be used for preparing the corpus. These parameters are the same as the ones used in the <a data-tabindex-counter=\"38\" data-tabindex-value=\"none\" data-cke-saved-href=\"../docs/#!/guide/corpuscreator-section-options\" href=\"../docs/#!/guide/corpuscreator-section-options\" tabindex=\"-1\" target=\"_blank\">Voyant options</a> interface (though there are even more options available programmatically in Spyral). Many of the options will depend on the format of the documents in your corpus. For a fuller&nbsp;list of options see the <a data-tabindex-counter=\"38\" data-tabindex-value=\"none\" data-cke-saved-href=\"../docs/#!/api/Corpus\" href=\"../docs/#!/api/Corpus\" tabindex=\"-1\" target=\"_blank\">Corpus</a>&nbsp;documentation.</p><h3><a id=\"xml\" name=\"xml\" data-cke-saved-name=\"xml\">Creating an XML Corpus</a></h3><p>URLs can point to documents in a variety of formats supported by Spyral, including HTML, XML, RTF, MS Word, MS Excel, OpenOffice and compressed zip files containing documents. The XML handling of Spyral is particularly powerful as you can define very precisely how to treat each part of the document. For example, if we visit&nbsp;<a data-tabindex-counter=\"38\" data-tabindex-value=\"none\" data-cke-saved-href=\"http://www.cbc.ca/cmlink/rss-topstories\" href=\"http://www.cbc.ca/cmlink/rss-topstories\" tabindex=\"-1\" target=\"_blank\">http://www.cbc.ca/cmlink/rss-topstories</a> we find an XML document that is also an <a data-tabindex-counter=\"38\" data-tabindex-value=\"none\" data-cke-saved-href=\"https://en.wikipedia.org/wiki/RSS\" href=\"https://en.wikipedia.org/wiki/RSS\" tabindex=\"-1\" target=\"_blank\">RSS</a> feed, that is, a collection of items. Because the <a data-tabindex-counter=\"38\" data-tabindex-value=\"none\" data-cke-saved-href=\"https://en.wikipedia.org/wiki/Root_element\" href=\"https://en.wikipedia.org/wiki/Root_element\" tabindex=\"-1\" target=\"_blank\">root element</a> of this document is &lt;rss&gt;, Spyral assumes by default that you want each item to be its own document.&nbsp;</p>"},{"cellId":"kmxc6xam","type":"code","content":{"input":"loadCorpus('https://www.cbc.ca/cmlink/rss-topstories').summary(); // treated as an RSS feed by default","output":"<body class=\"\">\n\n\n\n\nThis corpus (513828929675c860abee5ff7a2dbbe71) has 20 documents with 2,624 total words and 866 unique word forms.\n\n\n\n\n</body>","mode":"javascript","expandResults":true}},{"cellId":"nj0i5qjia63751j4","type":"text","content":"<p>However, we can tell Spyral to treat the document differently. For instance, we might want all of the items to be combined into one document. We can do that by providing a second argument to the Corpus object. The first argument specifies the source of the documents, the second argument (optionally) specifies processing parameters.</p>\n"},{"cellId":"maqanuqula8jvro0","type":"code","content":{"input":"\nloadCorpus('https://www.cbc.ca/cmlink/rss-topstories', {\n    inputFormat: 'xml', //force xml\n    xmlContentXpath: \"//item/description\" //define xpath \n}).summary()","output":"<body class=\"\">\n\n\n\n\nThis corpus (208cf17f5ece279dba4a58165ce20b60) has 1 documents with 1,847 total words and 707 unique word forms.\n\n\n\n\n</body>","mode":"javascript","expandResults":true}},{"cellId":"bmepo6072fi59u9y","type":"text","content":"<p>Now we have all the description text in just one document.</p><p>Let's look more closely at the syntax.</p><blockquote><pre>new Corpus( <span style=\"color:#0000FF;\">\"string\"</span>, <span style=\"background-color:#E6E6FA;\"><span style=\"color:#FF0000;\">{</span>\n  </span><span style=\"color:#800080;\"><span style=\"background-color:#E6E6FA;\">name</span></span><span style=\"background-color:#E6E6FA;\">: </span><span style=\"color:#0000CD;\"><span style=\"background-color:#E6E6FA;\">\"value\"</span></span><span style=\"background-color:#E6E6FA;\">,\n  </span><span style=\"color:#800080;\"><span style=\"background-color:#E6E6FA;\">name</span></span><span style=\"background-color:#E6E6FA;\">: </span><span style=\"color:#0000CD;\"><span style=\"background-color:#E6E6FA;\">\"value\"</span></span><span style=\"background-color:#E6E6FA;\">\n<span style=\"color:#FF0000;\">}</span></span> );</pre></blockquote><p>The first argument is a string, the URL of our source (http://www.cbc.ca/cmlink/rss-topstories). The second argument is a data type called an <a data-cke-saved-href=\"https://developer.mozilla.org/en-US/docs/Web/JavaScript/Guide/Grammar_and_types#Object_literals\" href=\"https://developer.mozilla.org/en-US/docs/Web/JavaScript/Guide/Grammar_and_types#Object_literals\" data-tabindex-value=\"none\" tabindex=\"-1\" data-tabindex-counter=\"37\">object literal</a>. It can be declared with curly brackets&nbsp;that enclose&nbsp;a set of name: value pairs (note that the name doesn't need to be quoted but the value does need to be quoted). Each pair of arguments is separated by a comma (but no comma after the last one). It's easy to make a mistake by forgetting a comma or a curly bracket or something, but you can experiment with the examples below and try your own.</p>"},{"cellId":"b808yhdrebqxqaf4","type":"code","content":{"input":"\nvar oneValue = {inputFormat: 'xml'};\nvar twoValues = {inputFormat: 'xml', xmlContentXPath: '//item/description'};\nvar twoValuesBis = { // exact same as above, just formatted differently\n    inputFormat: 'xml',\n    xmlContentXPath: '//item/description'\n};\nshow(twoValuesBis.inputFormat); // example of using an object's value","output":"<body class=\"\">\n\n\n\n\n\n\n\n\n\n\n\n\n\n\n\n\n\n\n<div style=\"height: 87px\" id=\"ext-element-41\">\n<div style=\"height: 73px\">\n<div style=\"height: 59px\"><div style=\"height: 45px\"><div style=\"height: 31px\"> <div class=\"info\">xml</div></div></div></div>\n</div>\n</div>\n\n\n\n\n\n\n\n\n\n\n\n\n\n\n\n\n\n\n</body>","mode":"javascript","expandResults":true}},{"cellId":"f3bp8t9fg90amcq3","type":"text","content":"<h3><a id=\"text\" name=\"text\" data-cke-saved-name=\"text\">Creating a Plain Text Corpus</a></h3><p>Above we considered how to create a corpus from a URL with XML content. Now let's consider an example with plain text, namely Edgar Allen Poe's short story&nbsp;\"The Gold Bug.\" Several editions of the text exist online (and we could use them with a URL), but we will demonstrate using the Project Gutenberg edition. One of the first things to know is that Project Gutenberg sometimes blocks Spyral from fetching URLs from its servers, so we will start by making a copy of the document at another URL. We can outline our procedure as follows:</p><ul><li>find the document we want in plain text from Project Gutenberg</li><li>make a copy (legally) of the document in a Gist</li><li>determine which parts of the document are relevant</li><li>create a corpus with parameters that define the relevant document</li></ul><p>The \"Gold Bug\" is part of <a data-tabindex-counter=\"37\" data-tabindex-value=\"none\" data-cke-saved-href=\"http://www.gutenberg.org/ebooks/2147\" href=\"http://www.gutenberg.org/ebooks/2147\" tabindex=\"-1\" target=\"_blank\">Volume 1 of the Works of Edgar Allan Poe on Project Gutenberg</a>. We have a choice of formats at this location, but for our example we will choose the&nbsp;<a charset=\"utf-8\" data-tabindex-counter=\"37\" data-tabindex-value=\"none\" data-cke-saved-href=\"http://www.gutenberg.org/files/2147/2147-0.txt\" href=\"http://www.gutenberg.org/files/2147/2147-0.txt\" tabindex=\"-1\" target=\"_blank\" title=\"Download\" type=\"text/plain; charset=utf-8\">Plain Text UTF-8</a>. We have found our document.</p><p>Next we will copy the contents of the page (not the URL, the full text) into the clipboard and then paste it into the main (bigger) text box in&nbsp;a <a data-tabindex-counter=\"37\" data-tabindex-value=\"none\" data-cke-saved-href=\"https://gist.github.com/\" href=\"https://gist.github.com/\" tabindex=\"-1\">new Gist</a>. Let's also specify a filename, we can use goldbug.txt. Finally, we'll click the \"Create public gist\" button. (Again, the Project Gutenberg license allows this kind of copying of content.)</p><p style=\"text-align: center\"><img alt=\"\" data-cke-saved-src=\"../resources/spyral/alta-assets/gist-gold-bug.png\" src=\"../resources/spyral/alta-assets/gist-gold-bug.png\" style=\"max-width: 800px\"></p><p>After clicking \"Create public gist\" you will see a page that contains a button for the raw text – that's the URL we want (click on the \"raw\" button and then copy and paste the URL from the address bar of your browser).</p><p style=\"text-align: center\"><img alt=\"\" data-cke-saved-src=\"../resources/spyral/alta-assets/gist-gold-bug-raw.png\" src=\"../resources/spyral/alta-assets/gist-gold-bug-raw.png\" style=\"max-width: 800px\"></p><p>You may be doing this with your own text, or you can use the URL from the \"Gold Bug\" (yes, it's a bit long):</p><blockquote><p><a data-tabindex-counter=\"37\" data-tabindex-value=\"none\" data-cke-saved-href=\"https://gist.githubusercontent.com/sgsinclair/84c9da05e9e142af30779cc91440e8c1/raw/goldbug.txt\" href=\"https://gist.githubusercontent.com/sgsinclair/84c9da05e9e142af30779cc91440e8c1/raw/goldbug.txt\" tabindex=\"-1\" target=\"_blank\">https://gist.githubusercontent.com/sgsinclair/84c9da05e9e142af30779cc91440e8c1/raw/goldbug.txt</a></p></blockquote><p>We could use the URL right away to create a Spyral corpus, but let's remember that this document is a volume that contains several works and we only want \"The Gold Bug.\" In order to isolate the part we want, we can scroll to the start of the short story where we find this:</p><blockquote><pre>the moon, or in the eye of the spectator, but must be looked for in\nsomething (an atmosphere?) existing about the moon.\n\nTHE GOLD-BUG\n\n          What ho! what ho! this fellow is dancing mad!\n               He hath been bitten by the Tarantula.\n                    _--All in the Wrong._\n\nMANY years ago, I contracted an intimacy with a Mr. William Legrand.\n</pre></blockquote><p>The text \"about the moon\"&nbsp;is the end of the previous text, so we can say that we want to start with \"THE GOLD-BUG\" (capitalized, which is not the case elsewhere like in the table of contents at the top). We'll do a very similar operation to find the end of the text that we want:</p><blockquote><pre>required a dozen--who shall tell?”\n\nFOUR BEASTS IN ONE--THE HOMO-CAMELEOPARD\n\n                     Chacun a ses vertus.\n                        --_Crebillon’s Xerxes._\n\nANTIOCHUS EPIPHANES is very generally looked upon as the Gog of the</pre></blockquote><p>So we know we want to remove all the text until \"THE GOLD-BUG\" and then all the text starting with \"FOUR BEASTS IN ONE\". Note that we don't need to specify many options (like inputFormat), because Spyral is fairly good at determining default values.</p>"},{"cellId":"6qt9yx9w0svvw5mo","type":"code","content":{"input":"\nloadCorpus(\"https://gist.githubusercontent.com/sgsinclair/84c9da05e9e142af30779cc91440e8c1/raw/goldbug.txt\", {\n    inputRemoveUntil: 'THE GOLD-BUG',\n    inputRemoveFrom: 'FOUR BEASTS IN ONE'\n}).tool('reader'); // let's look at the reader to ensure we have the right text","output":"<body class=\"\">\n\n\n\n\n\n\n\n\n\n\n\n\n\n\n\n\n \n\n\n\n\n\n\n\n\n\n\n\n\n\n\n\n\n</body>","mode":"javascript","expandResults":true}},{"cellId":"bocvxzd8sg8xhtmo","type":"text","content":"<h2><a id=\"next\" data-cke-saved-name=\"next\" name=\"next\">Next Steps</a></h2><p>Here are some exercises to try, based on the contents of this notebook:</p><ul><li>use the Voyant interface to create a new corpus with different file formats such as&nbsp;PDF and&nbsp;MS Excel</li><li>create a new corpus with 3 URLs&nbsp;</li><li>create a new corpus from a different text in&nbsp;Project Gutenberg (be sure to create a copy and use the URL in Gist)<br></li></ul><p>If you're working sequentially&nbsp;through the <a data-tabindex-counter=\"46\" data-tabindex-value=\"none\" data-cke-saved-href=\"https://voyant-tools.org/spyral/learnspyral@gh/homeALTA/\" href=\"https://voyant-tools.org/spyral/learnspyral@gh/homeALTA/\" tabindex=\"-1\" target=\"_blank\">Art of Literary Text Analysis with Spyral&nbsp;Notebooks</a>, the next notebook&nbsp;is <a data-tabindex-counter=\"43\" data-tabindex-value=\"none\" data-cke-saved-href=\"https://voyant-tools.org/spyral/learnspyral@gh/smallALTA/\" href=\"https://voyant-tools.org/spyral/learnspyral@gh/smallALTA/\" id=\"ext-element-36\" tabindex=\"-1\" target=\"_blank\">Exploring a Smaller Corpus</a>.<br></p>"}]}