{"metadata":{"title":"Doings Things With XML","userId":"learnspyral@gh","author":"","description":"","catalogue":false,"keywords":["tutorials","XML","Tutorial"],"modified":"2024-03-01T12:57:13.431Z","created":"2024-03-01T11:30:58.728Z","language":"English","license":"","version":"0.1"},"cells":[{"cellId":"qzrj37ll","type":"text","content":"<p>This tutorial notebooks shows you ways you can use Spyral to manipulate XML data. <br></p>"},{"cellId":"u35hvoxo","type":"text","content":"<h2>XML Code Cell</h2><p>In Spyral you can change the type of code in a Code Cell. The next cell is a Code Cell that has been configured to hold XML. You will note how it colourizes the XML. If you assign a DataName to the contents of the cell then it will also parse the XML and tell you if there is an error.&nbsp;</p><p><strong>Try It:&nbsp;</strong>Try deleting a closing tag and then clicking Assign again. It will give you an Error and tell you the line number where it things the problem lies.<br></p><p>You can also explore the hierarchy of well-formed XML by clicking the black triangles.</p><p></p><p></p><p></p><h2></h2><p></p>"},{"cellId":"hb7ck02b","type":"data","content":{"input":"<?xml version='1.0' ?>\n<text>\n\t<head>\n\t<title>Romeo and Juliet</title>\n\t<description>\n\tJust Act 1, Scene 1 opening conversation between Sampson and Gregory\n\tPrologue and Stage Directions Deleted\n\tLightly edited version from https://shakespeare.mit.edu/romeo_juliet/full.html\n\tGR Feb. 14, 2024\n\t</description>\n\t</head>\n\n<play>\n\t<act number=\"1\">\n\t\t<scene number=\"1\">\n<speech name=\"Sampson\">\nGregory, o' my word, we'll not carry coals.\n</speech>\n<speech name=\"Gregory\">\nNo, for then we should be colliers.\n</speech>\n<speech name=\"Sampson\">\nI mean, an we be in choler, we'll draw.\n</speech>\n<speech name=\"Gregory\">\nAy, while you live, draw your neck out o' the collar.\n</speech>\n<speech name=\"Sampson\">\nI strike quickly, being moved.\n</speech>\n<speech name=\"Gregory\">\nBut thou art not quickly moved to strike.\n</speech>\n<speech name=\"Sampson\">\nA dog of the house of Montague moves me.\n</speech>\n<speech name=\"Gregory\">\nTo move is to stir; and to be valiant is to stand:\ntherefore, if thou art moved, thou runn'st away.\n</speech>\n<speech name=\"Sampson\">\nA dog of that house shall move me to stand: I will\ntake the wall of any man or maid of Montague's.\n</speech>\n<speech name=\"Gregory\">\nThat shows thee a weak slave; for the weakest goes\nto the wall.\n</speech>\n<speech name=\"Sampson\">\nTrue; and therefore women, being the weaker vessels,\nare ever thrust to the wall: therefore I will push\nMontague's men from the wall, and thrust his maids\nto the wall.\n</speech>\n<speech name=\"Gregory\">\nThe quarrel is between our masters and us their men.\n</speech>\n<speech name=\"Sampson\">\n'Tis all one, I will show myself a tyrant: when I\nhave fought with the men, I will be cruel with the\nmaids, and cut off their heads.\n</speech>\n<speech name=\"Gregory\">\nThe heads of the maids?\n</speech>\n<speech name=\"Sampson\">\nAy, the heads of the maids, or their maidenheads;\ntake it in what sense thou wilt.\n</speech>\n<speech name=\"Gregory\">\nThey must take it in sense that feel it.\n</speech>\n<speech name=\"Sampson\">\nMe they shall feel while I am able to stand: and\n'tis known I am a pretty piece of flesh.\n</speech>\n<speech name=\"Gregory\">\n'Tis well thou art not fish; if thou hadst, thou\nhadst been poor John. Draw thy tool! here comes\ntwo of the house of the Montagues.\n</speech>\n<speech name=\"Sampson\">\nMy naked weapon is out: quarrel, I will back thee.\n</speech>\n<speech name=\"Gregory\">\nHow! turn thy back and run?\n</speech>\n<speech name=\"Sampson\">\nFear me not.\n</speech>\n<speech name=\"Gregory\">\nNo, marry; I fear thee!\n</speech>\n<speech name=\"Sampson\">\nLet us take the law of our sides; let them begin.\n</speech>\n<speech name=\"Gregory\">\nI will frown as I pass by, and let them take it as\nthey list.\n</speech>\n<speech name=\"Sampson\">\nNay, as they dare. I will bite my thumb at them;\nwhich is a disgrace to them, if they bear it.\n</speech>\n</scene>\n</act>\n</play>\n</text>\n","output":"<div class=\"spyral-dv-container\"><span class=\"spyral-dv-content\" style=\"margin-left: 0px;\"><span class=\"spyral-dv-left spyral-dv-folder\">xmlData: <span class=\"spyral-dv-type\">Node</span><span class=\"spyral-dv-length\">&lt;1&gt;</span> <span class=\"spyral-dv-folder-icon spyral-dv-expanded\"><svg width=\"8\" height=\"8\" class=\"open\"><path d=\"M4 7L0 1h8z\" fill=\"#000\"></path></svg><svg width=\"8\" height=\"8\" class=\"closed\"><path d=\"M7 4L1 8V0z\" fill=\"#000\"></path></svg></span></span><span class=\"spyral-dv-Node spyral-dv-right spyral-dv-expanded\"><span class=\"spyral-dv-content\" style=\"margin-left: 0px;\"><span class=\"spyral-dv-left spyral-dv-folder\">text: <span class=\"spyral-dv-type\">Node</span><span class=\"spyral-dv-length\">&lt;5&gt;</span> <span class=\"spyral-dv-folder-icon spyral-dv-expanded\"><svg width=\"8\" height=\"8\" class=\"open\"><path d=\"M4 7L0 1h8z\" fill=\"#000\"></path></svg><svg width=\"8\" height=\"8\" class=\"closed\"><path d=\"M7 4L1 8V0z\" fill=\"#000\"></path></svg></span></span><span class=\"spyral-dv-Node spyral-dv-right spyral-dv-expanded\"><span class=\"spyral-dv-content\" style=\"margin-left: 0px;\"><span class=\"spyral-dv-left spyral-dv-folder\">head: <span class=\"spyral-dv-type\">Node</span><span class=\"spyral-dv-length\">&lt;5&gt;</span> <span class=\"spyral-dv-folder-icon spyral-dv-expanded\"><svg width=\"8\" height=\"8\" class=\"open\"><path d=\"M4 7L0 1h8z\" fill=\"#000\"></path></svg><svg width=\"8\" height=\"8\" class=\"closed\"><path d=\"M7 4L1 8V0z\" fill=\"#000\"></path></svg></span></span><span class=\"spyral-dv-Node spyral-dv-right spyral-dv-expanded\"><span class=\"spyral-dv-content\" style=\"margin-left: 0px;\"><span class=\"spyral-dv-left spyral-dv-folder\">title: <span class=\"spyral-dv-type\">Node</span><span class=\"spyral-dv-length\">&lt;1&gt;</span> <span class=\"spyral-dv-folder-icon spyral-dv-expanded\"><svg width=\"8\" height=\"8\" class=\"open\"><path d=\"M4 7L0 1h8z\" fill=\"#000\"></path></svg><svg width=\"8\" height=\"8\" class=\"closed\"><path d=\"M7 4L1 8V0z\" fill=\"#000\"></path></svg></span></span><span class=\"spyral-dv-Node spyral-dv-right spyral-dv-expanded\"><span class=\"spyral-dv-content\" style=\"margin-left: 0px;\"><span class=\"spyral-dv-left\">#text:&nbsp;</span><span class=\"spyral-dv-String spyral-dv-right\">\"Romeo and Juliet\"</span></span></span></span><span class=\"spyral-dv-content\" style=\"margin-left: 0px;\"><span class=\"spyral-dv-left spyral-dv-folder\">description: <span class=\"spyral-dv-type\">Node</span><span class=\"spyral-dv-length\">&lt;1&gt;</span> <span class=\"spyral-dv-folder-icon spyral-dv-expanded\"><svg width=\"8\" height=\"8\" class=\"open\"><path d=\"M4 7L0 1h8z\" fill=\"#000\"></path></svg><svg width=\"8\" height=\"8\" class=\"closed\"><path d=\"M7 4L1 8V0z\" fill=\"#000\"></path></svg></span></span><span class=\"spyral-dv-Node spyral-dv-right spyral-dv-expanded\"><span class=\"spyral-dv-content\" style=\"margin-left: 0px;\"><span class=\"spyral-dv-left\">#text:&nbsp;</span><span class=\"spyral-dv-String spyral-dv-right\">\"Just Act 1, Scene 1 opening conversation between Sampson and Gregory<br>\tPrologue and Stage Directions Deleted<br>\tLightly edited version from https://shakespeare.mit.edu/romeo_juliet/full.html<br>\tGR Feb. 14, 2024\"</span></span></span></span></span></span><span class=\"spyral-dv-content\" style=\"margin-left: 0px;\"><span class=\"spyral-dv-left spyral-dv-folder\">play: <span class=\"spyral-dv-type\">Node</span><span class=\"spyral-dv-length\">&lt;3&gt;</span> <span class=\"spyral-dv-folder-icon spyral-dv-expanded\"><svg width=\"8\" height=\"8\" class=\"open\"><path d=\"M4 7L0 1h8z\" fill=\"#000\"></path></svg><svg width=\"8\" height=\"8\" class=\"closed\"><path d=\"M7 4L1 8V0z\" fill=\"#000\"></path></svg></span></span><span class=\"spyral-dv-Node spyral-dv-right spyral-dv-expanded\"><span class=\"spyral-dv-content\" style=\"margin-left: 0px;\"><span class=\"spyral-dv-left spyral-dv-folder\">act: <span class=\"spyral-dv-type\">Node</span><span class=\"spyral-dv-length\">&lt;3&gt;</span> <span class=\"spyral-dv-folder-icon spyral-dv-expanded\"><svg width=\"8\" height=\"8\" class=\"open\"><path d=\"M4 7L0 1h8z\" fill=\"#000\"></path></svg><svg width=\"8\" height=\"8\" class=\"closed\"><path d=\"M7 4L1 8V0z\" fill=\"#000\"></path></svg></span></span><span class=\"spyral-dv-Node spyral-dv-right spyral-dv-expanded\"><span class=\"spyral-dv-content\" style=\"margin-left: 0px;\"><span class=\"spyral-dv-left spyral-dv-folder\">scene: <span class=\"spyral-dv-type\">Node</span><span class=\"spyral-dv-length\">&lt;51&gt;</span> <span class=\"spyral-dv-folder-icon spyral-dv-expanded\"><svg width=\"8\" height=\"8\" class=\"open\"><path d=\"M4 7L0 1h8z\" fill=\"#000\"></path></svg><svg width=\"8\" height=\"8\" class=\"closed\"><path d=\"M7 4L1 8V0z\" fill=\"#000\"></path></svg></span></span><span class=\"spyral-dv-Node spyral-dv-right spyral-dv-expanded\"><span class=\"spyral-dv-content\" style=\"margin-left: 0px;\"><span class=\"spyral-dv-left spyral-dv-folder\">speech: <span class=\"spyral-dv-type\">Node</span><span class=\"spyral-dv-length\">&lt;1&gt;</span> <span class=\"spyral-dv-folder-icon spyral-dv-expanded\"><svg width=\"8\" height=\"8\" class=\"open\"><path d=\"M4 7L0 1h8z\" fill=\"#000\"></path></svg><svg width=\"8\" height=\"8\" class=\"closed\"><path d=\"M7 4L1 8V0z\" fill=\"#000\"></path></svg></span></span><span class=\"spyral-dv-Node spyral-dv-right spyral-dv-expanded\"><span class=\"spyral-dv-content\" style=\"margin-left: 0px;\"><span class=\"spyral-dv-left\">#text:&nbsp;</span><span class=\"spyral-dv-String spyral-dv-right\">\"Gregory, o' my word, we'll not carry coals.\"</span></span></span></span><span class=\"spyral-dv-content\" style=\"margin-left: 0px;\"><span class=\"spyral-dv-left spyral-dv-folder\">speech: <span class=\"spyral-dv-type\">Node</span><span class=\"spyral-dv-length\">&lt;1&gt;</span> <span class=\"spyral-dv-folder-icon spyral-dv-expanded\"><svg width=\"8\" height=\"8\" class=\"open\"><path d=\"M4 7L0 1h8z\" fill=\"#000\"></path></svg><svg width=\"8\" height=\"8\" class=\"closed\"><path d=\"M7 4L1 8V0z\" fill=\"#000\"></path></svg></span></span><span class=\"spyral-dv-Node spyral-dv-right spyral-dv-expanded\"><span class=\"spyral-dv-content\" style=\"margin-left: 0px;\"><span class=\"spyral-dv-left\">#text:&nbsp;</span><span class=\"spyral-dv-String spyral-dv-right\">\"No, for then we should be colliers.\"</span></span></span></span><span class=\"spyral-dv-content\" style=\"margin-left: 0px;\"><span class=\"spyral-dv-left spyral-dv-folder\">speech: <span class=\"spyral-dv-type\">Node</span><span class=\"spyral-dv-length\">&lt;1&gt;</span> <span class=\"spyral-dv-folder-icon spyral-dv-expanded\"><svg width=\"8\" height=\"8\" class=\"open\"><path d=\"M4 7L0 1h8z\" fill=\"#000\"></path></svg><svg width=\"8\" height=\"8\" class=\"closed\"><path d=\"M7 4L1 8V0z\" fill=\"#000\"></path></svg></span></span><span class=\"spyral-dv-Node spyral-dv-right spyral-dv-expanded\"><span class=\"spyral-dv-content\" style=\"margin-left: 0px;\"><span class=\"spyral-dv-left\">#text:&nbsp;</span><span class=\"spyral-dv-String spyral-dv-right\">\"I mean, an we be in choler, we'll draw.\"</span></span></span></span><span class=\"spyral-dv-content\" style=\"margin-left: 0px;\"><span class=\"spyral-dv-left spyral-dv-folder\">speech: <span class=\"spyral-dv-type\">Node</span><span class=\"spyral-dv-length\">&lt;1&gt;</span> <span class=\"spyral-dv-folder-icon spyral-dv-expanded\"><svg width=\"8\" height=\"8\" class=\"open\"><path d=\"M4 7L0 1h8z\" fill=\"#000\"></path></svg><svg width=\"8\" height=\"8\" class=\"closed\"><path d=\"M7 4L1 8V0z\" fill=\"#000\"></path></svg></span></span><span class=\"spyral-dv-Node spyral-dv-right spyral-dv-expanded\"><span class=\"spyral-dv-content\" style=\"margin-left: 0px;\"><span class=\"spyral-dv-left\">#text:&nbsp;</span><span class=\"spyral-dv-String spyral-dv-right\">\"Ay, while you live, draw your neck out o' the collar.\"</span></span></span></span><span class=\"spyral-dv-content\" style=\"margin-left: 0px;\"><span class=\"spyral-dv-left spyral-dv-folder\">speech: <span class=\"spyral-dv-type\">Node</span><span class=\"spyral-dv-length\">&lt;1&gt;</span> <span class=\"spyral-dv-folder-icon spyral-dv-expanded\"><svg width=\"8\" height=\"8\" class=\"open\"><path d=\"M4 7L0 1h8z\" fill=\"#000\"></path></svg><svg width=\"8\" height=\"8\" class=\"closed\"><path d=\"M7 4L1 8V0z\" fill=\"#000\"></path></svg></span></span><span class=\"spyral-dv-Node spyral-dv-right spyral-dv-expanded\"><span class=\"spyral-dv-content\" style=\"margin-left: 0px;\"><span class=\"spyral-dv-left\">#text:&nbsp;</span><span class=\"spyral-dv-String spyral-dv-right\">\"I strike quickly, being moved.\"</span></span></span></span><span class=\"spyral-dv-content\" style=\"margin-left: 0px;\"><span class=\"spyral-dv-left spyral-dv-folder\">speech: <span class=\"spyral-dv-type\">Node</span><span class=\"spyral-dv-length\">&lt;1&gt;</span> <span class=\"spyral-dv-folder-icon spyral-dv-expanded\"><svg width=\"8\" height=\"8\" class=\"open\"><path d=\"M4 7L0 1h8z\" fill=\"#000\"></path></svg><svg width=\"8\" height=\"8\" class=\"closed\"><path d=\"M7 4L1 8V0z\" fill=\"#000\"></path></svg></span></span><span class=\"spyral-dv-Node spyral-dv-right spyral-dv-expanded\"><span class=\"spyral-dv-content\" style=\"margin-left: 0px;\"><span class=\"spyral-dv-left\">#text:&nbsp;</span><span class=\"spyral-dv-String spyral-dv-right\">\"But thou art not quickly moved to strike.\"</span></span></span></span><span class=\"spyral-dv-content\" style=\"margin-left: 0px;\"><span class=\"spyral-dv-left spyral-dv-folder\">speech: <span class=\"spyral-dv-type\">Node</span><span class=\"spyral-dv-length\">&lt;1&gt;</span> <span class=\"spyral-dv-folder-icon spyral-dv-expanded\"><svg width=\"8\" height=\"8\" class=\"open\"><path d=\"M4 7L0 1h8z\" fill=\"#000\"></path></svg><svg width=\"8\" height=\"8\" class=\"closed\"><path d=\"M7 4L1 8V0z\" fill=\"#000\"></path></svg></span></span><span class=\"spyral-dv-Node spyral-dv-right spyral-dv-expanded\"><span class=\"spyral-dv-content\" style=\"margin-left: 0px;\"><span class=\"spyral-dv-left\">#text:&nbsp;</span><span class=\"spyral-dv-String spyral-dv-right\">\"A dog of the house of Montague moves me.\"</span></span></span></span><span class=\"spyral-dv-content\" style=\"margin-left: 0px;\"><span class=\"spyral-dv-left spyral-dv-folder\">speech: <span class=\"spyral-dv-type\">Node</span><span class=\"spyral-dv-length\">&lt;1&gt;</span> <span class=\"spyral-dv-folder-icon spyral-dv-expanded\"><svg width=\"8\" height=\"8\" class=\"open\"><path d=\"M4 7L0 1h8z\" fill=\"#000\"></path></svg><svg width=\"8\" height=\"8\" class=\"closed\"><path d=\"M7 4L1 8V0z\" fill=\"#000\"></path></svg></span></span><span class=\"spyral-dv-Node spyral-dv-right spyral-dv-expanded\"><span class=\"spyral-dv-content\" style=\"margin-left: 0px;\"><span class=\"spyral-dv-left\">#text:&nbsp;</span><span class=\"spyral-dv-String spyral-dv-right\">\"To move is to stir; and to be valiant is to stand:<br>therefore, if thou art moved, thou runn'st away.\"</span></span></span></span><span class=\"spyral-dv-content\" style=\"margin-left: 0px;\"><span class=\"spyral-dv-left spyral-dv-folder\">speech: <span class=\"spyral-dv-type\">Node</span><span class=\"spyral-dv-length\">&lt;1&gt;</span> <span class=\"spyral-dv-folder-icon spyral-dv-expanded\"><svg width=\"8\" height=\"8\" class=\"open\"><path d=\"M4 7L0 1h8z\" fill=\"#000\"></path></svg><svg width=\"8\" height=\"8\" class=\"closed\"><path d=\"M7 4L1 8V0z\" fill=\"#000\"></path></svg></span></span><span class=\"spyral-dv-Node spyral-dv-right spyral-dv-expanded\"><span class=\"spyral-dv-content\" style=\"margin-left: 0px;\"><span class=\"spyral-dv-left\">#text:&nbsp;</span><span class=\"spyral-dv-String spyral-dv-right\">\"A dog of that house shall move me to stand: I will<br>take the wall of any man or maid of Montague's.\"</span></span></span></span><span class=\"spyral-dv-content\" style=\"margin-left: 0px;\"><span class=\"spyral-dv-left spyral-dv-folder\">speech: <span class=\"spyral-dv-type\">Node</span><span class=\"spyral-dv-length\">&lt;1&gt;</span> <span class=\"spyral-dv-folder-icon spyral-dv-expanded\"><svg width=\"8\" height=\"8\" class=\"open\"><path d=\"M4 7L0 1h8z\" fill=\"#000\"></path></svg><svg width=\"8\" height=\"8\" class=\"closed\"><path d=\"M7 4L1 8V0z\" fill=\"#000\"></path></svg></span></span><span class=\"spyral-dv-Node spyral-dv-right spyral-dv-expanded\"><span class=\"spyral-dv-content\" style=\"margin-left: 0px;\"><span class=\"spyral-dv-left\">#text:&nbsp;</span><span class=\"spyral-dv-String spyral-dv-right\">\"That shows thee a weak slave; for the weakest goes<br>to the wall.\"</span></span></span></span><span class=\"spyral-dv-content\">...</span></span></span></span></span></span></span></span></span></span></span></div>","mode":"xml","expandResults":false,"dataName":"xmlData"}},{"cellId":"irb37kaz","type":"text","content":"<h2>Loading the XML Data</h2><p>The cell above holds a lightly marked up version of Act 1, Scene 1 of <em>Romeo and Juiliet.&nbsp;</em>The text comes from the MIT Shakespeare site:&nbsp;<br></p><p>&nbsp; &nbsp; &nbsp; &nbsp;&nbsp;<a data-cke-saved-href=\"https://shakespeare.mit.edu/romeo_juliet/full.html\" target=\"_blank\" href=\"https://shakespeare.mit.edu/romeo_juliet/full.html\" data-tabindex-value=\"none\" tabindex=\"-1\" data-tabindex-counter=\"1\">https://shakespeare.mit.edu/romeo_juliet/full.html</a></p><p><strong>Note:&nbsp;</strong>Instead of pasting the XML into a Code Cell I could have set the Configuration of the cell to File and loaded the XML file from my local drive.</p><p>We can now load this text using the XML options that we normally set in the Voyant entry screen. This allows you to control what XPaths you use better.</p><p>To learn more about XPath see:&nbsp;<a data-cke-saved-href=\"https://www.w3schools.com/xml/xpath_intro.asp\" target=\"_blank\" href=\"https://www.w3schools.com/xml/xpath_intro.asp\" data-tabindex-value=\"none\" tabindex=\"-1\" data-tabindex-counter=\"1\">https://www.w3schools.com/xml/xpath_intro.asp</a></p><p></p>"},{"cellId":"f210yo3b","type":"code","content":{"input":"loadCorpus(xmlData, {\n  xmlContentXpath: \"//speech\", // Identifies where the content is\n  xmlDocumentsXpath: \"//speech\", // Identifies what are to be the documents\n  xmlGroupByXpath: \"//speech/@name\", // Identifies what to use to group the documents\n  xmlTitleXpath: \"//speech/@name\" // Identifies what to use to title the documents\n  }).assign(\"myCorpus\");","output":"<div class=\"spyral-dv-container\"><span class=\"spyral-dv-content\" style=\"margin-left: 0px;\"><span class=\"spyral-dv-left spyral-dv-folder\">myCorpus: <span class=\"spyral-dv-type\">Object</span><span class=\"spyral-dv-length\">{1}</span> <span class=\"spyral-dv-folder-icon spyral-dv-expanded\"><svg width=\"8\" height=\"8\" class=\"open\"><path d=\"M4 7L0 1h8z\" fill=\"#000\"></path></svg><svg width=\"8\" height=\"8\" class=\"closed\"><path d=\"M7 4L1 8V0z\" fill=\"#000\"></path></svg></span></span><span class=\"spyral-dv-Object spyral-dv-right spyral-dv-expanded\"><span class=\"spyral-dv-content\" style=\"margin-left: 0px;\"><span class=\"spyral-dv-left\">corpusid:&nbsp;</span><span class=\"spyral-dv-String spyral-dv-right\">\"c523b456c998a1b1b1b85dd540ce664b\"</span></span></span></span></div>","mode":"javascript","expandResults":true}},{"cellId":"wloc2nqv","type":"text","content":"<h2>Using Tools on our XML</h2><p>We can now use the myCorpus object to analyze our data using different tools.<br></p><p>In this first example we call the <strong>Documents</strong> tool which shows us that the GroupBy has organized our speeches into two documents by name of the speaker.</p><p></p>"},{"cellId":"p3cea7ye","type":"code","content":{"input":"myCorpus.tool(\"Documents\")","output":"<body class=\"\"><iframe style=\"width: 350px; height: 350px;\" src=\"https://voyant-tools.org/tool/Documents/?corpus=c523b456c998a1b1b1b85dd540ce664b&amp;forTool=Documents\"></iframe></body>","mode":"javascript","expandResults":true}},{"cellId":"njknqds3","type":"text","content":"<p>We can use other tools like <strong>Trends</strong> to compare the two characters.<br></p><p>For more on the Trends tool see:&nbsp;<a data-cke-saved-href=\"https://voyant-tools.org/spyral/learnspyral@gh/trends/\" target=\"_blank\" href=\"https://voyant-tools.org/spyral/learnspyral@gh/trends/\" data-tabindex-value=\"none\" tabindex=\"-1\" data-tabindex-counter=\"1\">https://voyant-tools.org/spyral/learnspyral@gh/trends/</a></p><p></p>"},{"cellId":"eju3r1y9","type":"code","content":{"input":"myCorpus.tool(\"Trends\", {style: \"width: 700px; height: 500px\"})","output":"<body class=\"\"><iframe style=\"width: 700px; height: 500px\" src=\"https://voyant-tools.org/tool/Trends/?corpus=c523b456c998a1b1b1b85dd540ce664b&amp;forTool=Trends\"></iframe></body>","mode":"javascript","expandResults":true}},{"cellId":"fz32bz13","type":"text","content":"<p>To learn more about Spyral check out our <a data-cke-saved-href=\"https://voyant-tools.org/spyral/learnspyral@gh/Tutorials/\" href=\"https://voyant-tools.org/spyral/learnspyral@gh/Tutorials/\" target=\"_blank\" data-tabindex-value=\"none\" tabindex=\"-1\" data-tabindex-counter=\"1\">Spyral Tutorials Table of Contents</a> page.</p><p>To learn more about XML see an online tutorial like the W3 Schools XML Tutorial:&nbsp;<a data-cke-saved-href=\"https://www.w3schools.com/xml/\" target=\"_blank\" href=\"https://www.w3schools.com/xml/\" data-tabindex-value=\"none\" tabindex=\"-1\" data-tabindex-counter=\"1\">https://www.w3schools.com/xml/</a></p><p></p>"}]}