{"metadata":{"title":"Using Links Tool in Spyral","userId":"learnspyral@gh","author":"learnspyral","description":"This notebook shows how to use the collocation tools in Spyral.","catalogue":true,"keywords":["spyral","collocates","corpus"],"modified":"2024-03-20T14:44:14.661Z","created":"2024-03-20T14:05:07.320Z","language":"English","license":"Creative Commons Attribution-ShareAlike (CC BY-SA)","version":"0.1"},"cells":[{"cellId":"o7dpsqnj","type":"text","content":"<p>This Spyral Notebook shows how to use the Voyant <strong>Links Tool </strong>also called&nbsp;<strong>Collocates Graph</strong>&nbsp;l (https://voyant-tools.org/docs/#!/guide/collocatesgraph)&nbsp; in Spyral, including expanded capabilities.<br></p><p>Links represents keywords and terms that occur in close proximity as a force directed network graph. Its visualization is&nbsp;a network graph where keywords in green are shown linked to collocates in maroon. You can hover over a term to see its frequency (for keywords it's the corpus frequency, for collocates it's the frequency in the context of the linked keywords).<br></p><p>This notebook shows the different parameters possible to customize the visualization using JavaScript. The different options include:​​​​</p><ul><li><strong>centralize</strong>: the term to use for centralize mode (where things are focused on a single word)</li><li><strong>context</strong>: the size of the context (the number of words on each side of the keyword)</li><li><strong>limit</strong>: the number of collocates to load for each keyword</li><li><strong>query</strong>: a query for the keywords (can be comma-separated list)</li><li><strong>stopList</strong>: a named stopword list or comma-separated list of words</li></ul><p>&nbsp;A cell with the summary of all parameters can be found&nbsp;<a data-cke-saved-href=\"#summary\" href=\"#summary\" data-tabindex-value=\"none\" tabindex=\"-1\" data-tabindex-counter=\"2\">here</a>.</p><p></p>"},{"cellId":"vlhwzfkf","type":"text","content":"<h1>Load a corpus<br></h1><p>To use the Collocatestool in Spyral, either create a new corpus in Spyral or use your corpus ID from Voyant to call up your corpus. You can also open a new Spyral notebook with your corpus from Voyant. Use the code below to input your corpus ID from Voyant (found in the URL). For more help creating a corpus, see LINK. This code assigns your corpus to a variable called myCorpus that you can use throughout the notebook to reference your corpus.</p><p></p>"},{"cellId":"mvru5ogs","type":"code","content":{"input":"loadCorpus(\"austen\").assign(\"myCorpus\");\n//Change \"austen\" to your corpus ID ","output":"<div class=\"spyral-dv-container\"><span class=\"spyral-dv-content\" style=\"margin-left: 0px;\"><span class=\"spyral-dv-left spyral-dv-folder\">myCorpus: <span class=\"spyral-dv-type\">Object</span><span class=\"spyral-dv-length\">{1}</span> <span class=\"spyral-dv-folder-icon spyral-dv-expanded\"><svg width=\"8\" height=\"8\" class=\"open\"><path d=\"M4 7L0 1h8z\" fill=\"#000\"></path></svg><svg width=\"8\" height=\"8\" class=\"closed\"><path d=\"M7 4L1 8V0z\" fill=\"#000\"></path></svg></span></span><span class=\"spyral-dv-Object spyral-dv-right spyral-dv-expanded\"><span class=\"spyral-dv-content\" style=\"margin-left: 0px;\"><span class=\"spyral-dv-left\">corpusid:&nbsp;</span><span class=\"spyral-dv-String spyral-dv-right\">\"austen\"</span></span></span></span></div>","mode":"javascript","expandResults":true}},{"cellId":"s9f5s2ld","type":"text","content":"<h2>Viewing Links Tool</h2><p>To view the Linkstool with your corpus called myCorpus, use the code below. This code displays the Cirrus tool with the default format options from Voyant. In subsequent code cells we show how to customize this visualization.</p><p></p>"},{"cellId":"i0bvi5ib","type":"code","content":{"input":"myCorpus.tool(\"collocatesgraph\");","output":"<body class=\"\"><iframe style=\"width: 350px; height: 350px;\" src=\"https://voyant-tools.org/tool/collocatesgraph/?corpus=austen&amp;forTool=collocatesgraph\"></iframe></body>","mode":"javascript","expandResults":true}},{"cellId":"cur23ion","type":"text","content":"<h1>Choosing the central term or keyword.<br></h1><p>sfsfg</p><p></p>"},{"cellId":"wmtvbwl4","type":"code","content":{"input":"myCorpus.tool(\"collocatesgraph\", {centralize:\"darcy\"} );","output":"<body class=\"\"><iframe style=\"width: 350px; height: 350px;\" src=\"https://voyant-tools.org/tool/collocatesgraph/?corpus=austen&amp;forTool=collocatesgraph&amp;centralize=darcy\"></iframe></body>","mode":"javascript","expandResults":true}},{"cellId":"bc52dhsq","type":"text","content":"<p><br>​​​​​​​<br></p><p></p>"}]}