{"metadata":{"title":"Using the Trends Tool in Spyral","userId":"learnspyral@gh","author":"Geoffrey Rockwell","description":"Shows how to call the Trends tool in Spyral.","catalogue":true,"keywords":["tutorials","Trends","Visualization","Tutorial"],"modified":"2024-04-01T23:20:56.474Z","created":"2022-11-10T00:41:22.371Z","language":"English","license":"","version":"0.1"},"cells":[{"cellId":"jqjyakz4","type":"text","content":"<p>This Spyral Notebook shows how to use the Voyant Trends tool (<a data-cke-saved-href=\"https://voyant-tools.org/docs/#!/guide/trends\" target=\"_blank\" href=\"https://voyant-tools.org/docs/#!/guide/trends\" data-tabindex-value=\"none\" tabindex=\"-1\" data-tabindex-counter=\"10\">https://voyant-tools.org/docs/#!/guide/trends</a>) in Spyral, including expanded capabilities.</p><p>The Trends tool shows a visualization of word distribution across a corpus or individual document. The default visualization is a line graph. This notebook shows the different parameters possible to customize the visualization using JavaScript. The different options include:</p><ul><li><strong>limit</strong>ing the number of terms shown</li><li><strong>searching for specific keyword terms to use in the visualization </strong>​​​​​​​</li><li><strong>changing the distribution frequency from relative to raw </strong></li><li><strong>restricting the visualization to a specific document in a multi-document corpus</strong></li><li><strong>changing the number of segments (bins) the documents are split into</strong></li><li><strong>changing the visualization type from a line graph to a barline, bar, line, area, or stacked visualization</strong></li><li><strong>editing or making a custom stopword list</strong></li><li><strong>Using categories</strong></li></ul><p>A summary of the parameters used together can be found in this <a data-cke-saved-href=\"#summary\" href=\"#summary\" data-tabindex-value=\"none\" tabindex=\"-1\" data-tabindex-counter=\"1\">cell</a>.</p>"},{"cellId":"vjfsbmzq","type":"text","content":"<h2>Loading a corpus</h2><p>To use the Trends tool in Spyral, either create a new corpus in Spyral or use your corpus ID from Voyant to call up your corpus. You can also open a new Spyral notebook with your corpus from Voyant. Use the code below to input your corpus ID from Voyant (found in the URL). For more help creating a corpus, see LINK. This code assigns your corpus to a variable called myCorpus that you can use throughout the notebook to reference your corpus</p>"},{"cellId":"kwu44vrk","type":"code","content":{"input":"loadCorpus(\"austen\").assign(\"myCorpus\");\n//Change \"austen\" to your corpus ID ","output":"<div class=\"spyral-dv-container\"><span class=\"spyral-dv-content\" style=\"margin-left: 0px;\"><span class=\"spyral-dv-left spyral-dv-folder\">myCorpus: <span class=\"spyral-dv-type\">Object</span><span class=\"spyral-dv-length\">{1}</span> <span class=\"spyral-dv-folder-icon spyral-dv-expanded\"><svg width=\"8\" height=\"8\" class=\"open\"><path d=\"M4 7L0 1h8z\" fill=\"#000\"></path></svg><svg width=\"8\" height=\"8\" class=\"closed\"><path d=\"M7 4L1 8V0z\" fill=\"#000\"></path></svg></span></span><span class=\"spyral-dv-Object spyral-dv-right spyral-dv-expanded\"><span class=\"spyral-dv-content\" style=\"margin-left: 0px;\"><span class=\"spyral-dv-left\">corpusid:&nbsp;</span><span class=\"spyral-dv-String spyral-dv-right\">\"austen\"</span></span></span></span></div>","mode":"javascript","expandResults":true}},{"cellId":"v4cnx76w","type":"text","content":"<h2>Viewing Trends Tool</h2><p>To view the Trends tool with your corpus called myCorpus, use the code below. This code displays the Trends tool with the default format options from Voyant. In subsequent code cells we show how to customize this visualization.<br></p>"},{"cellId":"aougxpqr","type":"code","content":{"input":"myCorpus.tool(\"Trends\");","output":"<body class=\"\"><iframe style=\"width: 350px; height: 350px;\" src=\"https://voyant-tools.org/tool/Trends/?corpus=austen&amp;forTool=Trends\"></iframe></body>","mode":"javascript","expandResults":true}},{"cellId":"lgpn0ew3","type":"text","content":"<h1>Limiting the number of terms shown</h1><p>By default, the Trends tool shows the first 5 high frequency words.</p><p>The <strong>limit </strong>configuration option can be used to set the number of terms shown.</p><p>To better display more terms, you might have to increase the size (width)of the visualization as in the example below.</p><p><br></p>"},{"cellId":"tbacaoax","type":"code","content":{"input":"myCorpus.tool(\"Trends\", {limit:9, \"style\": \"width:800px; height:400px\"});","output":"<body class=\"\"><iframe style=\"width:800px; height:400px\" src=\"https://voyant-tools.org/tool/Trends/?corpus=austen&amp;forTool=Trends&amp;limit=9\"></iframe></body>","mode":"javascript","expandResults":true}},{"cellId":"c2t9my2i","type":"text","content":"<p>To edit the visualization using JavaScript code, you need to edit the configuration options. The basic syntax for this approach is shown below:</p><p><code>myCorpus.tool(\"Trends\", {style: \"width: 500px; height: 500px\"});</code></p><p>Configuration options go in between curly brackets. See configuration options in detail below.</p>"},{"cellId":"f4h2stl1","type":"text","content":"<h2>Search for specific terms:<br></h2><p>You can search for specific terms in your corpus using a comma separated list. You can also use the same search parameters in Voyant to narrow down your results. For a full list hover over the question mark to the right of the text input box in the visualization.<br></p>"},{"cellId":"jnu1l3al","type":"code","content":{"input":"myCorpus.tool(\"Trends\", {query: 'love, hate'});\n//Replace the query terms with search terms relevant to your analysis","output":"<body class=\"\"><iframe style=\"width: 350px; height: 350px;\" src=\"https://voyant-tools.org/tool/Trends/?corpus=austen&amp;forTool=Trends&amp;query=love%2C+hate\"></iframe></body>","mode":"javascript","expandResults":true}},{"cellId":"uxb5v3iv","type":"text","content":"<h2>Changing the distribution frequency from relative (the default) to raw:</h2><p>Relative frequency is a measure of how often terms appear in a corpus relative to each other. Relative frequencies are given as percentages. Raw frequencies show a count of how frequently terms are used in a text.<br></p>"},{"cellId":"j2wl7nz1","type":"code","content":{"input":"myCorpus.tool(\"Trends\", {withDistributions: \"raw\"});","output":"<body class=\"\"><iframe style=\"width: 350px; height: 350px;\" src=\"https://voyant-tools.org/tool/Trends/?corpus=austen&amp;forTool=Trends&amp;withDistributions=raw\"></iframe></body>","mode":"javascript","expandResults":true}},{"cellId":"vborx54a","type":"text","content":"<h2>Selecting an individual document in a corpus to display trends and changing the number of \"bins\" or segments the documented is divided into:</h2><p>By default Voyant breaks your corpus or individual document into evenly sized sections called bins. You can change the number of segments to increase the level of specificity in your analysis or decrease it to look for larger trends.</p>"},{"cellId":"f1gugv28","type":"code","content":{"input":"// To see all the document in the corpus and their indices, you can use this code \n\nmyCorpus.titles();","output":"<div class=\"spyral-dv-container\"><span class=\"spyral-dv-content\" style=\"margin-left: 0px;\"><span class=\"spyral-dv-left spyral-dv-folder\">undefined: <span class=\"spyral-dv-type\">Array</span><span class=\"spyral-dv-length\">[8]</span> <span class=\"spyral-dv-folder-icon spyral-dv-expanded\"><svg width=\"8\" height=\"8\" class=\"open\"><path d=\"M4 7L0 1h8z\" fill=\"#000\"></path></svg><svg width=\"8\" height=\"8\" class=\"closed\"><path d=\"M7 4L1 8V0z\" fill=\"#000\"></path></svg></span></span><span class=\"spyral-dv-Array spyral-dv-right spyral-dv-expanded\"><span class=\"spyral-dv-content\" style=\"margin-left: 0px;\"><span class=\"spyral-dv-left\">0:&nbsp;</span><span class=\"spyral-dv-String spyral-dv-right\">\"1790 Love And Freindship\"</span></span><span class=\"spyral-dv-content\" style=\"margin-left: 0px;\"><span class=\"spyral-dv-left\">1:&nbsp;</span><span class=\"spyral-dv-String spyral-dv-right\">\"1805 Lady Susan\"</span></span><span class=\"spyral-dv-content\" style=\"margin-left: 0px;\"><span class=\"spyral-dv-left\">2:&nbsp;</span><span class=\"spyral-dv-String spyral-dv-right\">\"1811 Sense and Sensibility\"</span></span><span class=\"spyral-dv-content\" style=\"margin-left: 0px;\"><span class=\"spyral-dv-left\">3:&nbsp;</span><span class=\"spyral-dv-String spyral-dv-right\">\"1813 Pride and Prejudice\"</span></span><span class=\"spyral-dv-content\" style=\"margin-left: 0px;\"><span class=\"spyral-dv-left\">4:&nbsp;</span><span class=\"spyral-dv-String spyral-dv-right\">\"1814 Mansfield Park\"</span></span><span class=\"spyral-dv-content\" style=\"margin-left: 0px;\"><span class=\"spyral-dv-left\">5:&nbsp;</span><span class=\"spyral-dv-String spyral-dv-right\">\"1815 Emma\"</span></span><span class=\"spyral-dv-content\" style=\"margin-left: 0px;\"><span class=\"spyral-dv-left\">6:&nbsp;</span><span class=\"spyral-dv-String spyral-dv-right\">\"1818 Northanger Abbey\"</span></span><span class=\"spyral-dv-content\" style=\"margin-left: 0px;\"><span class=\"spyral-dv-left\">7:&nbsp;</span><span class=\"spyral-dv-String spyral-dv-right\">\"1818 Persuasion\"</span></span></span></span></div>","mode":"javascript","expandResults":true}},{"cellId":"w5vj5vgq","type":"code","content":{"input":"myCorpus.tool(\"Trends\", {docIndex: 0, bins: 12});\n//Change docIndex to reflect the number of the document in your corpus and bins to divide the document into a different number of segments. ","output":"<body class=\"\"><iframe style=\"width: 350px; height: 350px;\" src=\"https://voyant-tools.org/tool/Trends/?corpus=austen&amp;forTool=Trends&amp;docIndex=0&amp;bins=12\"></iframe></body>","mode":"javascript","expandResults":true}},{"cellId":"w0bs0ti7","type":"text","content":"<h2>Change the Chart Type<br></h2><p>You can change the type of visualization shown in Trends. Your choices are:</p><ul><li>\"<strong>barline</strong>\" which gives you both bars and a line. This is the default.<br></li><li>\"<strong>bar</strong>\" which gives you just&nbsp;a bar graph.</li><li>\"<strong>line</strong>\" which gives you just the line.<br></li><li>\"<strong>stacked</strong>\" which gives you a stacked bar.<br></li><li>\"<strong>area</strong>\" which gives you a stack of areas.<br></li></ul><p><strong>Try It:&nbsp;</strong>Try substituting the different chart types to see what you get.<br></p>"},{"cellId":"n71pptoc","type":"code","content":{"input":"myCorpus.tool(\"Trends\", {chartType: \"area\"});\n//Replace \"bar\" with \"barline\", \"line\", \"stacked\", or \"area\" for different chart types","output":"<body class=\"\"><iframe style=\"width: 350px; height: 350px;\" src=\"https://voyant-tools.org/tool/Trends/?corpus=austen&amp;forTool=Trends&amp;chartType=area\"></iframe></body>","mode":"javascript","expandResults":true}},{"cellId":"kuegmv6e","type":"text","content":"<h2>Editing or Creating a Custom StopWord List</h2><p>You can create a custom stopword list with the words that you want to hide. <br></p><p>See the full tutorial on stopword lists for more code examples:&nbsp;<a data-cke-saved-href=\"https://voyant-tools.org/spyral/learnspyral@gh/StopwordLists/\" target=\"_blank\" href=\"https://voyant-tools.org/spyral/learnspyral@gh/StopwordLists/\" data-tabindex-value=\"none\" tabindex=\"-1\" data-tabindex-counter=\"7\">https://voyant-tools.org/spyral/learnspyral@gh/StopwordLists/</a></p>"},{"cellId":"ycehtzty","type":"code","content":{"input":"myCorpus.tool(\"Trends\", {stopList: \"mr, mrs\"});\n//Indicate the terms you wish to exclude in the results via a comma separated list. Note that this overrides the default stop word list.","output":"<body class=\"\"><iframe style=\"width: 350px; height: 350px;\" src=\"https://voyant-tools.org/tool/Trends/?corpus=austen&amp;forTool=Trends&amp;stopList=mr%2C+mrs\"></iframe></body>","mode":"javascript","expandResults":true}},{"cellId":"lbpxfeeq","type":"text","content":"<h1>Using categories<br></h1><p>Specific terms or patterns of terms can be grouped into categories and visual properties attributed to the group. <br></p><p>Now we are going to use a pre-existing category set to determine the&nbsp; properties of the words in a Cirrus word cloud.</p><p>The id of the category set is \"291b1eeb79cc4ed7f5a791da08039f54\" and the category within the category set is \"@Misery\".</p><p>The category set was created in this<a data-cke-saved-href=\"https://voyant-tools.org/spyral/learnspyral@gh/categories/\" target=\"_blank\" href=\"https://voyant-tools.org/spyral/learnspyral@gh/categories/\" data-tabindex-value=\"none\" tabindex=\"-1\" data-tabindex-counter=\"5\"> notebook</a>.</p><p></p>"},{"cellId":"v2jm9m8r","type":"code","content":{"input":"myCorpus.tool(\"Trends\", {\"categories\":\"291b1eeb79cc4ed7f5a791da08039f54\", \"query\":\"@Misery\", });","output":"<body class=\"\"><iframe style=\"width: 350px; height: 350px;\" src=\"https://voyant-tools.org/tool/Trends/?corpus=austen&amp;forTool=Trends&amp;categories=291b1eeb79cc4ed7f5a791da08039f54&amp;query=%40Misery\"></iframe></body>","mode":"javascript","expandResults":true}},{"cellId":"xfm1z22k","type":"text","content":"<h2><a id=\"summary\" data-cke-saved-name=\"summary\" name=\"summary\">Summary</a> of Parameters</h2><p>The code cell below shows all the editable parameters.</p><p>For this cell to run, you have to run the cell that loads the corpus.</p>"},{"cellId":"jk2u97c4","type":"code","content":{"input":"loadCorpus(\"austen\").tool(\"Trends\", \n\t{ query: \"love, joy, sad, peace\", // Search for specific term\n    limit: 3, // Limit the number of terms. Note that this value is overridden by the number of terms in the query paremeter\n    withDistributions: \"raw\", // Change from the default relative to raw\n    docIndex: 0, // Indicate the document you wish to analyze \n    bins: 12, // Indicate the number of segments you wish to divide your corpus or document into\n    chartType: \"line\", // Change default chart type\n    stopList: \"it, and, the\", // Define a custom stop-word list as a comma separated list\n    style: \"width: 700px; height: 500px\", // Change the size of the tool panel\n    //\"categories\":\"291b1eeb79cc4ed7f5a791da08039f54\", \"query\":\"@Misery\", // show words of a categogy with predefined properties\n    });","output":"<body class=\"\"><iframe style=\"width: 700px; height: 500px\" src=\"https://voyant-tools.org/tool/Trends/?corpus=austen&amp;forTool=Trends&amp;query=love%2C+joy%2C+sad%2C+peace&amp;limit=3&amp;withDistributions=raw&amp;docIndex=0&amp;bins=12&amp;chartType=line&amp;stopList=it%2C+and%2C+the\"></iframe></body>","mode":"javascript","expandResults":true}}]}