{"metadata":{"title":"Doing Things with Strings","userId":"learnspyral@gh","author":"Geoffrey Rockwell","description":"This is a tutorial and reference to handling strings (text) in Spyral.","catalogue":false,"keywords":["Strings"," Tutorial"," Text"],"modified":"2024-03-13T19:02:20.905Z","created":"2020-05-17T18:48:08.996Z","language":"English","license":"Creative Commons Attribution (CC BY)","version":"0.1"},"cells":[{"cellId":"dybl0ejl","type":"text","content":"<p>This Spyral notebook is meant to provide an overview of how you can handle strings in Javascript in Spyral.&nbsp;<strong>Strings&nbsp;</strong>are a data type in computing that is a sequence of characters. Strings can hold text, numbers and letters, or nonsense sequences. To process texts we have to learn to manipulate strings.<br></p>"},{"cellId":"n7gbwv9n","type":"text","content":"<h1>1.0 Gathering Strings</h1><h2>1.1 Variables with Strings</h2><p>Here are some different ways to gather&nbsp;strings into variables in order to process them.</p>"},{"cellId":"ql0dzg8s","type":"code","content":{"input":"var myString = \"Hello World!\";\nvar myString2 = \"Here is a longer string that has 'quoted' text within it.\";\nvar myString3 = \"Here is a text \\\nthat crosses a line.\";\nvar myString4 = \"Here is a text with some special characters like it\\'s, backslash \\\\, and quotation marks \\\".\";\nshow(myString4); // You can change the name of the variable to show to see the others","output":"<body class=\"\"><div class=\"info\">Here is a text with some special characters like it's, backslash \\, and quotation marks \".</div></body>","mode":"javascript","expandResults":true}},{"cellId":"tnt5mwf8","type":"text","content":"<h2>1.2 Text from a Corpus</h2><p>Here is how you can get text from a corpus. Note that we create the object and then get the text from it.</p>"},{"cellId":"thjq5gze","type":"code","content":{"input":"// This will create a frankenstein object that you can use\nvar frankenstein\nloadCorpus(\"frank\").then(frankn => {\n    frankenstein = frankn; // This makes frankenstein corpus object available elsewhere as frankn\n    return frankn.tool(\"reader\"); // Show the Reader tool\n})","output":"<body class=\"\"><iframe style=\"width: 350px; height: 350px;\" src=\"https://voyant-tools.org/tool/reader/?corpus=30cb1499e84c7b83954e20ce2b35f938&amp;forTool=reader\"></iframe></body>","mode":"javascript","expandResults":true}},{"cellId":"xuagsikj","type":"text","content":"<p>You can get the raw text back out from a corpus. In this case we ask for the first 500 characters of text. You could copy and paste this into a text editor.<br></p><p><strong>Note:&nbsp;</strong>that this means others can get your text out of shared corpus.<br></p><p></p>"},{"cellId":"slurbnp8","type":"code","content":{"input":"// Now you can get the text from it.\nfrankenstein.text({limit: 500})","output":"<div class=\"spyral-dv-container\"><span class=\"spyral-dv-content\" style=\"margin-left: 0px;\"><span class=\"spyral-dv-left\"></span><span class=\"spyral-dv-String spyral-dv-right\">\"<br><br><br>   <br>      <br>         <br>            <br>               Frankenstein <br>               or, the Modern Prometheus.<br>            <br>            Mary Wollstonecraft Shelley                                             Did I request thee, Maker, from my clay                  To mould me man? Did I solicit thee                  From darkness to promote me?                              —Paradise Lost.                                                   Introduction            The Publishers of the St\"<span class=\"spyral-dv-content\">...</span></span></span></div>","mode":"javascript","expandResults":false}},{"cellId":"wn158gix","type":"text","content":"<h2>1.3&nbsp;Strings from URLs</h2><p>Here is how to get a text from a URL. Note that it uses&nbsp;</p>"},{"cellId":"vnp7o8ew","type":"code","content":{"input":"var myPage = loadCorpus(\"https://en.wikipedia.org/wiki/Voyant_Tools\").text({limit: 1000}); \n// This puts the text into a variable\n// Note that this extracts the text and deletes the HTML tags\nshow(myPage);\n","output":"<body class=\"\"><div class=\"info\">      Jump to content\n         \n         \n            \t\n            \t\t\n            \n               \t\t\t\n               \t\t\t\t\n               \n               \n                  \t\n                  \t\n                     \n                     Main menu\n                     \t\n                  \t\n                  \n                     \n                     \n                     \t\t\t\t\n                     \n                        \t\t\n                        \n                        \n                           \t\n                           \n                              \t\n                              Main menu\n                              \tmove to sidebar\n                              \thide\n                              \n                           \n                           \n                           \t\n                           \n                           \n                              \t\n                              \n                                 \t\tNavigation\n                            </div></body>","mode":"javascript","expandResults":true}},{"cellId":"y5cc9d9h","type":"text","content":"You can also get an array of web pages. See <a data-cke-saved-href=\"https://voyant-tools.org/spyral/learnspyral@gh/GatheringPages/\" target=\"_blank\" href=\"https://voyant-tools.org/spyral/learnspyral@gh/GatheringPages/\" data-tabindex-value=\"none\" tabindex=\"-1\" data-tabindex-counter=\"2\">Gathering Web Pages</a> for more examples of scraping the web.<p></p>"},{"cellId":"tf5bqlt9","type":"code","content":{"input":"// You can create a variable to contain a number of URLs that are then used as a single argument\nvar urls = [\"http://theoreti.ca\", \"https://en.wikipedia.org/wiki/Voyant_Tools\"];\nloadCorpus(urls).summary();","output":"<body class=\"\"><iframe style=\"width: 350px; height: 350px;\" src=\"https://voyant-tools.org/tool/reader/?corpus=f57a45d54460f4e1752ba46dafd3f014&amp;forTool=reader\"></iframe></body>","mode":"javascript","expandResults":true}},{"cellId":"yarw01gi","type":"code","content":{"input":"// This will get an HTML page and return it as HTML, rather than as text.\nSpyral.Load.text(\"http://theoreti.ca\").then(text => {\n    return text.replace(/</g, \"&lt;\").slice(0,1000); // This both replaces the open < so that HTML renders properly, and then slices the first 1000 characters of the text\n})","output":"<div class=\"spyral-dv-container\"><span class=\"spyral-dv-content\" style=\"margin-left: 0px;\"><span class=\"spyral-dv-left\"></span><span class=\"spyral-dv-String spyral-dv-right\">\"&amp;lt;!DOCTYPE html&gt;<br>&amp;lt;html lang=\"en-US\" class=\"no-js\"&gt;<br>&amp;lt;head&gt;<br>\t&amp;lt;meta charset=\"UTF-8\"&gt;<br>\t&amp;lt;meta name=\"viewport\" content=\"width=device-width\"&gt;<br>\t&amp;lt;link rel=\"profile\" href=\"https://gmpg.org/xfn/11\"&gt;<br>\t&amp;lt;link rel=\"pingback\" href=\"http://theoreti.ca/xmlrpc.php\"&gt;<br>\t&amp;lt;script&gt;(function(html){html.className = html.className.replace(/\\bno-js\\b/,'js')})(document.documentElement);&amp;lt;/script&gt;<br>&amp;lt;title&gt;Theoreti.ca &amp;#8211; Research notes taken on subjects around multimedia, electronic texts, and computer games.&amp;lt;/title&gt;<br>&amp;lt;meta name='robots' content='max-image-preview:large' /&gt;<br>&amp;lt;link rel=\"alternate\" type=\"application/rss+xml\" title=\"Theoreti.ca &amp;raquo; Feed\" href=\"http://theoreti.ca/?feed=rss2\" /&gt;&amp;lt;link rel=\"alternate\" type=\"application/rss+xml\" title=\"Theoreti.ca &amp;raquo; Comments Feed\" href=\"http://theoreti.ca/?feed=comments-rss2\" /&gt;&amp;lt;script&gt;window._wpemojiSettings = {\"baseUrl\":\"https:\\/\\/s.w.org\\/images\\/core\\/emoji\\/14.0.0\\/72x72\\/\",\"ext\":\".png\",\"svgUrl\":\"https:\\/\\/s.w.or\"<span class=\"spyral-dv-content\">...</span></span></span></div>","mode":"javascript","expandResults":true}},{"cellId":"dizhsxw1","type":"text","content":"<h2>1.3 Strings from a Text Field</h2><p>Here you can see how to have a field in which you can edit that can then be used as a text to be copied into a&nbsp;</p>"},{"cellId":"y76yx7f0","type":"data","content":{"input":"This is an editable text field. \n\nYou can edit all you want.\n\nYou can paste stuff in here too.\n\nThen you give it a data name for the variable where the text will be stored and click Assign.\n","output":"<div class=\"spyral-dv-container\"><span class=\"spyral-dv-content\" style=\"margin-left: 0px;\"><span class=\"spyral-dv-left\">myText:&nbsp;</span><span class=\"spyral-dv-String spyral-dv-right\">\"This is an editable text field. <br><br>You can edit all you want.<br><br>You can paste stuff in here too.<br><br>Then you give it a data name for the variable where the text will be stored and click Assign.<br>\"</span></span></div>","mode":"text","expandResults":true,"dataName":"myText"}},{"cellId":"ocsne9ay","type":"text","content":"Now you can do things with the text.<p></p>"},{"cellId":"29iled2w","type":"code","content":{"input":"var text2process = myText;\nshow(text2process); // Note how you can get the notebook to show something","output":"<body class=\"\"><div class=\"info\">This is an editable text field. \n\nYou can edit all you want.\n\nYou can paste stuff in here too.\n\nThen you give it a data name for the variable where the text will be stored and click Assign.\n</div></body>","mode":"javascript","expandResults":true}},{"cellId":"v9v4scag","type":"text","content":"<h2>1.5 Uploading Files</h2><p>You can also upload a file to be the string you want to process. To do this you have to configure (Config) a Code Cell to File. The cell below has been configured to upload a file and Assign the contents to a Data Name or variable.<br></p>"},{"cellId":"uycku566","type":"data","content":{"input":{"resourceId":"rq6g2azvq8yljhyroe3asso2ysgxffou","fileName":"RomeoAndJuliet.Act1.Scene1.txt"},"output":"<div class=\"spyral-dv-container\"><span class=\"spyral-dv-content\" style=\"margin-left: 0px;\"><span class=\"spyral-dv-left\">uploadedText:&nbsp;</span><span class=\"spyral-dv-Undefined spyral-dv-right\">[object Blob]</span></span></div>","mode":"file","expandResults":true,"dataName":"uploadedText"}},{"cellId":"u1i2amgr","type":"text","content":"Now you can do something with the uploaded text. For example we can create a corpus and use Trends to graph the common words.<p></p>"},{"cellId":"jnselug0","type":"code","content":{"input":"loadCorpus(uploadedText).tool(\"Trends\");","output":"<body class=\"\"><iframe style=\"width: 350px; height: 350px;\" src=\"https://voyant-tools.org/tool/Trends/?corpus=cd768e880c55ec74355d09142247dddd&amp;forTool=Trends\"></iframe></body>","mode":"javascript","expandResults":true}},{"cellId":"jurs7jbp","type":"text","content":"<h2>1.5 Handling XML</h2><p>Voyant and Spyral can also handle XML texts. Here is an example where a very short XML text is included in the code.&nbsp;</p><p><strong>Note&nbsp;</strong>how we specify the parameters needed so that when the corpus is loaded we have a document for each of the speakers.<br></p>"},{"cellId":"tu1akxaf","type":"code","content":{"input":"myXML = \"<doc>\\\n\t\t<sp s='Juliet'>Hello hello!</sp>\\\n\t\t<sp s='Romeo'>Hi!</sp>\\\n\t\t<sp s='Juliet'>Bye!</sp>\\\n\t\t</doc>\"\nmyText = loadCorpus(myXML, {\n    inputFormat: \"xml\",\n    language: \"en\",\n    xmlDocumentsXpath: \"//sp\",\n    xmlTitleXpath: \"//sp/@s\",\n    xmlGroupByXpath: \"//@s\",\n    });\nmyText.tool('trends');","output":"<body class=\"\"><iframe style=\"width: 350px; height: 350px;\" src=\"https://voyant-tools.org/tool/trends/?corpus=b75b567206efdf8f8f07c240188c74e9&amp;forTool=trends\"></iframe></body>","mode":"javascript","expandResults":true}},{"cellId":"zq1ze65o","type":"text","content":"<p>Next is a Code Cell configured to handle XML. We have put the opening of Romeo and Juliet encoded in simple XML. You can imagine using the XML cell to edit the XML so that you can tag the content you want to be able to use.<br></p><p>We have to Assign it to a Data Name or variable.<br></p><p></p>"},{"cellId":"6xsyj62q","type":"data","content":{"input":"<?xml version='1.0' ?>\n<text>\n\t<head>\n\t<title>Romeo and Juliet</title>\n\t<description>\n\tJust Act 1, Scene 1, opening with Sampson and Gregory\n\tEdited and XML tags added to version from https://shakespeare.mit.edu/romeo_juliet/full.html\n\tGR March 13, 2024\n\t</description>\n\t</head>\n\n<play>\n<act number=\"1\">\n<scene number=\"1\">\n<setting>Verona. A public place.</setting>\n<stageDirection>Enter SAMPSON and GREGORY, of the house of Capulet, armed with swords and bucklers</stageDirection>\n<prologue>\nTwo households, both alike in dignity,\nIn fair Verona, where we lay our scene,\nFrom ancient grudge break to new mutiny,\nWhere civil blood makes civil hands unclean.\nFrom forth the fatal loins of these two foes\nA pair of star-cross'd lovers take their life;\nWhose misadventured piteous overthrows\nDo with their death bury their parents' strife.\nThe fearful passage of their death-mark'd love,\nAnd the continuance of their parents' rage,\nWhich, but their children's end, nought could remove,\nIs now the two hours' traffic of our stage;\nThe which if you with patient ears attend,\nWhat here shall miss, our toil shall strive to mend.\n</prologue><speech name=\"Sampson\">\nGregory, o' my word, we'll not carry coals.\n</speech>\n<speech name=\"Gregory\">\nNo, for then we should be colliers.\n</speech>\n<speech name=\"Sampson\">\nI mean, an we be in choler, we'll draw.\n</speech>\n<speech name=\"Gregory\">\nAy, while you live, draw your neck out o' the collar.\n</speech>\n<speech name=\"Sampson\">\nI strike quickly, being moved.\n</speech>\n<speech name=\"Gregory\">\nBut thou art not quickly moved to strike.\n</speech>\n<speech name=\"Sampson\">\nA dog of the house of Montague moves me.\n</speech>\n<speech name=\"Gregory\">\nTo move is to stir; and to be valiant is to stand:\ntherefore, if thou art moved, thou runn'st away.\n</speech>\n<speech name=\"Sampson\">\nA dog of that house shall move me to stand: I will\ntake the wall of any man or maid of Montague's.\n</speech>\n<speech name=\"Gregory\">\nThat shows thee a weak slave; for the weakest goes\nto the wall.\n</speech>\n<speech name=\"Sampson\">\nTrue; and therefore women, being the weaker vessels,\nare ever thrust to the wall: therefore I will push\nMontague's men from the wall, and thrust his maids\nto the wall.\n</speech>\n<speech name=\"Gregory\">\nThe quarrel is between our masters and us their men.\n</speech>\n<speech name=\"Sampson\">\n'Tis all one, I will show myself a tyrant: when I\nhave fought with the men, I will be cruel with the\nmaids, and cut off their heads.\n</speech>\n<speech name=\"Gregory\">\nThe heads of the maids?\n</speech>\n<speech name=\"Sampson\">\nAy, the heads of the maids, or their maidenheads;\ntake it in what sense thou wilt.\n</speech>\n<speech name=\"Gregory\">\nThey must take it in sense that feel it.\n</speech>\n<speech name=\"Sampson\">\nMe they shall feel while I am able to stand: and\n'tis known I am a pretty piece of flesh.\n</speech>\n<speech name=\"Gregory\">\n'Tis well thou art not fish; if thou hadst, thou\nhadst been poor John. Draw thy tool! here comes\ntwo of the house of the Montagues.\n</speech>\n<speech name=\"Sampson\">\nMy naked weapon is out: quarrel, I will back thee.\n</speech>\n<speech name=\"Gregory\">\nHow! turn thy back and run?\n</speech>\n<speech name=\"Sampson\">\nFear me not.\n</speech>\n<speech name=\"Gregory\">\nNo, marry; I fear thee!\n</speech>\n<speech name=\"Sampson\">\nLet us take the law of our sides; let them begin.\n</speech>\n<speech name=\"Gregory\">\nI will frown as I pass by, and let them take it as\nthey list.\n</speech>\n<speech name=\"Sampson\">\nNay, as they dare. I will bite my thumb at them;\nwhich is a disgrace to them, if they bear it.\n</speech>\n<stageDirection>Enter ABRAHAM and BALTHASAR</stageDirection>\n<speech name=\"Ambraham\">\nDo you bite your thumb at us, sir?\n</speech>\n<speech name=\"Sampson\">\nI do bite my thumb, sir.\n</speech>\n<speech name=\"Ambraham\">\nDo you bite your thumb at us, sir?\n</speech>\n<speech name=\"Sampson\">\n[Aside to GREGORY] Is the law of our side, if I say\nay?\n</speech>\n<speech name=\"Gregory\">\nNo.\n</speech>\n<speech name=\"Sampson\">\nNo, sir, I do not bite my thumb at you, sir, but I\nbite my thumb, sir.\n</speech>\n<speech name=\"Gregory\">\nDo you quarrel, sir?\n</speech>\n<speech name=\"Ambraham\">\nQuarrel sir! no, sir.\n</speech>\n<speech name=\"Sampson\">\nIf you do, sir, I am for you: I serve as good a man as you.\n</speech>\n<speech name=\"Ambraham\">\nNo better.\n</speech>\n<speech name=\"Sampson\">\nWell, sir.\n</speech>\n<speech name=\"Gregory\">\nSay 'better:' here comes one of my master's kinsmen.\n</speech>\n<speech name=\"Sampson\">\nYes, better, sir.\n</speech>\n<speech name=\"Ambraham\">\nYou lie.\n</speech>\n<speech name=\"Sampson\">\nDraw, if you be men. Gregory, remember thy swashing blow.\n</speech>\n<stageDirection>\nThey fight\nEnter BENVOLIO\n</stageDirection>\n</scene>\n</act>\n</play>\n</text>\n","output":"<div class=\"spyral-dv-container\"><span class=\"spyral-dv-content\" style=\"margin-left: 0px;\"><span class=\"spyral-dv-left spyral-dv-folder\">myRomeo: <span class=\"spyral-dv-type\">Node</span><span class=\"spyral-dv-length\">&lt;1&gt;</span> <span class=\"spyral-dv-folder-icon spyral-dv-expanded\"><svg width=\"8\" height=\"8\" class=\"open\"><path d=\"M4 7L0 1h8z\" fill=\"#000\"></path></svg><svg width=\"8\" height=\"8\" class=\"closed\"><path d=\"M7 4L1 8V0z\" fill=\"#000\"></path></svg></span></span><span class=\"spyral-dv-Node spyral-dv-right spyral-dv-expanded\"><span class=\"spyral-dv-content\" style=\"margin-left: 0px;\"><span class=\"spyral-dv-left spyral-dv-folder\">text: <span class=\"spyral-dv-type\">Node</span><span class=\"spyral-dv-length\">&lt;5&gt;</span> <span class=\"spyral-dv-folder-icon spyral-dv-expanded\"><svg width=\"8\" height=\"8\" class=\"open\"><path d=\"M4 7L0 1h8z\" fill=\"#000\"></path></svg><svg width=\"8\" height=\"8\" class=\"closed\"><path d=\"M7 4L1 8V0z\" fill=\"#000\"></path></svg></span></span><span class=\"spyral-dv-Node spyral-dv-right spyral-dv-expanded\"><span class=\"spyral-dv-content\" style=\"margin-left: 0px;\"><span class=\"spyral-dv-left spyral-dv-folder\">head: <span class=\"spyral-dv-type\">Node</span><span class=\"spyral-dv-length\">&lt;5&gt;</span> <span class=\"spyral-dv-folder-icon spyral-dv-expanded\"><svg width=\"8\" height=\"8\" class=\"open\"><path d=\"M4 7L0 1h8z\" fill=\"#000\"></path></svg><svg width=\"8\" height=\"8\" class=\"closed\"><path d=\"M7 4L1 8V0z\" fill=\"#000\"></path></svg></span></span><span class=\"spyral-dv-Node spyral-dv-right spyral-dv-expanded\"><span class=\"spyral-dv-content\" style=\"margin-left: 0px;\"><span class=\"spyral-dv-left spyral-dv-folder\">title: <span class=\"spyral-dv-type\">Node</span><span class=\"spyral-dv-length\">&lt;1&gt;</span> <span class=\"spyral-dv-folder-icon spyral-dv-expanded\"><svg width=\"8\" height=\"8\" class=\"open\"><path d=\"M4 7L0 1h8z\" fill=\"#000\"></path></svg><svg width=\"8\" height=\"8\" class=\"closed\"><path d=\"M7 4L1 8V0z\" fill=\"#000\"></path></svg></span></span><span class=\"spyral-dv-Node spyral-dv-right spyral-dv-expanded\"><span class=\"spyral-dv-content\" style=\"margin-left: 0px;\"><span class=\"spyral-dv-left\">#text:&nbsp;</span><span class=\"spyral-dv-String spyral-dv-right\">\"Romeo and Juliet\"</span></span></span></span><span class=\"spyral-dv-content\" style=\"margin-left: 0px;\"><span class=\"spyral-dv-left spyral-dv-folder\">description: <span class=\"spyral-dv-type\">Node</span><span class=\"spyral-dv-length\">&lt;1&gt;</span> <span class=\"spyral-dv-folder-icon spyral-dv-expanded\"><svg width=\"8\" height=\"8\" class=\"open\"><path d=\"M4 7L0 1h8z\" fill=\"#000\"></path></svg><svg width=\"8\" height=\"8\" class=\"closed\"><path d=\"M7 4L1 8V0z\" fill=\"#000\"></path></svg></span></span><span class=\"spyral-dv-Node spyral-dv-right spyral-dv-expanded\"><span class=\"spyral-dv-content\" style=\"margin-left: 0px;\"><span class=\"spyral-dv-left\">#text:&nbsp;</span><span class=\"spyral-dv-String spyral-dv-right\">\"Just Act 1, Scene 1, opening with Sampson and Gregory<br>\tEdited and XML tags added to version from https://shakespeare.mit.edu/romeo_juliet/full.html<br>\tGR March 13, 2024\"</span></span></span></span></span></span><span class=\"spyral-dv-content\" style=\"margin-left: 0px;\"><span class=\"spyral-dv-left spyral-dv-folder\">play: <span class=\"spyral-dv-type\">Node</span><span class=\"spyral-dv-length\">&lt;3&gt;</span> <span class=\"spyral-dv-folder-icon spyral-dv-expanded\"><svg width=\"8\" height=\"8\" class=\"open\"><path d=\"M4 7L0 1h8z\" fill=\"#000\"></path></svg><svg width=\"8\" height=\"8\" class=\"closed\"><path d=\"M7 4L1 8V0z\" fill=\"#000\"></path></svg></span></span><span class=\"spyral-dv-Node spyral-dv-right spyral-dv-expanded\"><span class=\"spyral-dv-content\" style=\"margin-left: 0px;\"><span class=\"spyral-dv-left spyral-dv-folder\">act: <span class=\"spyral-dv-type\">Node</span><span class=\"spyral-dv-length\">&lt;3&gt;</span> <span class=\"spyral-dv-folder-icon spyral-dv-expanded\"><svg width=\"8\" height=\"8\" class=\"open\"><path d=\"M4 7L0 1h8z\" fill=\"#000\"></path></svg><svg width=\"8\" height=\"8\" class=\"closed\"><path d=\"M7 4L1 8V0z\" fill=\"#000\"></path></svg></span></span><span class=\"spyral-dv-Node spyral-dv-right spyral-dv-expanded\"><span class=\"spyral-dv-content\" style=\"margin-left: 0px;\"><span class=\"spyral-dv-left spyral-dv-folder\">scene: <span class=\"spyral-dv-type\">Node</span><span class=\"spyral-dv-length\">&lt;90&gt;</span> <span class=\"spyral-dv-folder-icon spyral-dv-expanded\"><svg width=\"8\" height=\"8\" class=\"open\"><path d=\"M4 7L0 1h8z\" fill=\"#000\"></path></svg><svg width=\"8\" height=\"8\" class=\"closed\"><path d=\"M7 4L1 8V0z\" fill=\"#000\"></path></svg></span></span><span class=\"spyral-dv-Node spyral-dv-right spyral-dv-expanded\"><span class=\"spyral-dv-content\" style=\"margin-left: 0px;\"><span class=\"spyral-dv-left spyral-dv-folder\">setting: <span class=\"spyral-dv-type\">Node</span><span class=\"spyral-dv-length\">&lt;1&gt;</span> <span class=\"spyral-dv-folder-icon spyral-dv-expanded\"><svg width=\"8\" height=\"8\" class=\"open\"><path d=\"M4 7L0 1h8z\" fill=\"#000\"></path></svg><svg width=\"8\" height=\"8\" class=\"closed\"><path d=\"M7 4L1 8V0z\" fill=\"#000\"></path></svg></span></span><span class=\"spyral-dv-Node spyral-dv-right spyral-dv-expanded\"><span class=\"spyral-dv-content\" style=\"margin-left: 0px;\"><span class=\"spyral-dv-left\">#text:&nbsp;</span><span class=\"spyral-dv-String spyral-dv-right\">\"Verona. A public place.\"</span></span></span></span><span class=\"spyral-dv-content\" style=\"margin-left: 0px;\"><span class=\"spyral-dv-left spyral-dv-folder\">stageDirection: <span class=\"spyral-dv-type\">Node</span><span class=\"spyral-dv-length\">&lt;1&gt;</span> <span class=\"spyral-dv-folder-icon spyral-dv-expanded\"><svg width=\"8\" height=\"8\" class=\"open\"><path d=\"M4 7L0 1h8z\" fill=\"#000\"></path></svg><svg width=\"8\" height=\"8\" class=\"closed\"><path d=\"M7 4L1 8V0z\" fill=\"#000\"></path></svg></span></span><span class=\"spyral-dv-Node spyral-dv-right spyral-dv-expanded\"><span class=\"spyral-dv-content\" style=\"margin-left: 0px;\"><span class=\"spyral-dv-left\">#text:&nbsp;</span><span class=\"spyral-dv-String spyral-dv-right\">\"Enter SAMPSON and GREGORY, of the house of Capulet, armed with swords and bucklers\"</span></span></span></span><span class=\"spyral-dv-content\" style=\"margin-left: 0px;\"><span class=\"spyral-dv-left spyral-dv-folder\">prologue: <span class=\"spyral-dv-type\">Node</span><span class=\"spyral-dv-length\">&lt;1&gt;</span> <span class=\"spyral-dv-folder-icon spyral-dv-expanded\"><svg width=\"8\" height=\"8\" class=\"open\"><path d=\"M4 7L0 1h8z\" fill=\"#000\"></path></svg><svg width=\"8\" height=\"8\" class=\"closed\"><path d=\"M7 4L1 8V0z\" fill=\"#000\"></path></svg></span></span><span class=\"spyral-dv-Node spyral-dv-right spyral-dv-expanded\"><span class=\"spyral-dv-content\" style=\"margin-left: 0px;\"><span class=\"spyral-dv-left\">#text:&nbsp;</span><span class=\"spyral-dv-String spyral-dv-right\">\"Two households, both alike in dignity,<br>In fair Verona, where we lay our scene,<br>From ancient grudge break to new mutiny,<br>Where civil blood makes civil hands unclean.<br>From forth the fatal loins of these two foes<br>A pair of star-cross'd lovers take their life;<br>Whose misadventured piteous overthrows<br>Do with their death bury their parents' strife.<br>The fearful passage of their death-mark'd love,<br>And the continuance of their parents' rage,<br>Which, but their children's end, nought could remove,Is now the two hours' traffic of our stage;The which if you with patient ears attend,What here shall miss, our toil shall strive to mend.\"<span class=\"spyral-dv-content\">...</span></span></span></span></span><span class=\"spyral-dv-content\" style=\"margin-left: 0px;\"><span class=\"spyral-dv-left spyral-dv-folder\">speech: <span class=\"spyral-dv-type\">Node</span><span class=\"spyral-dv-length\">&lt;1&gt;</span> <span class=\"spyral-dv-folder-icon spyral-dv-expanded\"><svg width=\"8\" height=\"8\" class=\"open\"><path d=\"M4 7L0 1h8z\" fill=\"#000\"></path></svg><svg width=\"8\" height=\"8\" class=\"closed\"><path d=\"M7 4L1 8V0z\" fill=\"#000\"></path></svg></span></span><span class=\"spyral-dv-Node spyral-dv-right spyral-dv-expanded\"><span class=\"spyral-dv-content\" style=\"margin-left: 0px;\"><span class=\"spyral-dv-left\">#text:&nbsp;</span><span class=\"spyral-dv-String spyral-dv-right\">\"Gregory, o' my word, we'll not carry coals.\"</span></span></span></span><span class=\"spyral-dv-content\" style=\"margin-left: 0px;\"><span class=\"spyral-dv-left spyral-dv-folder\">speech: <span class=\"spyral-dv-type\">Node</span><span class=\"spyral-dv-length\">&lt;1&gt;</span> <span class=\"spyral-dv-folder-icon spyral-dv-expanded\"><svg width=\"8\" height=\"8\" class=\"open\"><path d=\"M4 7L0 1h8z\" fill=\"#000\"></path></svg><svg width=\"8\" height=\"8\" class=\"closed\"><path d=\"M7 4L1 8V0z\" fill=\"#000\"></path></svg></span></span><span class=\"spyral-dv-Node spyral-dv-right spyral-dv-expanded\"><span class=\"spyral-dv-content\" style=\"margin-left: 0px;\"><span class=\"spyral-dv-left\">#text:&nbsp;</span><span class=\"spyral-dv-String spyral-dv-right\">\"No, for then we should be colliers.\"</span></span></span></span><span class=\"spyral-dv-content\" style=\"margin-left: 0px;\"><span class=\"spyral-dv-left spyral-dv-folder\">speech: <span class=\"spyral-dv-type\">Node</span><span class=\"spyral-dv-length\">&lt;1&gt;</span> <span class=\"spyral-dv-folder-icon spyral-dv-expanded\"><svg width=\"8\" height=\"8\" class=\"open\"><path d=\"M4 7L0 1h8z\" fill=\"#000\"></path></svg><svg width=\"8\" height=\"8\" class=\"closed\"><path d=\"M7 4L1 8V0z\" fill=\"#000\"></path></svg></span></span><span class=\"spyral-dv-Node spyral-dv-right spyral-dv-expanded\"><span class=\"spyral-dv-content\" style=\"margin-left: 0px;\"><span class=\"spyral-dv-left\">#text:&nbsp;</span><span class=\"spyral-dv-String spyral-dv-right\">\"I mean, an we be in choler, we'll draw.\"</span></span></span></span><span class=\"spyral-dv-content\" style=\"margin-left: 0px;\"><span class=\"spyral-dv-left spyral-dv-folder\">speech: <span class=\"spyral-dv-type\">Node</span><span class=\"spyral-dv-length\">&lt;1&gt;</span> <span class=\"spyral-dv-folder-icon spyral-dv-expanded\"><svg width=\"8\" height=\"8\" class=\"open\"><path d=\"M4 7L0 1h8z\" fill=\"#000\"></path></svg><svg width=\"8\" height=\"8\" class=\"closed\"><path d=\"M7 4L1 8V0z\" fill=\"#000\"></path></svg></span></span><span class=\"spyral-dv-Node spyral-dv-right spyral-dv-expanded\"><span class=\"spyral-dv-content\" style=\"margin-left: 0px;\"><span class=\"spyral-dv-left\">#text:&nbsp;</span><span class=\"spyral-dv-String spyral-dv-right\">\"Ay, while you live, draw your neck out o' the collar.\"</span></span></span></span><span class=\"spyral-dv-content\" style=\"margin-left: 0px;\"><span class=\"spyral-dv-left spyral-dv-folder\">speech: <span class=\"spyral-dv-type\">Node</span><span class=\"spyral-dv-length\">&lt;1&gt;</span> <span class=\"spyral-dv-folder-icon spyral-dv-expanded\"><svg width=\"8\" height=\"8\" class=\"open\"><path d=\"M4 7L0 1h8z\" fill=\"#000\"></path></svg><svg width=\"8\" height=\"8\" class=\"closed\"><path d=\"M7 4L1 8V0z\" fill=\"#000\"></path></svg></span></span><span class=\"spyral-dv-Node spyral-dv-right spyral-dv-expanded\"><span class=\"spyral-dv-content\" style=\"margin-left: 0px;\"><span class=\"spyral-dv-left\">#text:&nbsp;</span><span class=\"spyral-dv-String spyral-dv-right\">\"I strike quickly, being moved.\"</span></span></span></span><span class=\"spyral-dv-content\" style=\"margin-left: 0px;\"><span class=\"spyral-dv-left spyral-dv-folder\">speech: <span class=\"spyral-dv-type\">Node</span><span class=\"spyral-dv-length\">&lt;1&gt;</span> <span class=\"spyral-dv-folder-icon spyral-dv-expanded\"><svg width=\"8\" height=\"8\" class=\"open\"><path d=\"M4 7L0 1h8z\" fill=\"#000\"></path></svg><svg width=\"8\" height=\"8\" class=\"closed\"><path d=\"M7 4L1 8V0z\" fill=\"#000\"></path></svg></span></span><span class=\"spyral-dv-Node spyral-dv-right spyral-dv-expanded\"><span class=\"spyral-dv-content\" style=\"margin-left: 0px;\"><span class=\"spyral-dv-left\">#text:&nbsp;</span><span class=\"spyral-dv-String spyral-dv-right\">\"But thou art not quickly moved to strike.\"</span></span></span></span><span class=\"spyral-dv-content\" style=\"margin-left: 0px;\"><span class=\"spyral-dv-left spyral-dv-folder\">speech: <span class=\"spyral-dv-type\">Node</span><span class=\"spyral-dv-length\">&lt;1&gt;</span> <span class=\"spyral-dv-folder-icon spyral-dv-expanded\"><svg width=\"8\" height=\"8\" class=\"open\"><path d=\"M4 7L0 1h8z\" fill=\"#000\"></path></svg><svg width=\"8\" height=\"8\" class=\"closed\"><path d=\"M7 4L1 8V0z\" fill=\"#000\"></path></svg></span></span><span class=\"spyral-dv-Node spyral-dv-right spyral-dv-expanded\"><span class=\"spyral-dv-content\" style=\"margin-left: 0px;\"><span class=\"spyral-dv-left\">#text:&nbsp;</span><span class=\"spyral-dv-String spyral-dv-right\">\"A dog of the house of Montague moves me.\"</span></span></span></span><span class=\"spyral-dv-content\">...</span></span></span></span></span></span></span></span></span></span></span></div>","mode":"xml","expandResults":true,"dataName":"myRomeo"}},{"cellId":"o7ostwhr","type":"text","content":"<p>Now we can load it into a corpus and call the Trends too with a specific query.<br></p><p><strong>Note&nbsp;</strong>how I use parameters for the&nbsp;<br></p><p></p>"},{"cellId":"m2skiqpn","type":"code","content":{"input":"myText = loadCorpus(myRomeo, {\n  \tinputFormat: \"xml\",\n    language: \"en\",\n    xmlDocumentsXpath: \"//speech\",\n    xmlTitleXpath: \"//speech/@name\",\n    xmlGroupByXpath: \"//@name\",\n    });\nmyText.tool('Trends', {\n    query: \"maid*, thumb*\",\n\twithDistributions: \"raw\",\n  \tchartType: \"bar\",\n\t});","output":"<body class=\"\"><iframe style=\"width: 350px; height: 350px;\" src=\"https://voyant-tools.org/tool/Trends/?corpus=36abc11088f211486e7b1ea18b130953&amp;forTool=Trends&amp;query=maid*%2C+thumb*&amp;withDistributions=raw&amp;chartType=bar\"></iframe></body>","mode":"javascript","expandResults":true}},{"cellId":"1iazq0ov","type":"text","content":"<h1></h1><h1>2.0 Manipulating Strings</h1><p>Here we can see ways of manipulating strings with different JavaScript methods.</p>"},{"cellId":"q0ofnluh","type":"text","content":"<h2>2.1 Simple String Methods</h2><p>Here are some simple methods.</p><ul><li>.length</li><li>.indexOf</li><li>.lastIndexOf</li><li>.search</li><li>.toUpperCase and .toLowerCase</li><li>.concat(string2, string3&nbsp;...)</li></ul>"},{"cellId":"lz92fkwr","type":"code","content":{"input":"var myString = \"Here is some text with a don't and a comma, in the middle of the text.\";\n// Now I am going to do things with it\ntheLength = myString.length; // This gets the length in characters\ntheIndex = myString.indexOf(\"text\"); // This gives you the index of the first instance of the word \"text\"\ntheLastIndex = myString.lastIndexOf(\"text\"); // This gives you the index of the last instance of the word \"text\"\nshow(\"Length: \" + theLength + \", Index of first: \" + theIndex + \", Index of last: \" + theLastIndex);","output":"<body class=\"\"><div class=\"info\">Length: 70, Index of first: 13, Index of last: 65</div></body>","mode":"javascript","expandResults":true}},{"cellId":"nhar4bit","type":"text","content":"Now here is some code that will first CAPITALIZE the whole text, insert a new line, and then lower case it.<p></p>"},{"cellId":"59ggu42v","type":"code","content":{"input":"myString.toUpperCase().concat(\"\\n\", myString.toLowerCase()) // note use of concat()","output":"<div class=\"spyral-dv-container\"><span class=\"spyral-dv-content\" style=\"margin-left: 0px;\"><span class=\"spyral-dv-left\"></span><span class=\"spyral-dv-String spyral-dv-right\">\"HERE IS SOME TEXT WITH A DON'T AND A COMMA, IN THE MIDDLE OF THE TEXT.<br>here is some text with a don't and a comma, in the middle of the text.\"</span></span></div>","mode":"javascript","expandResults":true}},{"cellId":"zww51dun","type":"text","content":"<h2>2.2 Slicing sections of a string</h2><p>There are a number of ways to search and slice text.&nbsp;</p><ul><li>.slice(start , stop)</li><li>.substring(start, stop) // Cannot accept negative indexes</li><li>.substr(start, length) // the second parameter is the length of the slice</li></ul>"},{"cellId":"cuwoj69e","type":"code","content":{"input":"let theLoc = myString.indexOf(\"comma\");\nmyString.slice(theLoc - 15, theLoc + 20);","output":"<div class=\"spyral-dv-container\"><span class=\"spyral-dv-content\" style=\"margin-left: 0px;\"><span class=\"spyral-dv-left\"></span><span class=\"spyral-dv-String spyral-dv-right\">\" a don't and a comma, in the middle\"</span></span></div>","mode":"javascript","expandResults":true}},{"cellId":"bnbbk4b8","type":"text","content":"<h2>2.3 Tokenizing (Converting string to array)</h2><p>You can use the .<code>split(what to split on)</code>&nbsp;to tokenize a text into tokens.</p><p>For stuff on regular expressions see:&nbsp;<a data-cke-saved-href=\"https://www.w3schools.com/js/js_regexp.asp\" href=\"https://www.w3schools.com/js/js_regexp.asp\" data-tabindex-value=\"none\" tabindex=\"-1\" data-tabindex-counter=\"3\">https://www.w3schools.com/js/js_regexp.asp</a></p>"},{"cellId":"5qjs3tx7","type":"code","content":{"input":"var myText = \"Here is some text with a don't and a comma, in the middle of the text.\"; \n\nmyText.split(); // This returns entire string\nmyText.split(\"\"); // This returns each character\nmyText.split(\" \"); // Splits on spaces\n\npatt = /a/i; // This creates a regular expression pattern\nmyText.split(patt) // Splits on letter \"a\" and removes it\n\npatt = /[ ,.!?-]+/i;\nmyText.toLowerCase().split(patt) // Here we lowercase and then split on a set of characters including punctuation","output":"<div class=\"spyral-dv-container\"><span class=\"spyral-dv-content\" style=\"margin-left: 0px;\"><span class=\"spyral-dv-left spyral-dv-folder\">undefined: <span class=\"spyral-dv-type\">Array</span><span class=\"spyral-dv-length\">[17]</span> <span class=\"spyral-dv-folder-icon spyral-dv-expanded\"><svg width=\"8\" height=\"8\" class=\"open\"><path d=\"M4 7L0 1h8z\" fill=\"#000\"></path></svg><svg width=\"8\" height=\"8\" class=\"closed\"><path d=\"M7 4L1 8V0z\" fill=\"#000\"></path></svg></span></span><span class=\"spyral-dv-Array spyral-dv-right spyral-dv-expanded\"><span class=\"spyral-dv-content\" style=\"margin-left: 0px;\"><span class=\"spyral-dv-left\">0:&nbsp;</span><span class=\"spyral-dv-String spyral-dv-right\">\"here\"</span></span><span class=\"spyral-dv-content\" style=\"margin-left: 0px;\"><span class=\"spyral-dv-left\">1:&nbsp;</span><span class=\"spyral-dv-String spyral-dv-right\">\"is\"</span></span><span class=\"spyral-dv-content\" style=\"margin-left: 0px;\"><span class=\"spyral-dv-left\">2:&nbsp;</span><span class=\"spyral-dv-String spyral-dv-right\">\"some\"</span></span><span class=\"spyral-dv-content\" style=\"margin-left: 0px;\"><span class=\"spyral-dv-left\">3:&nbsp;</span><span class=\"spyral-dv-String spyral-dv-right\">\"text\"</span></span><span class=\"spyral-dv-content\" style=\"margin-left: 0px;\"><span class=\"spyral-dv-left\">4:&nbsp;</span><span class=\"spyral-dv-String spyral-dv-right\">\"with\"</span></span><span class=\"spyral-dv-content\" style=\"margin-left: 0px;\"><span class=\"spyral-dv-left\">5:&nbsp;</span><span class=\"spyral-dv-String spyral-dv-right\">\"a\"</span></span><span class=\"spyral-dv-content\" style=\"margin-left: 0px;\"><span class=\"spyral-dv-left\">6:&nbsp;</span><span class=\"spyral-dv-String spyral-dv-right\">\"don't\"</span></span><span class=\"spyral-dv-content\" style=\"margin-left: 0px;\"><span class=\"spyral-dv-left\">7:&nbsp;</span><span class=\"spyral-dv-String spyral-dv-right\">\"and\"</span></span><span class=\"spyral-dv-content\" style=\"margin-left: 0px;\"><span class=\"spyral-dv-left\">8:&nbsp;</span><span class=\"spyral-dv-String spyral-dv-right\">\"a\"</span></span><span class=\"spyral-dv-content\" style=\"margin-left: 0px;\"><span class=\"spyral-dv-left\">9:&nbsp;</span><span class=\"spyral-dv-String spyral-dv-right\">\"comma\"</span></span><span class=\"spyral-dv-content\">...</span></span></span></div>","mode":"javascript","expandResults":true}},{"cellId":"zp3m0htl","type":"text","content":"<strong>Try It:&nbsp;</strong>Try commenting out some of the lines to try different ways of splitting the text.<p></p>"},{"cellId":"aqmp3zl0","type":"text","content":"<h2>2.3.2 Tokenizing with Voyant</h2><p>You can also tokenize with Voyant. See&nbsp;<a data-cke-saved-href=\"https://voyant-tools.org/docs/#!/api/Spyral.Corpus-cfg-tokenization\" href=\"https://voyant-tools.org/docs/#!/api/Spyral.Corpus-cfg-tokenization\" data-tabindex-value=\"none\" tabindex=\"-1\" data-tabindex-counter=\"3\" id=\"ext-element-144\" target=\"_blank\">https://voyant-tools.org/docs/#!/api/Spyral.Corpus-cfg-tokenization</a></p>"},{"cellId":"5r8tydd1","type":"code","content":{"input":"theWords = loadCorpus(\"What's voyant-tools.org?\", {tokenization: \"wordBoundaries\"}).words(); \n// Note how one can change the tokenization strategy; try \"whitespace\" as a strategy\ntheWords;","output":"<div class=\"spyral-dv-container\"><span class=\"spyral-dv-content\" style=\"margin-left: 0px;\"><span class=\"spyral-dv-left spyral-dv-folder\">undefined: <span class=\"spyral-dv-type\">Array</span><span class=\"spyral-dv-length\">[5]</span> <span class=\"spyral-dv-folder-icon spyral-dv-expanded\"><svg width=\"8\" height=\"8\" class=\"open\"><path d=\"M4 7L0 1h8z\" fill=\"#000\"></path></svg><svg width=\"8\" height=\"8\" class=\"closed\"><path d=\"M7 4L1 8V0z\" fill=\"#000\"></path></svg></span></span><span class=\"spyral-dv-Array spyral-dv-right spyral-dv-expanded\"><span class=\"spyral-dv-content\" style=\"margin-left: 0px;\"><span class=\"spyral-dv-left\">0:&nbsp;</span><span class=\"spyral-dv-String spyral-dv-right\">\"What\"</span></span><span class=\"spyral-dv-content\" style=\"margin-left: 0px;\"><span class=\"spyral-dv-left\">1:&nbsp;</span><span class=\"spyral-dv-String spyral-dv-right\">\"s\"</span></span><span class=\"spyral-dv-content\" style=\"margin-left: 0px;\"><span class=\"spyral-dv-left\">2:&nbsp;</span><span class=\"spyral-dv-String spyral-dv-right\">\"voyant\"</span></span><span class=\"spyral-dv-content\" style=\"margin-left: 0px;\"><span class=\"spyral-dv-left\">3:&nbsp;</span><span class=\"spyral-dv-String spyral-dv-right\">\"tools\"</span></span><span class=\"spyral-dv-content\" style=\"margin-left: 0px;\"><span class=\"spyral-dv-left\">4:&nbsp;</span><span class=\"spyral-dv-String spyral-dv-right\">\"org\"</span></span></span></span></div>","mode":"javascript","expandResults":true}},{"cellId":"r4vy22df","type":"text","content":"<strong>Note</strong>&nbsp;how tokenizing on word boundaries is aggressive and splits on all punctuation. Whitespace is less aggressive.<p></p>"},{"cellId":"qv8579k2","type":"text","content":"<h2>2.4 A Simple Concordance</h2><p>Now we can see how to create a simple concordance of a word from a text.</p>"},{"cellId":"m1lraevl","type":"data","content":{"input":"This morning at 7am I was up participating in a DARIAH VX (Virtual Exchange) on the subject of The Scholarly Primitives of Scholarly Meetings. This virtual seminar was set up when DARIAH’s f2f (face-2-face) meeting was postponed. The VX was to my mind a great example of an intentionally designed virtual event. Jennifer Edmunds and colleagues put together an event meant to be both about and an example of a virtual seminar.\n\nOne feature they used was to have us all split into smaller breakout rooms. I was in one on The Academic Footprint: Sustainable methods for knowledge exchange. I presented on Academic Footprint: Moving Ideas Not People which discussed our experience with the Around the World Econferences. I shared some of the advice from the Quick Guide I wrote on Organizing a Conference Online.","output":"<div class=\"spyral-dv-container\"><span class=\"spyral-dv-content\" style=\"margin-left: 0px;\"><span class=\"spyral-dv-left\">theText:&nbsp;</span><span class=\"spyral-dv-String spyral-dv-right\">\"This morning at 7am I was up participating in a DARIAH VX (Virtual Exchange) on the subject of The Scholarly Primitives of Scholarly Meetings. This virtual seminar was set up when DARIAH’s f2f (face-2-face) meeting was postponed. The VX was to my mind a great example of an intentionally designed virtual event. Jennifer Edmunds and colleagues put together an event meant to be both about and an example of a virtual seminar.<br><br>One feature they used was to have us all split into smaller breakout rooms. I was in one on The Academic Footprint: Sustainable methods for knowledge exchange. I presented on Academic Footprint: Moving Ideas Not People which discussed our experience with the Around the World Econferences. I shared some of the advice from the Quick Guide I wrote on Organizing a Conference Online.\"</span></span></div>","mode":"text","expandResults":false,"dataName":"theText"}},{"cellId":"4zbwe05u","type":"code","content":{"input":"// First we get the text\nvar myTextAbove = theText;\n\n// Now we tokenize and lowercase\npatt = /[ ,.!?-]+/i;\nmyArray = myTextAbove.toLowerCase().split(patt);\n\n// Now we create some useful variables\nvar listOfConc = \"Concordances:<br>\"; // We create the variable and put some text in it.\n\n// Now we put up a prompt for a word to concord\nvar searchTerm = prompt(\"Please enter word to concord:\", \"the\").toLowerCase();\n\n// Here is the concordance context length in words.\nvar concLength = 5\n\n// Here we do the main loop on each word.\nmyArray.forEach(getConcordance); // Here we call the forEach method on the array and then run the function myFunction on each item.\n\n// This function checks the word and if it is the one we want, it calls the next function to get the words for the concordance.\nfunction getConcordance(theValue, theIndex, theArray) {\n  if (theValue == searchTerm) { // Here is where we test to see if the value we want is there. If it is we build a simple concordance\n    listOfConc += findTheWords(theIndex, theArray); \n  };\n};\n\n// This starts with the index of the word we want and gets the words on either side.\nfunction findTheWords(theFoundIndex, theArrayWithFound) {\n    let theTextLine = \"\";\n    for (i = 0; i < concLength*2; i++) {\n        index2Check = theFoundIndex - concLength + i;\n        if ((0 <= index2Check) || (index2Check < theArrayWithFound.length)) {\n            theTextLine += theArrayWithFound[index2Check] + \" \";\n        }\n    }\n    return theTextLine + \"<br/>\";\n}\n\n// Finally, we show the results\nshow(listOfConc);","output":"<body class=\"\"><div class=\"info\">Concordances:<br>dariah vx (virtual exchange) on the subject of the scholarly <br>exchange) on the subject of the scholarly primitives of scholarly <br>2 face) meeting was postponed the vx was to my <br>i was in one on the academic footprint: sustainable methods <br>which discussed our experience with the around the world econferences <br>our experience with the around the world econferences i shared <br>econferences i shared some of the advice from the quick <br>some of the advice from the quick guide i wrote <br></div></body>","mode":"javascript","expandResults":true}},{"cellId":"dmj2o1st","type":"text","content":"<h2>2.5 Corpus Object</h2><p>This shows how you can create an object constructor for a Corpus object that can then return various properties and methods.</p>"},{"cellId":"p3fjanik","type":"code","content":{"input":"\n// This is the Corpus object constructor\nfunction Corpus(sourceText) {\n    this.fullText = sourceText; // This gives us the full text\n    this.shortText = sourceText.slice(0,400); // This gives us a short slice\n    this.tokens = tokenize(sourceText);    // This gives the tokens. Alternatively we can call the function() {return sourceText.toLowerCase().split(/[ ,.!?-]+/i)};\n    this.numWords = this.tokens.length; // This gives the number of words\n    this.summary = function() {return \"This corpus has \" + this.numWords + \" words.\"}; // This method returns a summary\n};\n\n// This is a method \nfunction tokenize(toTokenize) {\n    return toTokenize.toLowerCase().split(/[ ,.!?-]+/i);\n    }\n\ntheText = \"Hello, how do you do? I am fine, thank you!\"\nvar firstText = new Corpus(theText);\nfirstText.tokens + \" \" + firstText.summary(); // Note how the count is off by one word because of the final exclamation mark\n","output":"<div class=\"spyral-dv-container\"><span class=\"spyral-dv-content\" style=\"margin-left: 0px;\"><span class=\"spyral-dv-left\"></span><span class=\"spyral-dv-String spyral-dv-right\">\"hello,how,do,you,do,i,am,fine,thank,you, This corpus has 11 words.\"</span></span></div>","mode":"javascript","expandResults":true}},{"cellId":"axkq35au","type":"text","content":"<h2>2.6 Counting words</h2><p>Here is code the creates an object with word/count properties.<br></p>"},{"cellId":"bvb08xi9","type":"code","content":{"input":"// Set the text to process\ntheText = \"Hello, how do you do?\";\n\n// Create an empty wordcounts object\nvar wordcounts = {};\n\n// Function that tokenizes\nfunction tokenize(toTokenize) {\n    return toTokenize.toLowerCase().split(/[ ,.!?-]+/i);\n};\n\n// Tokenize the text and create an array\nvar theTokens = tokenize(theText);\n\n// Go through the array and add to the count for each word put in the wordcounts object\ntheTokens.forEach(addCount);\n\n// The function that looks in the wordcounts object to see if we have a property with the name of the word and then\n// either creates the property with a value of 1 or increments the value.\nfunction addCount(theValue, theIndex, theArray) {\n    if (typeof(wordcounts[theValue]) === 'undefined') {\n        wordcounts[theValue] = 1;\n    } else {\n        wordcounts[theValue] += 1;\n    }\n}\n\n// This then lists all the properties and their values in the object\nlet theList = \"\"\nfor(key in wordcounts) {\n    theList += key + \": \" + wordcounts[key] + \"<br />\";\n}\nshow(theList);","output":"<body class=\"\"><div class=\"info\">hello: 1<br>how: 1<br>do: 2<br>you: 1<br>: 1<br></div></body>","mode":"javascript","expandResults":true}},{"cellId":"amwalx17","type":"text","content":"<h2>More</h2><p>For more see the <a data-cke-saved-href=\"https://voyant-tools.org/spyral/learnspyral@gh/Tutorials/\" target=\"_blank\" href=\"https://voyant-tools.org/spyral/learnspyral@gh/Tutorials/\" data-tabindex-value=\"none\" tabindex=\"-1\" data-tabindex-counter=\"1\">Tutorials</a> notebook.</p><p><br></p>"}]}