{"metadata":{"title":"Using Collocates in Spyral","userId":"learnspyral@gh","author":"learnspyral","description":"This notebook is a tutorial of how to use the collocates tool in Spyral.","catalogue":false,"keywords":["collocates","tutorial"],"modified":"2024-04-11T21:31:55.841Z","created":"2024-04-02T04:16:12.378Z","language":"English","license":"Creative Commons Attribution-ShareAlike (CC BY-SA)","version":"0.1"},"cells":[{"cellId":"haz0avuy","type":"text","content":"<p>This notebook shows how to use the Voyant-Tools Collocates tool (<a data-cke-saved-href=\"https://voyant-tools.org/docs/#!/guide/corpuscollocates\" target=\"_blank\" href=\"https://voyant-tools.org/docs/#!/guide/corpuscollocates\">https://voyant-tools.org/docs/#!/guide/corpuscollocates</a>) in Spyral's notebook environment.<br></p><p>Collocates is a table view of which terms appear more frequently in proximity to keywords across the entire corpus.&nbsp;Below are some of the parameters that can be used with the tool.<br></p><ul><li><strong>context</strong>: the size of the context (the number of words on each side of the keyword)</li><li><strong>style</strong>: can be used to set the size of the visualization</li><li><strong>docIndex</strong>: used to select a particular document in the corpus.<br></li><li><strong>query</strong>: a query for the keywords (can be comma-separated list)</li><li><strong>sort</strong>: sort order of collocates, one of&nbsp;<code>contextTermRawFreq</code>,&nbsp;<code>contextTermRawFreq</code>,&nbsp;<code>rawFreq</code>,&nbsp;<code>term</code></li><li><strong>stopList</strong>: a named stopword list or comma-separated list of words</li></ul><p>This notebook ends with a cell that has a summary of all the parameters. Click <a data-cke-saved-href=\"#summ\" href=\"#summ\">here </a>to view this cell.<br></p>"},{"cellId":"jfdyds6i","type":"text","content":"<h2>Loading a Corpus</h2><p>To use the Collocate tool in Spyral, either create a new corpus in Spyral or use your corpus ID from Voyant to call up your corpus. You can also open a new Spyral notebook with your corpus from Voyant. Use the code below to input your corpus ID from Voyant (found in the URL). Change \"austen\" to your corpus ID.&nbsp;For more help creating a corpus, see <a data-cke-saved-href=\"https://voyant-tools.org/spyral/learnspyral@gh/data/\" target=\"_blank\" href=\"https://voyant-tools.org/spyral/learnspyral@gh/data/\">LINK</a>. This code assigns your corpus to a variable called myCorpus that you can use throughout the notebook to reference your corpus.</p><p></p>"},{"cellId":"l169fdmb","type":"code","content":{"input":"loadCorpus(\"austen\").assign(\"myCorpus\");\n//Change \"austen\" to your corpus ID ","output":"<div class=\"spyral-dv-container\"><span class=\"spyral-dv-content\" style=\"margin-left: 0px;\"><span class=\"spyral-dv-left spyral-dv-folder\">myCorpus: <span class=\"spyral-dv-type\">Object</span><span class=\"spyral-dv-length\">{1}</span> <span class=\"spyral-dv-folder-icon spyral-dv-expanded\"><svg width=\"8\" height=\"8\" class=\"open\"><path d=\"M4 7L0 1h8z\" fill=\"#000\"></path></svg><svg width=\"8\" height=\"8\" class=\"closed\"><path d=\"M7 4L1 8V0z\" fill=\"#000\"></path></svg></span></span><span class=\"spyral-dv-Object spyral-dv-right spyral-dv-expanded\"><span class=\"spyral-dv-content\" style=\"margin-left: 0px;\"><span class=\"spyral-dv-left\">corpusid:&nbsp;</span><span class=\"spyral-dv-String spyral-dv-right\">\"austen\"</span></span></span></span></div>","mode":"javascript","expandResults":true}},{"cellId":"bvzjcegr","type":"text","content":"<h2>Viewing the Collocates Tool</h2><p>To view the Links tool with your corpus called myCorpus, use the code below. This code displays the Links tool with the default format options from Voyant. In subsequent code cells we show how to customize this visualization.</p><p>The table view shows the following three columns by default:</p><ul><li><em>Term</em>: this is the keyword (or keywords) being searched</li><li><em>Collocate</em>: these are the words found in proximity of each keyword</li><li><em>Count (context)</em>: this is the frequency of the collocate occurring in proximity to the keyword</li></ul><p></p>"},{"cellId":"deirvnzk","type":"code","content":{"input":"myCorpus.tool(\"CorpusCollocates\");","output":"<body class=\"\"><iframe style=\"width: 350px; height: 350px;\" src=\"https://voyant-tools.org/tool/CorpusCollocates/?corpus=austen&amp;forTool=CorpusCollocates\"></iframe></body>","mode":"javascript","expandResults":true}},{"cellId":"vw3hd9kq","type":"text","content":"<h2>Increasing the size of the visualization<br></h2><p>To have a better view of the visualization which has the configurations options in the user interface, we can increase the size of the visualization with the style parameter.</p><p></p>"},{"cellId":"w0d8vu5c","type":"code","content":{"input":"myCorpus.tool(\"CorpusCollocates\", {style:\"height:500px; width:500px\"});","output":"<body class=\"\"><iframe style=\"height:500px; width:500px\" src=\"https://voyant-tools.org/tool/CorpusCollocates/?corpus=austen&amp;forTool=CorpusCollocates\"></iframe></body>","mode":"javascript","expandResults":true}},{"cellId":"dmrr0qx9","type":"text","content":"<h2>Choosing a particular document in a corpus<br></h2><p>We can choose a document in the corpus by using the index of the document in the corpus. as shown below. To see the index of all the documents in the corpus, we can use myCorpus.titles()</p><p></p>"},{"cellId":"lrlwno1f","type":"code","content":{"input":"myCorpus.tool(\"CorpusCollocates\", {docIndex: 0})\n\n//you can first run myCorpus.titles() in another cell to get the list of documents in the corpus.","output":"<body class=\"\"><iframe style=\"width: 350px; height: 350px;\" src=\"https://voyant-tools.org/tool/CorpusCollocates/?corpus=austen&amp;forTool=CorpusCollocates&amp;docIndex=0\"></iframe></body>","mode":"javascript","expandResults":true}},{"cellId":"oaiddn1u","type":"text","content":"<h2>Context Parameter<br></h2><p>The context parameter is used to determine the number of words on each side of the keyword when searching for collocates.</p><p>The default number of words is 5.</p><p></p>"},{"cellId":"jhyte0i3","type":"code","content":{"input":"myCorpus.tool(\"CorpusCollocates\", {context: 2});","output":"<body class=\"\"><iframe style=\"width: 350px; height: 350px;\" src=\"https://voyant-tools.org/tool/CorpusCollocates/?corpus=austen&amp;forTool=CorpusCollocates&amp;context=2\"></iframe></body>","mode":"javascript","expandResults":true}},{"cellId":"v0izk6nu","type":"text","content":"<h2>Querying specific words</h2><p>By default the collocates tool shows the collocates of the high frequency words. We can set the keyword(s) for which we want to view collocates using the query parameter.&nbsp;<br></p><p></p>"},{"cellId":"otf6xnnv","type":"code","content":{"input":"myCorpus.tool(\"CorpusCollocates\", {query: \"sense, dear, sad\"});","output":"<body class=\"\"><iframe style=\"width: 350px; height: 350px;\" src=\"https://voyant-tools.org/tool/CorpusCollocates/?corpus=austen&amp;forTool=CorpusCollocates&amp;query=sense%2C+dear%2C+sad\"></iframe></body>","mode":"javascript","expandResults":true}},{"cellId":"vsgdmond","type":"text","content":"<h2>Sorting Keywords<br></h2><p>To determine how the keywords are displayed, we can use the sort parameter. the main options are&nbsp;contextTermRawFreq, rawFreq, and term. The default option is the contextTermRawFreq which sorts by th eraw frequency of the collocate term. The rawFreq option sorts by keyword. it displays all the collocates of one eyword before moving to the next keyword.<br></p><p></p>"},{"cellId":"hmqtln19","type":"code","content":{"input":"myCorpus.tool(\"CorpusCollocates\", {sort: \"term\",});\n","output":"<body class=\"\"><iframe style=\"width: 350px; height: 350px;\" src=\"https://voyant-tools.org/tool/CorpusCollocates/?corpus=austen&amp;forTool=CorpusCollocates&amp;sort=term\"></iframe></body>","mode":"javascript","expandResults":true}},{"cellId":"vobj2ns8","type":"text","content":"<h2>Custom Stopword List<br></h2><p>We can provide a list of words we do not want to appear in the keyword and collocates. Note that the list of words we provide overrides Spyral's default stopword list.</p><p></p>"},{"cellId":"jtv2hsm4","type":"code","content":{"input":"myCorpus.tool(\"CorpusCollocates\", {stopList: \"mr, mrs, miss, of, the, and, to, i\"});","output":"<body class=\"\"><iframe style=\"width: 350px; height: 350px;\" src=\"https://voyant-tools.org/tool/CorpusCollocates/?corpus=austen&amp;forTool=CorpusCollocates&amp;stopList=mr%2C+mrs%2C+miss%2C+of%2C+the%2C+and%2C+to%2C+i\"></iframe></body>","mode":"javascript","expandResults":true}},{"cellId":"f4yiqa36","type":"text","content":"<h2><a id=\"summ\" name=\"summ\" data-cke-saved-name=\"summ\">Summary</a> of Parameters</h2><p>The code cell below shows all the tool parameters used in a single call of the tool method.<br></p><p></p>"},{"cellId":"vkpuiqh1","type":"code","content":{"input":"myCorpus.tool(\"CorpusCollocates\", {\n  context: 3,\n  style:\"height:500px; width:500px\",\n  docIndex: \"2\",\n  query: \"happy, sad\",\n  sort:\"rawFreq\",\n  stopList:\"mr, mrs, miss, of, the, and, to, i\"\n});","output":"<body class=\"\"><iframe style=\"height:500px; width:500px\" src=\"https://voyant-tools.org/tool/CorpusCollocates/?corpus=austen&amp;forTool=CorpusCollocates&amp;context=3&amp;docIndex=2&amp;query=happy%2C+sad&amp;sort=rawFreq&amp;stopList=mr%2C+mrs%2C+miss%2C+of%2C+the%2C+and%2C+to%2C+i\"></iframe></body>","mode":"javascript","expandResults":true}}]}