{"metadata":{"title":"Loading Data in Spyral\t","userId":"learnspyral@gh","author":"Kaylin Land and Geoffrey Rockwell","description":"Tutorial for loading data.","catalogue":true,"keywords":["tutorial","Data"],"modified":"2024-03-03T15:27:37.749Z","created":"2022-02-01T19:04:07.777Z","language":"English","license":"Creative Commons Attribution (CC BY)","version":"0.1"},"cells":[{"cellId":"d9e7jga6","type":"text","content":"<p>This Spyral Notebook is designed to show you how to load different data formats into Spyral. You will often want to load texts in different formats into Spyral for analysis.<br></p><p><strong>Using Code Cells</strong><br></p><p>In general, you load data by creating a Code Cell and then changing its configuration so it can either open a local file or you can copy and paste data into the cell. The key <strong>configuration modes</strong> for the Code Cell are:<br></p><ul><li><b>File</b></li><li><b>JSON</b></li><li><b>Text</b></li><li><b>XML</b></li><li><b>HTML</b>​​​​​​​</li></ul>"},{"cellId":"zqm5368a","type":"text","content":"<h2>File</h2><p>To upload a file from your local machine for use in analysis in Spyral, you will need to <strong>Create a Code Cell</strong> and then change of the <strong>Config</strong> of the code cell by clicking on the configuration options menu item on the left-hand side of the code cell.</p><p style=\"text-align: center;\"><img alt=\"Screenshot of buttons including Config menu\" data-cke-saved-src=\"https://github.com/learnspyral/assets/blob/main/ConfigCodeCell.jpg?raw=true\" src=\"https://github.com/learnspyral/assets/blob/main/ConfigCodeCell.jpg?raw=true\" style=\"width: 100px; height: 123px;\"></p><p>This will open the <strong>Cell Mode dialog</strong> and allow you to select the data type of the code cell. To upload a file, select the \"<strong>File</strong>\" option under \"Data\" (see image). By default, all code cells are JavaScript. To upload a file, simply change the cell data type to file and click <strong>OK</strong>.<br></p><p style=\"text-align: center;\"><img alt=\"\" data-cke-saved-src=\"https://raw.githubusercontent.com/wiki/voyanttools/Voyant/images/using-spyral-images/Cell_Mode.png\" src=\"https://raw.githubusercontent.com/wiki/voyanttools/Voyant/images/using-spyral-images/Cell_Mode.png\" style=\"width: 200px; height: 270px;\">​​​​​​​</p><p>The next cell is a File configured cell.</p>"},{"cellId":"g2ee1vd6","type":"data","content":{"input":{},"output":"<body>\n\t\n</body>","mode":"file","expandResults":true}},{"cellId":"yq7nl5di","type":"text","content":"<h3>Loading Data and Assigning It to a Variable</h3><p>To actually load the data you have to click on the&nbsp;<strong>Choose a file ...&nbsp;</strong>button and use your computers file system.</p><p>Then you need to <strong>Assign</strong> a variable name to it that you can use for further processing. For example, you can create a copus and open tools.</p><p>Spyral supports most document formats. It will extract data from HTML, MS Word, MS Excel, ODT, Pages, PDF, plain text, RTF and others </p><p><strong>Try It:&nbsp;</strong>​​​​​​​Try loading a file of some sort with the cell above.<br></p><p></p>"},{"cellId":"poa722m8","type":"text","content":"<h2>JSON</h2><p>JSON stands for JavaScript Object Notation and is one way of representing structured data. It is commonly used in Web applications. For example, if you are working with Twitter data, you will be working with JSON. RSS feeds can also be represented in JSON thought they are often represented in XML.&nbsp;</p><p>To import JSON data into Spyral, <strong>change the code cell mode to JSON</strong> by clicking on the <strong>Config&nbsp;</strong>menu item on the left-hand side of a code cell. <br></p><p><strong>Note:&nbsp;</strong>You will need to copy and paste your JSON data into the cell box and <strong>Assign</strong> it an object name.&nbsp;<br></p>"},{"cellId":"pptbk4c4","type":"data","content":{"input":"{\n    \"rss\": {\n            \"items\": [{\n                \"title\": \"A Special Event\",\n                \"description\": \"A Special Teleconference for our customers about our products\",\n                \"link\": \"http://www.yourdomain.com/events.htm\",\n                \"author\": \"Joe Blow\"\n            },{\n                \"title\": \"Announcing new Products\",\n                \"description\": \"Announcing a new line of products\",\n                \"link\": \"http://www.yourdomain.com/events.htm\",\n                \"author\": \"Joe Blow\"\n            }]\n    }\n}","output":"<div class=\"spyral-dv-container\"><span class=\"spyral-dv-content\" style=\"margin-left: 0px;\"><span class=\"spyral-dv-left spyral-dv-folder\">sampleRSS: <span class=\"spyral-dv-type\">Object</span><span class=\"spyral-dv-length\">{1}</span> <span class=\"spyral-dv-folder-icon spyral-dv-expanded\"><svg width=\"8\" height=\"8\" class=\"open\"><path d=\"M4 7L0 1h8z\" fill=\"#000\"></path></svg><svg width=\"8\" height=\"8\" class=\"closed\"><path d=\"M7 4L1 8V0z\" fill=\"#000\"></path></svg></span></span><span class=\"spyral-dv-Object spyral-dv-right spyral-dv-expanded\"><span class=\"spyral-dv-content\" style=\"margin-left: 0px;\"><span class=\"spyral-dv-left spyral-dv-folder\">rss: <span class=\"spyral-dv-type\">Object</span><span class=\"spyral-dv-length\">{1}</span> <span class=\"spyral-dv-folder-icon spyral-dv-expanded\"><svg width=\"8\" height=\"8\" class=\"open\"><path d=\"M4 7L0 1h8z\" fill=\"#000\"></path></svg><svg width=\"8\" height=\"8\" class=\"closed\"><path d=\"M7 4L1 8V0z\" fill=\"#000\"></path></svg></span></span><span class=\"spyral-dv-Object spyral-dv-right spyral-dv-expanded\"><span class=\"spyral-dv-content\" style=\"margin-left: 0px;\"><span class=\"spyral-dv-left spyral-dv-folder\">items: <span class=\"spyral-dv-type\">Array</span><span class=\"spyral-dv-length\">[2]</span> <span class=\"spyral-dv-folder-icon spyral-dv-expanded\"><svg width=\"8\" height=\"8\" class=\"open\"><path d=\"M4 7L0 1h8z\" fill=\"#000\"></path></svg><svg width=\"8\" height=\"8\" class=\"closed\"><path d=\"M7 4L1 8V0z\" fill=\"#000\"></path></svg></span></span><span class=\"spyral-dv-Array spyral-dv-right spyral-dv-expanded\"><span class=\"spyral-dv-content\" style=\"margin-left: 0px;\"><span class=\"spyral-dv-left spyral-dv-folder\">0: <span class=\"spyral-dv-type\">Object</span><span class=\"spyral-dv-length\">{4}</span> <span class=\"spyral-dv-folder-icon spyral-dv-expanded\"><svg width=\"8\" height=\"8\" class=\"open\"><path d=\"M4 7L0 1h8z\" fill=\"#000\"></path></svg><svg width=\"8\" height=\"8\" class=\"closed\"><path d=\"M7 4L1 8V0z\" fill=\"#000\"></path></svg></span></span><span class=\"spyral-dv-Object spyral-dv-right spyral-dv-expanded\"><span class=\"spyral-dv-content\" style=\"margin-left: 0px;\"><span class=\"spyral-dv-left\">title:&nbsp;</span><span class=\"spyral-dv-String spyral-dv-right\">\"A Special Event\"</span></span><span class=\"spyral-dv-content\" style=\"margin-left: 0px;\"><span class=\"spyral-dv-left\">description:&nbsp;</span><span class=\"spyral-dv-String spyral-dv-right\">\"A Special Teleconference for our customers about our products\"</span></span><span class=\"spyral-dv-content\" style=\"margin-left: 0px;\"><span class=\"spyral-dv-left\">link:&nbsp;</span><span class=\"spyral-dv-String spyral-dv-right\">\"http://www.yourdomain.com/events.htm\"</span></span><span class=\"spyral-dv-content\" style=\"margin-left: 0px;\"><span class=\"spyral-dv-left\">author:&nbsp;</span><span class=\"spyral-dv-String spyral-dv-right\">\"Joe Blow\"</span></span></span></span><span class=\"spyral-dv-content\" style=\"margin-left: 0px;\"><span class=\"spyral-dv-left spyral-dv-folder\">1: <span class=\"spyral-dv-type\">Object</span><span class=\"spyral-dv-length\">{4}</span> <span class=\"spyral-dv-folder-icon spyral-dv-expanded\"><svg width=\"8\" height=\"8\" class=\"open\"><path d=\"M4 7L0 1h8z\" fill=\"#000\"></path></svg><svg width=\"8\" height=\"8\" class=\"closed\"><path d=\"M7 4L1 8V0z\" fill=\"#000\"></path></svg></span></span><span class=\"spyral-dv-Object spyral-dv-right spyral-dv-expanded\"><span class=\"spyral-dv-content\" style=\"margin-left: 0px;\"><span class=\"spyral-dv-left\">title:&nbsp;</span><span class=\"spyral-dv-String spyral-dv-right\">\"Announcing new Products\"</span></span><span class=\"spyral-dv-content\" style=\"margin-left: 0px;\"><span class=\"spyral-dv-left\">description:&nbsp;</span><span class=\"spyral-dv-String spyral-dv-right\">\"Announcing a new line of products\"</span></span><span class=\"spyral-dv-content\" style=\"margin-left: 0px;\"><span class=\"spyral-dv-left\">link:&nbsp;</span><span class=\"spyral-dv-String spyral-dv-right\">\"http://www.yourdomain.com/events.htm\"</span></span><span class=\"spyral-dv-content\" style=\"margin-left: 0px;\"><span class=\"spyral-dv-left\">author:&nbsp;</span><span class=\"spyral-dv-String spyral-dv-right\">\"Joe Blow\"</span></span></span></span></span></span></span></span></span></span></div>","mode":"json","expandResults":true,"dataName":"sampleRSS"}},{"cellId":"soejb26q","type":"text","content":"<h2>Text</h2><p>You can also&nbsp;<strong>type,</strong>&nbsp;<strong>edit</strong> or&nbsp;<strong>paste in</strong>&nbsp;plain text by changing the code cell mode to <strong>Text</strong>. Create a Code Cell, change its configuration, and then enter your text in the code cell and assign the text an object name.</p>"},{"cellId":"kjrd41j7","type":"data","content":{"input":"https://en.wikipedia.org/wiki/Voyant_Tools\nhttps://theoreti.ca","output":"<div class=\"spyral-dv-container\"><span class=\"spyral-dv-content\" style=\"margin-left: 0px;\"><span class=\"spyral-dv-left\">sampleText:&nbsp;</span><span class=\"spyral-dv-String spyral-dv-right\">\"https://en.wikipedia.org/wiki/Voyant_Tools<br>https://theoreti.ca\"</span></span></div>","mode":"text","expandResults":true,"dataName":"sampleText"}},{"cellId":"yt73w501","type":"text","content":"<p>For example, I could maintain a list of URLs that I want Spyral to get the text from. Then I could ask Spyral to get each web page (as a separate document) and create a corpus. Then I can call a tool like Trends on the corpus.<br></p><p>See the notebook <a data-cke-saved-href=\"https://voyant-tools.org/spyral/learnspyral@gh/GatheringPages/\" target=\"_blank\" href=\"https://voyant-tools.org/spyral/learnspyral@gh/GatheringPages/\" data-tabindex-value=\"none\" tabindex=\"-1\" data-tabindex-counter=\"1\">Gathering Web Pages</a> for a recipe with more on this.</p><p></p>"},{"cellId":"c9lgysye","type":"code","content":{"input":"var linesArray = sampleText.split(/\\r?\\n/);\nloadCorpus(linesArray).tool(\"Trends\");","output":"<body class=\"\"><iframe style=\"width: 350px; height: 350px;\" src=\"https://voyant-tools.org/tool/Trends/?corpus=881b255613f741ac443cd82ae35ccd25&amp;forTool=Trends\"></iframe></body>","mode":"javascript","expandResults":true}},{"cellId":"eocl9oc7","type":"text","content":"<h2>XML</h2><p>You can access data in XML format in the same fashion by changing the cell mode to <strong>XML</strong>. Change the configuration of a Code Cell to XML. You can then type, edit, and paste in XML. Assign it an object name so you can use it in further processes.</p><p>Here is an XML Code Cell with a fragment of <strong>Romeo and Juliet</strong>. Note how Spyral colourizes the text to help read the XML. It will also catch errors if you run it.</p>"},{"cellId":"fe6gm5xs","type":"data","content":{"input":"<?xml version='1.0' ?>\n<text>\n\t<head>\n\t<title>Romeo and Juliet</title>\n\t<description>\n\tJust Act 1, Scene 1 opening conversation between Sampson and Gregory\n\tPrologue and Stage Directions Deleted\n\tLightly edited version from https://shakespeare.mit.edu/romeo_juliet/full.html\n\tGR Feb. 14, 2024\n\t</description>\n\t</head>\n\n<play>\n\t<act number=\"1\">\n\t\t<scene number=\"1\">\n<speech name=\"Sampson\">\nGregory, o' my word, we'll not carry coals.\n</speech>\n<speech name=\"Gregory\">\nNo, for then we should be colliers.\n</speech>\n<speech name=\"Sampson\">\nI mean, an we be in choler, we'll draw.\n</speech>\n<speech name=\"Gregory\">\nAy, while you live, draw your neck out o' the collar.\n</speech>\n<speech name=\"Sampson\">\nI strike quickly, being moved.\n</speech>\n<speech name=\"Gregory\">\nBut thou art not quickly moved to strike.\n</speech>\n<speech name=\"Sampson\">\nA dog of the house of Montague moves me.\n</speech>\n<speech name=\"Gregory\">\nTo move is to stir; and to be valiant is to stand:\ntherefore, if thou art moved, thou runn'st away.\n</speech>\n<speech name=\"Sampson\">\nA dog of that house shall move me to stand: I will\ntake the wall of any man or maid of Montague's.\n</speech>\n<speech name=\"Gregory\">\nThat shows thee a weak slave; for the weakest goes\nto the wall.\n</speech>\n<speech name=\"Sampson\">\nTrue; and therefore women, being the weaker vessels,\nare ever thrust to the wall: therefore I will push\nMontague's men from the wall, and thrust his maids\nto the wall.\n</speech>\n<speech name=\"Gregory\">\nThe quarrel is between our masters and us their men.\n</speech>\n<speech name=\"Sampson\">\n'Tis all one, I will show myself a tyrant: when I\nhave fought with the men, I will be cruel with the\nmaids, and cut off their heads.\n</speech>\n<speech name=\"Gregory\">\nThe heads of the maids?\n</speech>\n<speech name=\"Sampson\">\nAy, the heads of the maids, or their maidenheads;\ntake it in what sense thou wilt.\n</speech>\n<speech name=\"Gregory\">\nThey must take it in sense that feel it.\n</speech>\n<speech name=\"Sampson\">\nMe they shall feel while I am able to stand: and\n'tis known I am a pretty piece of flesh.\n</speech>\n<speech name=\"Gregory\">\n'Tis well thou art not fish; if thou hadst, thou\nhadst been poor John. Draw thy tool! here comes\ntwo of the house of the Montagues.\n</speech>\n<speech name=\"Sampson\">\nMy naked weapon is out: quarrel, I will back thee.\n</speech>\n<speech name=\"Gregory\">\nHow! turn thy back and run?\n</speech>\n<speech name=\"Sampson\">\nFear me not.\n</speech>\n<speech name=\"Gregory\">\nNo, marry; I fear thee!\n</speech>\n<speech name=\"Sampson\">\nLet us take the law of our sides; let them begin.\n</speech>\n<speech name=\"Gregory\">\nI will frown as I pass by, and let them take it as\nthey list.\n</speech>\n<speech name=\"Sampson\">\nNay, as they dare. I will bite my thumb at them;\nwhich is a disgrace to them, if they bear it.\n</speech>\n</scene>\n</act>\n</play>\n</text>\n","output":"<body>\n\t\n</body>","mode":"xml","expandResults":true,"dataName":"someXML"}},{"cellId":"ccznwsr0","type":"text","content":"<p>You can now do something with the XML. For example, load the XML and set the options so that speakers are documents.<br></p><p>Here is an example from the longer recipe on <a data-cke-saved-href=\"https://voyant-tools.org/spyral/learnspyral@gh/DoingWithXML/\" target=\"_blank\" href=\"https://voyant-tools.org/spyral/learnspyral@gh/DoingWithXML/\" data-tabindex-value=\"none\" tabindex=\"-1\" data-tabindex-counter=\"1\">Doing Things with XML</a>. It loads a corpus that you could then use.</p><p></p>"},{"cellId":"jm2bl1sd","type":"code","content":{"input":"loadCorpus(someXML, {\n  xmlContentXpath: \"//speech\", // Identifies where the content is\n  xmlDocumentsXpath: \"//speech\", // Identifies what are to be the documents\n  xmlGroupByXpath: \"//speech/@name\", // Identifies what to use to group the documents\n  xmlTitleXpath: \"//speech/@name\" // Identifies what to use to title the documents\n  }).assign(\"myCorpus\");","output":"<div class=\"spyral-dv-container\"><span class=\"spyral-dv-content\" style=\"margin-left: 0px;\"><span class=\"spyral-dv-left spyral-dv-folder\">myCorpus: <span class=\"spyral-dv-type\">Object</span><span class=\"spyral-dv-length\">{1}</span> <span class=\"spyral-dv-folder-icon spyral-dv-expanded\"><svg width=\"8\" height=\"8\" class=\"open\"><path d=\"M4 7L0 1h8z\" fill=\"#000\"></path></svg><svg width=\"8\" height=\"8\" class=\"closed\"><path d=\"M7 4L1 8V0z\" fill=\"#000\"></path></svg></span></span><span class=\"spyral-dv-Object spyral-dv-right spyral-dv-expanded\"><span class=\"spyral-dv-content\" style=\"margin-left: 0px;\"><span class=\"spyral-dv-left\">corpusid:&nbsp;</span><span class=\"spyral-dv-String spyral-dv-right\">\"03d610d9daa872e3ee35c48bea2931f5\"</span></span></span></span></div>","mode":"javascript","expandResults":true}},{"cellId":"l3uyhu62","type":"text","content":"<h2>HTML</h2><p>Similarly to XML, you can type or paste in data in HTML format. Change the cell configuration to HTML. Enter your HTML code by typing it, or copying and pasting it into the cell and assign it an object name.&nbsp;</p>"},{"cellId":"hz5427nd","type":"text","content":"<h2>Other Ways of Loading Data</h2><p>There are other ways of loading data in Spyral. Here are some:<br></p><ul><li>You can load data the way you normally would with Voyant starting with the <a data-cke-saved-href=\"https://voyant-tools.org\" target=\"_blank\" href=\"https://voyant-tools.org\" data-tabindex-value=\"none\" tabindex=\"-1\" data-tabindex-counter=\"1\">Entry Screen</a>. Once loaded you can copy the Corpus ID number or you could Export a Spyral Notebook of one of the panels.&nbsp;</li><li>You can use Spyral to load the text from web pages by providing the URLs. See the cell above where an array of multiple URLs are retrieved and loaded as a corpus.</li></ul>"}]}