{"metadata":{"title":"Using collocates in Spyral","userId":"learnspyral@gh","author":"learnspyral","description":"This notebook shows how to use the collocation tools in Spyral.","catalogue":true,"keywords":["spyral","collocates","corpus"],"modified":"2024-03-20T14:09:00.824Z","created":"2024-03-20T14:05:07.320Z","language":"English","license":"Creative Commons Attribution-ShareAlike (CC BY-SA)","version":"0.1"},"cells":[{"cellId":"yewx9sxh","type":"text","content":"\n\t\t\t<p>This is a Spyral Notebook, a dynamic document that combines writing, code and data in service of reading, analyzing and interpreting digital texts.</p>\n\t\t\t<p>Spyral Notebooks are composed of text cells (like this one) and code cells (like the one below). You can click on the cells to edit them and add new cells by clicking add icon that appears in the left column when hovering over a cell.</p>\n\t\t\t<p>To learn more check out our <a href=\"https://voyant-tools.org/spyral/learnspyral@gh/Tutorials/\" target=\"_blank\" data-tabindex-value=\"none\" tabindex=\"-1\" data-tabindex-counter=\"1\">Spyral Tutorials Table of Contents</a> page.</p>\n\t\t\t"},{"cellId":"mvru5ogs","type":"code","content":{"input":"This Spyral Notebook shows how to use the Voyant Cirrus tool (https://voyant-tools.org/docs/#!/guide/cirrus) in Spyral, including expanded capabilities.\n\nThe Cirrus tool is a word cloud that visualizes the top frequency words of a corpus or document. This notebook shows the different parameters possible to customize the visualization using JavaScript. The different options include:​​​​\n\nChange the Size of the Tool Panel\nfontFamily: the default font to use for the words (default: \"Palatino Linotype\", \"Book Antiqua\", \"Arial\", \"Lucida\"),\n​​​​​​​categories: set the categories for the word cloud (usually an ID of an existing categories definition)\nlimit: the number of terms to load  and visible: the number of terms to display in the word cloud (default is 50)\ndocIndex: document index to restrict to (can be comma-separated list)\ninlineData: user-defined data, most easily expressed like this: love:20,like:15,dear:10,child:6\nstopList: a named stopword list or comma-separated list of words\nwhiteList: a keyword list – terms will be limited to this list\nA cell with the summary of all parameters can be found here.","output":"<body>\n\t\n</body>","mode":"javascript","expandResults":true}}]}