{"metadata":{"title":"Available Categories","userId":"learnspyral@gh","author":"Ryan Chartier","description":"","catalogue":true,"keywords":["tutorial","tutorials"],"modified":"2024-06-16T16:10:48.121Z","created":"2024-05-28T14:46:49.707Z","language":"English","license":"","version":"0.1"},"cells":[{"cellId":"kn5z1a49","type":"text","content":"<h2>How To Use this Notebook<br></h2><p>Below is a complete listing of Harvard Inquirer category sets available through Voyant. <br type=\"_moz\"></p><p>All of the below cateogry sets and thier accompanying documentation can be found on the Harvard Inquirer page  <a data-cke-saved-href=\"https://inquirer.sites.fas.harvard.edu/homecat.htm\" target=\"_blank\" href=\"https://inquirer.sites.fas.harvard.edu/homecat.htm\">here</a>.<br type=\"_moz\"></p><p>Each category set contains a set number and a short description that I've copied here for easy reference. Please see their accompanying documentation page at the above link.<br type=\"_moz\"></p><p>All available categories are in the bulleted list below; again, see the above Harvard page for a more robust description of these categories.<br type=\"_moz\"></p>"},{"cellId":"ahgafucb","type":"text","content":"<h2>Loading a Category Set Example<br type=\"_moz\"></h2><p></p>"},{"cellId":"c8i4g8z3","type":"code","content":{"input":"var cat_id = \"not loaded yet\"\nlet category_set_name = \"categories.h_object\"\n\nSpyral.Categories\n  .load(category_set_name)\n  .then(x => x.save())\n  .then(x => cat_id = x);","output":"<div class=\"spyral-dv-container\"><span style=\"margin-left: 0px;\" class=\"spyral-dv-content\"><span class=\"spyral-dv-left\">cat_id:&nbsp;</span><span class=\"spyral-dv-String spyral-dv-right\">\"a358cbaff21eee12ce67c2b9bcdd4403\"</span></span></div>","mode":"javascript","expandResults":true}},{"cellId":"dp2r7dmu","type":"text","content":"<h2>View Categories in Category set Example<br type=\"_moz\"></h2><p></p>"},{"cellId":"xt39rp9l","type":"code","content":{"input":"function category_set_scan(category_set) {\n  Object.keys(category_set.getCategories()).forEach(x => {\n    show(x);\n  })\n}\n\nlet category_set_name = \"categories.h_object\"\n\nSpyral.Categories\n  .load(category_set_name)\n  .then(category_set_scan)","output":"<body class=\"\"><div class=\"info\">Object</div><div class=\"info\">Tool</div><div class=\"info\">Vehicle</div><div class=\"info\">ComnObj</div><div class=\"info\">BodyPt</div><div class=\"info\">BldgPt</div></body>","mode":"javascript","expandResults":true}},{"cellId":"zef7n6qw","type":"text","content":"<h2>Verify Words in Category Example<br type=\"_moz\"></h2><p></p>"},{"cellId":"mpvn5opx","type":"code","content":{"input":"var cat_id = \"not loaded yet\"\nlet category_set_name = \"categories.h_object\"\nlet category_name = \"Tool\"\n\nfunction category_scan(category_set) {\n  let category = category_set.getCategories()[category_name]\n  category.forEach((x, index) => {\n    if (index <= 5) {\n      show(x);\n    }\n  })\n  show(\"...\")\n}\n\n\nSpyral.Categories\n  .load(category_set_name)\n  .then(category_scan)","output":"<body class=\"\"><div class=\"info\">acquisition</div><div class=\"info\">air</div><div class=\"info\">aluminum</div><div class=\"info\">ammunition</div><div class=\"info\">anchor</div><div class=\"info\">apparatus</div><div class=\"info\">...</div></body>","mode":"javascript","expandResults":true}},{"cellId":"zdccm3sr","type":"text","content":"<h2>Currently Available Categories<br type=\"_moz\"></h2><p>Full documentation of these categories can be found <a data-cke-saved-href=\"https://inquirer.sites.fas.harvard.edu/homecat.htm\" target=\"_blank\" href=\"https://inquirer.sites.fas.harvard.edu/homecat.htm\">here</a>. These are just the category sets and categories currently available to be loaded.<br type=\"_moz\"></p><p></p>"},{"cellId":"xl8trexg","type":"text","content":"<h3>Two large valence categories<br type=\"_moz\"></h3><p>1) categories.en (default)<br type=\"_moz\"></p><ul><li>positive<br type=\"_moz\"></li><li>negative<br type=\"_moz\"></li></ul><p></p>"},{"cellId":"h7gci9wn","type":"text","content":"<h3><font color=\"#000000\">\"Osgood\" three semantic dimensions.</font><br type=\"_moz\"></h3><p>2) categories.h_posneg<br type=\"_moz\"></p><ul><li>Negativ</li><li>Weak</li><li>Passive</li><li>Submit</li><li>Hostile</li><li>Positiv</li><li>Affil</li><li>Active<br type=\"_moz\"></li><li>Strong</li><li>Power<br type=\"_moz\"></li></ul><p></p>"},{"cellId":"pi2cxjsb","type":"text","content":"<h3><font color=\"#000000\">Words of pleasure, pain, virtue and vice.</font><br type=\"_moz\"></h3><p>3) categories.h_pleasurepain<br type=\"_moz\"></p><ul><li>Arousal</li><li>Virtue</li><li>Vice</li><li>Pain</li><li>Pleasur<br type=\"_moz\"></li><li>EMOT<br type=\"_moz\"></li><li>Feel<br type=\"_moz\"></li></ul><p></p>"},{"cellId":"w1lgoivi","type":"text","content":"<h3><font color=\"#000000\"><font color=\"#000000\">Words indicating overstatement and understatement, often reflecting presence or lack of emotional expressiveness:</font></font><br type=\"_moz\"></h3><p>4) categories.h_overunderstate<br type=\"_moz\"></p><ul><li>Ovrst<br type=\"_moz\"></li><li>Undrst<br type=\"_moz\"></li></ul><p></p>"},{"cellId":"pziszsm2","type":"text","content":"<h3><font color=\"#000000\"><font color=\"#000000\">Words reflecting the language of a particular \"institution\"</font></font><br type=\"_moz\"></h3><p>5) categories.h_institution<br type=\"_moz\"></p><ul><li>Doctrin</li><li>ECON</li><li>Academ</li><li>Econ@</li><li>Legal<br type=\"_moz\"></li><li>Exprsv<br type=\"_moz\"></li><li>Polit@</li><li>POLIT</li><li>Milit</li><li>Relig</li><li>Exch<br type=\"_moz\"></li></ul><p></p>"},{"cellId":"ssdxf2i8","type":"text","content":"<h3><font color=\"#000000\">Words referring to roles, collectivities, rituals, and forms of interpersonal relations, often within one of these institutional contexts.</font><br type=\"_moz\"></h3><p>6) categories.h_role<br type=\"_moz\"></p><ul><li>SocRel<br type=\"_moz\"></li><li>Work<br type=\"_moz\"></li><li>Role</li><li>Ritual</li><li>COLL<br type=\"_moz\"></li></ul><p></p>"},{"cellId":"hzp9ysgd","type":"text","content":"<h3><font color=\"#000000\"><font color=\"#000000\">Ascriptive social categories as well as general references to people and animals</font></font><br type=\"_moz\"></h3><p>7) categories.h_social<br type=\"_moz\"></p><ul><li>HU<br type=\"_moz\"></li><li>MALE</li><li>Kin@</li><li>ANI<br type=\"_moz\"></li><li>Female</li><li>Race<br type=\"_moz\"></li></ul><p></p>"},{"cellId":"jb0e6kvj","type":"text","content":"<h3><font color=\"#000000\"><font color=\"#003399\"><font color=\"#000000\">References to places, locations and routes between them.</font></font></font></h3><p>8) categories.h_place<br type=\"_moz\"></p><ul><li>Land</li><li>Social</li><li>Sky</li><li>Region<br type=\"_moz\"></li><li>Route</li><li>Aquatic<br type=\"_moz\"></li></ul><p></p>"},{"cellId":"iw039bhk","type":"text","content":"<h3><font color=\"#000000\"><font color=\"#000000\">References to objects.</font></font><br type=\"_moz\"></h3><p><font color=\"#000000\"><font color=\"#000000\">9) </font></font>categories.h_object<br type=\"_moz\"></p><ul><li><div class=\"info\">Object<br type=\"_moz\"></div></li><li><div class=\"info\">Tool<br type=\"_moz\"></div></li><li><div class=\"info\">Vehicle<br type=\"_moz\"></div></li><li><div class=\"info\">ComnObj<br type=\"_moz\"></div></li><li><div class=\"info\">BodyPt<br type=\"_moz\"></div></li><li><div class=\"info\">BldgPt<br type=\"_moz\"></div></li><li><div class=\"info\">NatObj<br type=\"_moz\"></div></li><li><div class=\"info\">Food<br type=\"_moz\"></div></li></ul><p></p>"},{"cellId":"alphmmcv","type":"text","content":"<h3><font color=\"#000000\">Processes of communicating</font></h3><p>10) categories.h_communication</p><ul><li>ComForm</li><li>COM</li><li>Say<br type=\"_moz\"></li></ul><p></p>"},{"cellId":"khv3njr5","type":"text","content":"<h3><font color=\"#000000\">Motivation-related words: </font></h3><p>11) categories.h_motivation</p><ul><li>Fail</li><li>Finish</li><li>Means</li><li>Complet</li><li>Goal</li><li>Persist</li><li>Need</li><li>Try<br type=\"_moz\"></li></ul><p></p>"},{"cellId":"izavxi4z","type":"text","content":"<h3><font color=\"#000000\">Other process or change words:</font><br type=\"_moz\"></h3><p>12) categories.h_process<br type=\"_moz\"></p><ul><li>Decreas<br type=\"_moz\"></li><li>Finish<br type=\"_moz\"></li><li>Increas<br type=\"_moz\"></li><li>Travel<br type=\"_moz\"></li><li>Vary<br type=\"_moz\"></li><li>Exert<br type=\"_moz\"></li><li>Fetch<br type=\"_moz\"></li><li>Stay<br type=\"_moz\"></li><li>Begin<br type=\"_moz\"></li><li>NatrPro<br type=\"_moz\"></li><li>Rise<br type=\"_moz\"></li><li>Fall<br type=\"_moz\"></li></ul><p><br type=\"_moz\"></p><p></p>"},{"cellId":"vs8zz7fw","type":"text","content":"<h3><font color=\"#000000\">Cognitive orientation (knowing, assessment, and problem solving)</font></h3><p>13) categories.h_cognitive</p><ul><li>EVAL</li><li>Abs@</li><li>ABS</li><li>Space</li><li>Eval@</li><li>Quan</li><li>Time@</li><li>Know</li><li>Causal</li><li>Rel</li><li>Solve</li><li>FREQ</li><li>Quality</li><li>POS</li><li>TIME</li><li>Think</li><li>Perceiv</li><li>Compare</li><li>DIM</li><li>NUMB</li><li>CARD</li><li>COLOR</li><li>DIST</li><li>Ought</li><li>ORD<br type=\"_moz\"></li></ul><p></p>"},{"cellId":"n2czrfwe","type":"text","content":"<h3><font color=\"#003399\"><font color=\"#000000\">Pronouns reflecting an \"I\" vs. \"we\" vs. \"you\" orientation, as well as names:</font></font><br type=\"_moz\"></h3><p>14) categories.h_pronoun<br type=\"_moz\"></p><ul><li>Name<br type=\"_moz\"></li><li>Self<br type=\"_moz\"></li><li>Our</li><li>You<br type=\"_moz\"></li></ul><p></p>"},{"cellId":"s6jez2gk","type":"text","content":"<h3><font color=\"#000000\">\"Yes\", \"No\", negation and interjections.</font><br type=\"_moz\"></h3><ul></ul><ul></ul><ul></ul><ul></ul><p>15) categories.h_yesno<br type=\"_moz\"></p><ul><li>Yes<br type=\"_moz\"></li><li>Negate<br type=\"_moz\"></li><li>No<br type=\"_moz\"></li></ul><p></p>"},{"cellId":"fxy1yvf6","type":"text","content":"<h3><font color=\"#000000\">Verb types.</font><br type=\"_moz\"></h3><p>16) categories.h_verb<br type=\"_moz\"></p><ul><li>IAV</li><li>SV</li><li>DAV<br type=\"_moz\"></li></ul><p></p>"},{"cellId":"pix4gwki","type":"text","content":"<h3><font color=\"#000000\">Adjective types.</font><br type=\"_moz\"></h3><p><font color=\"#000000\">17) </font>categories.h_adjective<br type=\"_moz\"></p><ul><li>IPadj</li><li>IndAdj<br type=\"_moz\"></li></ul><p></p>"}]}