{"metadata":{"title":"Using Voyant Corpus and Document Terms Tools in Spyral","userId":"learnspyral@gh","author":"learnspyral","description":"","catalogue":true,"keywords":"","modified":"2024-04-05T12:44:09.594Z","created":"2022-11-10T00:41:22.371Z","language":"English","license":"","version":"0.1"},"cells":[{"cellId":"jqjyakz4","type":"text","content":"<p>This Spyral Notebook shows how to use the Voyant Corpus and Document Terms tools (<a data-cke-saved-href=\"https://voyant-tools.org/docs/#!/guide/corpusterms\" target=\"_blank\" href=\"https://voyant-tools.org/docs/#!/guide/corpusterms\" data-tabindex-value=\"none\" tabindex=\"-1\" data-tabindex-counter=\"1\">https://voyant-tools.org/docs/#!/guide/corpusterms</a>) in Spyral, including expanded capabilities.</p><p>The Corpus and Document Terms tool show a table view of term frequencies across an entire corpus or across specific documents. This notebook shows the different parameters possible to customize the visualization using JavaScript. The different options include:</p><ul><li><strong>searching for specific keyword terms to use in the visualization</strong></li><li><strong>changing the number of segments (bins) the documents are split into</strong></li><li><strong>restricting the visualization to a specific document in a multi-document corpus</strong></li><li><strong>expanding the size of the context considered (the number of terms shown on either side of the keyword) </strong></li><li><strong>editing or making a custom stopword list</strong>​​​​​​​</li></ul>"},{"cellId":"olxi0r7z","type":"text","content":"<h2>Getting Help</h2><ul><li>You can see the help for <strong>Corpus Terms</strong> here:&nbsp;<a data-cke-saved-href=\"https://voyant-tools.org/docs/#!/guide/corpusterms\" target=\"_blank\" href=\"https://voyant-tools.org/docs/#!/guide/corpusterms\">https://voyant-tools.org/docs/#!/guide/corpusterms</a></li><li>You can see the help for <strong>Document Terms</strong> here:&nbsp;<a data-cke-saved-href=\"https://voyant-tools.org/docs/#!/guide/documentterms\" target=\"_blank\" href=\"https://voyant-tools.org/docs/#!/guide/documentterms\">https://voyant-tools.org/docs/#!/guide/documentterms</a></li><li>Help for Spyral Corpus.<strong>Tool method</strong>:&nbsp;<a data-cke-saved-href=\"https://voyant-tools.org/docs/#!/api/Spyral.Corpus-method-tool\" target=\"_blank\" href=\"https://voyant-tools.org/docs/#!/api/Spyral.Corpus-method-tool\">https://voyant-tools.org/docs/#!/api/Spyral.Corpus-method-tool</a></li><li>Help for the <strong>Terms</strong> method:&nbsp;<a data-cke-saved-href=\"https://voyant-tools.org/docs/#!/api/Spyral.Corpus-method-terms\" target=\"_blank\" href=\"https://voyant-tools.org/docs/#!/api/Spyral.Corpus-method-terms\">https://voyant-tools.org/docs/#!/api/Spyral.Corpus-method-terms</a></li></ul><p></p>"},{"cellId":"vjfsbmzq","type":"text","content":"<h2>Loading a corpus</h2><p>To use the Trends tool in Spyral, either create a new corpus in Spyral or use your corpus ID from Voyant to call up your corpus. You can also open a new Spyral notebook with your corpus from Voyant. Use the code below to input your corpus ID from Voyant (found in the URL). For more help creating a corpus, see LINK. This code assigns your corpus to a variable called myCorpus that you can use throughout the notebook to reference your corpus</p>"},{"cellId":"kwu44vrk","type":"code","content":{"input":"loadCorpus(\"austen\").assign(\"myCorpus\");\n//Change \"austen\" to your corpus ID ","output":"<div class=\"spyral-dv-container\"><span class=\"spyral-dv-content\" style=\"margin-left: 0px;\"><span class=\"spyral-dv-left spyral-dv-folder\">myCorpus: <span class=\"spyral-dv-type\">Object</span><span class=\"spyral-dv-length\">{1}</span> <span class=\"spyral-dv-folder-icon spyral-dv-expanded\"><svg width=\"8\" height=\"8\" class=\"open\"><path d=\"M4 7L0 1h8z\" fill=\"#000\"></path></svg><svg width=\"8\" height=\"8\" class=\"closed\"><path d=\"M7 4L1 8V0z\" fill=\"#000\"></path></svg></span></span><span class=\"spyral-dv-Object spyral-dv-right spyral-dv-expanded\"><span class=\"spyral-dv-content\" style=\"margin-left: 0px;\"><span class=\"spyral-dv-left\">corpusid:&nbsp;</span><span class=\"spyral-dv-String spyral-dv-right\">\"austen\"</span></span></span></span></div>","mode":"javascript","expandResults":true}},{"cellId":"v4cnx76w","type":"text","content":"<h2>Viewing Terms Tools</h2><p>To view the Corpus and Document Terms tools with your corpus called myCorpus, use the code below. This code displays the Corpus Terms tool with the default format options from Voyant. In subsequent code cells we show how to customize this visualization.</p><p>To see the Document Terms you change \"CorpusTerms\" to \"DocumentTerms\" and run the code again.&nbsp;</p><p>In the Document Terms tool you have a first column that shows the number of the document in the list of documents. You can sort on this if you want.&nbsp;<strong>Note</strong>&nbsp;that this is not the Document Index which starts with 0. The number of the documents starts with 1.<br></p>"},{"cellId":"aougxpqr","type":"code","content":{"input":"myCorpus.tool(\"CorpusTerms\");\n//To view Document Terms Tool change \"CorpusTerms\" to \"DocumentTerms\"","output":"<body class=\"\"><iframe style=\"width: 350px; height: 350px;\" src=\"https://voyant-tools.org/tool/DocumentTerms/?corpus=austen&amp;forTool=DocumentTerms\"></iframe></body>","mode":"javascript","expandResults":true}},{"cellId":"c2t9my2i","type":"text","content":"<p>To edit the visualization using JavaScript code, you need to edit the configuration options. The basic syntax for this approach is shown below:</p><p><code>myCorpus.tool(\"CorpusTrends, {style: \"width: 500px; height: 500px\"});</code><br></p><p>Configuration options go in between curly brackets. See configuration options in detail below.</p>"},{"cellId":"f4h2stl1","type":"text","content":"<h2>Search for specific terms:</h2><p>You can search for specific terms in your corpus using a comma separated list. You can also use the same search parameters in Voyant to narrow down your results. For a full list hover over the question mark to the right of the text input box in the visualization.<br></p>"},{"cellId":"jnu1l3al","type":"code","content":{"input":"myCorpus.tool(\"CorpusTerms\", {query: \"love, hate\"});\n//Replace the query terms with search terms relevant to your analysis","output":"<body class=\"\"><iframe style=\"width: 350px; height: 350px;\" src=\"https://voyant-tools.org/tool/CorpusTerms/?corpus=austen&amp;forTool=CorpusTerms&amp;query=love%2C+hate\"></iframe></body>","mode":"javascript","expandResults":true}},{"cellId":"vborx54a","type":"text","content":"<h2>Selecting an individual document in a corpus:<br></h2><p>To see only the terms in a particular document in your corpus you need to specify the tool \"DocumentTerms\" and then provide the&nbsp;<strong>docIndex</strong>&nbsp;or document index for the document you want. Remember that the first document is index 0.&nbsp;<br></p><p> When you are looking at terms in a single document Voyant will divide it up into bins for the purpose of visualization. You can set the number of bins.<br></p>"},{"cellId":"w5vj5vgq","type":"code","content":{"input":"myCorpus.tool(\"DocumentTerms\", {docIndex: 0, bins: 20});\n//Change docIndex to reflect the index of the document in your corpus and bins to divide the document into a different number of segments","output":"<body class=\"\"><iframe style=\"width: 350px; height: 350px;\" src=\"https://voyant-tools.org/tool/DocumentTerms/?corpus=austen&amp;forTool=DocumentTerms&amp;docIndex=0&amp;bins=20\"></iframe></body>","mode":"javascript","expandResults":true}},{"cellId":"x5v7xrru","type":"text","content":"<h2>Specify documents for inclusion in results:</h2><p>You can specify which documents should be included in the Document Terms tables. You can provide a list.<br></p>"},{"cellId":"iuzv2kiw","type":"code","content":{"input":"myCorpus.tool(\"DocumentTerms\", {docIndex: \"0,3\"});\n//Show only terms from Documents 1 and 2 ","output":"<body class=\"\"><iframe style=\"width: 350px; height: 350px;\" src=\"https://voyant-tools.org/tool/DocumentTerms/?corpus=austen&amp;forTool=DocumentTerms&amp;docIndex=0%2C3\"></iframe></body>","mode":"javascript","expandResults":true}},{"cellId":"kuegmv6e","type":"text","content":"<h2>Editing or making a custom stop-word list:</h2><p>You can provide a custom stopword list if you don't want to see certain words in the terms table.&nbsp;</p><p><strong>Note</strong>&nbsp;that this will override the default stopword list so you may then see other words you don't want. Note that you can add words to the default. For more on using stopword lists see:&nbsp;<a data-cke-saved-href=\"https://voyant-tools.org/spyral/learnspyral@gh/StopwordLists/\" target=\"_blank\" href=\"https://voyant-tools.org/spyral/learnspyral@gh/StopwordLists/\">https://voyant-tools.org/spyral/learnspyral@gh/StopwordLists/</a><br></p>"},{"cellId":"ycehtzty","type":"code","content":{"input":"myCorpus.tool(\"CorpusTerms\", {stopList: \"the, mr, mrs\"});\n//Indicate the terms you wish to exclude in the results via a comma separated list. Note that this overrides the default stop word list.","output":"<body class=\"\"><iframe style=\"width: 350px; height: 350px;\" src=\"https://voyant-tools.org/tool/CorpusTerms/?corpus=austen&amp;forTool=CorpusTerms&amp;stopList=the%2C+mr%2C+mrs\"></iframe></body>","mode":"javascript","expandResults":true}},{"cellId":"mr0bzrip","type":"text","content":"<h2>Summary of parameters for Corpus Terms</h2><p>The code cell below shows all the editable parameters (with the exception of style parameters that are uniform across the tools):</p>"},{"cellId":"b373wm5l","type":"code","content":{"input":"myCorpus.tool(\"CorpusTerms\", \n              {query: \"love\", // Search for specific term\n              docIndex: \"0,1,2\",// Select document(s) you wish to analyze - this only works with Document Terms\n              bins: 10,// Indicate the number of segments you wish to divide your corpus or document into\n              expand: 5,// Expand context for correlations and collocates\n              stopList: \"it, and, the\", // Define a custom stop-word list as a comma separated list\n              });","output":"<body class=\"\"><iframe style=\"width: 350px; height: 350px;\" src=\"https://voyant-tools.org/tool/CorpusTerms/?corpus=austen&amp;forTool=CorpusTerms&amp;query=love*&amp;docIndex=0%2C1%2C2&amp;bins=10&amp;expand=5&amp;stopList=it%2C+and%2C+the\"></iframe></body>","mode":"javascript","expandResults":true}},{"cellId":"uqpzxp9z","type":"text","content":"<h2>Summary for Document Terms</h2><p>Here are some other parameters that make more sense for Document Terms. They show how you can:</p><ul><li>Show and Hide different&nbsp;<strong>Columns</strong></li><li>Choose how to <strong>sort</strong> the terms</li><li>Choose which <strong>direction</strong> (Ascending or Descending) to sort in</li><li>Change the&nbsp;<strong>width&nbsp;</strong>of the panel window</li></ul><p>In this case we are looking at the first document in the corpus and have the terms sorted by&nbsp;<strong>Significance</strong>&nbsp;or tf-idf (<a data-cke-saved-href=\"https://en.wikipedia.org/wiki/Tf%E2%80%93idf\" target=\"_blank\" href=\"https://en.wikipedia.org/wiki/Tf%E2%80%93idf\" id=\"ext-element-157\">term frequency - inverse document frequency</a>), which is a measurement of how significant the word is to this document in comparison to the others.</p><p></p>"},{"cellId":"onexv4fi","type":"code","content":{"input":"myCorpus.tool('DocumentTerms', {\n  docIndex: 0, // Which document create Document Terms for\n  sort: 'tfidf', // How to sort the words - in this case on the Significance-tfid column\n  dir: 'desc', // Sort direction is descending \n  columns: ['docIndex', 'term', 'rawFreq', 'relativeFreq', 'tfidf', 'zscore', 'distributions'], \n  // Specify which columns to show\n  style: 'width: 800px' // Show a wide window\n})","output":"<body class=\"\"><iframe style=\"height: 350px;width: 800px\" src=\"https://voyant-tools.org/tool/DocumentTerms/?corpus=austen&amp;forTool=DocumentTerms&amp;docIndex=0&amp;sort=tfidf&amp;dir=desc&amp;columns=docIndex%2Cterm%2CrawFreq%2CrelativeFreq%2Ctfidf%2Czscore%2Cdistributions\"></iframe></body>","mode":"javascript","expandResults":true}},{"cellId":"p1i6gb0e","type":"text","content":"<h2>Getting Significant Terms</h2><p>In the code above you can see how to get a tool panel to explore document terms sorted by tf-idf. Here you can see the code that would give an <strong>array</strong> of the data. Below you will see how to get a plain text list of the tf-idf sorted words for a document. This can tell you what words are significant to that document as opposed to the others in the corpus.<br></p>"},{"cellId":"yno3b9xu","type":"code","content":{"input":"var aList = []; // Creates an array for the phrases\nmyCorpus.terms({\n  \t// query: \"mr\", // Will search for a specific term\n  \tmode: \"Documents\",\n  \tdocIndex: 0,\n  \tlimit: 10, // Limits the number of terms returned\n  \tstopList: \"auto\", // You need to specify the default (auto) stop word list when using this method\n\tsort: \"tfidf\",\n\t}).then(words => aList = words);","output":"<div class=\"spyral-dv-container\"><span class=\"spyral-dv-content\" style=\"margin-left: 0px;\"><span class=\"spyral-dv-left spyral-dv-folder\">aList: <span class=\"spyral-dv-type\">Array</span><span class=\"spyral-dv-length\">[10]</span> <span class=\"spyral-dv-folder-icon spyral-dv-expanded\"><svg width=\"8\" height=\"8\" class=\"open\"><path d=\"M4 7L0 1h8z\" fill=\"#000\"></path></svg><svg width=\"8\" height=\"8\" class=\"closed\"><path d=\"M7 4L1 8V0z\" fill=\"#000\"></path></svg></span></span><span class=\"spyral-dv-Array spyral-dv-right spyral-dv-expanded\"><span class=\"spyral-dv-content\" style=\"margin-left: 0px;\"><span class=\"spyral-dv-left spyral-dv-folder\">0: <span class=\"spyral-dv-type\">Object</span><span class=\"spyral-dv-length\">{9}</span> <span class=\"spyral-dv-folder-icon spyral-dv-expanded\"><svg width=\"8\" height=\"8\" class=\"open\"><path d=\"M4 7L0 1h8z\" fill=\"#000\"></path></svg><svg width=\"8\" height=\"8\" class=\"closed\"><path d=\"M7 4L1 8V0z\" fill=\"#000\"></path></svg></span></span><span class=\"spyral-dv-Object spyral-dv-right spyral-dv-expanded\"><span class=\"spyral-dv-content\" style=\"margin-left: 0px;\"><span class=\"spyral-dv-left\">term:&nbsp;</span><span class=\"spyral-dv-String spyral-dv-right\">\"tho\"</span></span><span class=\"spyral-dv-content\" style=\"margin-left: 0px;\"><span class=\"spyral-dv-left\">rawFreq:&nbsp;</span><span class=\"spyral-dv-Number spyral-dv-right\">50</span></span><span class=\"spyral-dv-content\" style=\"margin-left: 0px;\"><span class=\"spyral-dv-left\">relativeFreq:&nbsp;</span><span class=\"spyral-dv-Number spyral-dv-right\">1489.9133</span></span><span class=\"spyral-dv-content\" style=\"margin-left: 0px;\"><span class=\"spyral-dv-left\">zscore:&nbsp;</span><span class=\"spyral-dv-Number spyral-dv-right\">0.9024028</span></span><span class=\"spyral-dv-content\" style=\"margin-left: 0px;\"><span class=\"spyral-dv-left\">zscoreRatio:&nbsp;</span><span class=\"spyral-dv-Number spyral-dv-right\">-10.194901</span></span><span class=\"spyral-dv-content\" style=\"margin-left: 0px;\"><span class=\"spyral-dv-left\">tfidf:&nbsp;</span><span class=\"spyral-dv-Number spyral-dv-right\">0.0013455258</span></span><span class=\"spyral-dv-content\" style=\"margin-left: 0px;\"><span class=\"spyral-dv-left\">totalTermsCount:&nbsp;</span><span class=\"spyral-dv-Number spyral-dv-right\">33559</span></span><span class=\"spyral-dv-content\" style=\"margin-left: 0px;\"><span class=\"spyral-dv-left\">docIndex:&nbsp;</span><span class=\"spyral-dv-Number spyral-dv-right\">0</span></span><span class=\"spyral-dv-content\" style=\"margin-left: 0px;\"><span class=\"spyral-dv-left\">docId:&nbsp;</span><span class=\"spyral-dv-String spyral-dv-right\">\"344c515bb464b5a590a956a29ae2524f\"</span></span></span></span><span class=\"spyral-dv-content\" style=\"margin-left: 0px;\"><span class=\"spyral-dv-left spyral-dv-folder\">1: <span class=\"spyral-dv-type\">Object</span><span class=\"spyral-dv-length\">{9}</span> <span class=\"spyral-dv-folder-icon spyral-dv-expanded\"><svg width=\"8\" height=\"8\" class=\"open\"><path d=\"M4 7L0 1h8z\" fill=\"#000\"></path></svg><svg width=\"8\" height=\"8\" class=\"closed\"><path d=\"M7 4L1 8V0z\" fill=\"#000\"></path></svg></span></span><span class=\"spyral-dv-Object spyral-dv-right spyral-dv-expanded\"><span class=\"spyral-dv-content\" style=\"margin-left: 0px;\"><span class=\"spyral-dv-left\">term:&nbsp;</span><span class=\"spyral-dv-String spyral-dv-right\">\"freind\"</span></span><span class=\"spyral-dv-content\" style=\"margin-left: 0px;\"><span class=\"spyral-dv-left\">rawFreq:&nbsp;</span><span class=\"spyral-dv-Number spyral-dv-right\">40</span></span><span class=\"spyral-dv-content\" style=\"margin-left: 0px;\"><span class=\"spyral-dv-left\">relativeFreq:&nbsp;</span><span class=\"spyral-dv-Number spyral-dv-right\">1191.9307</span></span><span class=\"spyral-dv-content\" style=\"margin-left: 0px;\"><span class=\"spyral-dv-left\">zscore:&nbsp;</span><span class=\"spyral-dv-Number spyral-dv-right\">0.6879321</span></span><span class=\"spyral-dv-content\" style=\"margin-left: 0px;\"><span class=\"spyral-dv-left\">zscoreRatio:&nbsp;</span><span class=\"spyral-dv-Number spyral-dv-right\">-7.771917</span></span><span class=\"spyral-dv-content\" style=\"margin-left: 0px;\"><span class=\"spyral-dv-left\">tfidf:&nbsp;</span><span class=\"spyral-dv-Number spyral-dv-right\">0.0010764207</span></span><span class=\"spyral-dv-content\" style=\"margin-left: 0px;\"><span class=\"spyral-dv-left\">totalTermsCount:&nbsp;</span><span class=\"spyral-dv-Number spyral-dv-right\">33559</span></span><span class=\"spyral-dv-content\" style=\"margin-left: 0px;\"><span class=\"spyral-dv-left\">docIndex:&nbsp;</span><span class=\"spyral-dv-Number spyral-dv-right\">0</span></span><span class=\"spyral-dv-content\" style=\"margin-left: 0px;\"><span class=\"spyral-dv-left\">docId:&nbsp;</span><span class=\"spyral-dv-String spyral-dv-right\">\"344c515bb464b5a590a956a29ae2524f\"</span></span></span></span><span class=\"spyral-dv-content\" style=\"margin-left: 0px;\"><span class=\"spyral-dv-left spyral-dv-folder\">2: <span class=\"spyral-dv-type\">Object</span><span class=\"spyral-dv-length\">{9}</span> <span class=\"spyral-dv-folder-icon spyral-dv-expanded\"><svg width=\"8\" height=\"8\" class=\"open\"><path d=\"M4 7L0 1h8z\" fill=\"#000\"></path></svg><svg width=\"8\" height=\"8\" class=\"closed\"><path d=\"M7 4L1 8V0z\" fill=\"#000\"></path></svg></span></span><span class=\"spyral-dv-Object spyral-dv-right spyral-dv-expanded\"><span class=\"spyral-dv-content\" style=\"margin-left: 0px;\"><span class=\"spyral-dv-left\">term:&nbsp;</span><span class=\"spyral-dv-String spyral-dv-right\">\"lesley\"</span></span><span class=\"spyral-dv-content\" style=\"margin-left: 0px;\"><span class=\"spyral-dv-left\">rawFreq:&nbsp;</span><span class=\"spyral-dv-Number spyral-dv-right\">39</span></span><span class=\"spyral-dv-content\" style=\"margin-left: 0px;\"><span class=\"spyral-dv-left\">relativeFreq:&nbsp;</span><span class=\"spyral-dv-Number spyral-dv-right\">1162.1323</span></span><span class=\"spyral-dv-content\" style=\"margin-left: 0px;\"><span class=\"spyral-dv-left\">zscore:&nbsp;</span><span class=\"spyral-dv-Number spyral-dv-right\">0.666485</span></span><span class=\"spyral-dv-content\" style=\"margin-left: 0px;\"><span class=\"spyral-dv-left\">zscoreRatio:&nbsp;</span><span class=\"spyral-dv-Number spyral-dv-right\">-7.5296183</span></span><span class=\"spyral-dv-content\" style=\"margin-left: 0px;\"><span class=\"spyral-dv-left\">tfidf:&nbsp;</span><span class=\"spyral-dv-Number spyral-dv-right\">0.0010495101</span></span><span class=\"spyral-dv-content\" style=\"margin-left: 0px;\"><span class=\"spyral-dv-left\">totalTermsCount:&nbsp;</span><span class=\"spyral-dv-Number spyral-dv-right\">33559</span></span><span class=\"spyral-dv-content\" style=\"margin-left: 0px;\"><span class=\"spyral-dv-left\">docIndex:&nbsp;</span><span class=\"spyral-dv-Number spyral-dv-right\">0</span></span><span class=\"spyral-dv-content\" style=\"margin-left: 0px;\"><span class=\"spyral-dv-left\">docId:&nbsp;</span><span class=\"spyral-dv-String spyral-dv-right\">\"344c515bb464b5a590a956a29ae2524f\"</span></span></span></span><span class=\"spyral-dv-content\" style=\"margin-left: 0px;\"><span class=\"spyral-dv-left spyral-dv-folder\">3: <span class=\"spyral-dv-type\">Object</span><span class=\"spyral-dv-length\">{9}</span> <span class=\"spyral-dv-folder-icon spyral-dv-expanded\"><svg width=\"8\" height=\"8\" class=\"open\"><path d=\"M4 7L0 1h8z\" fill=\"#000\"></path></svg><svg width=\"8\" height=\"8\" class=\"closed\"><path d=\"M7 4L1 8V0z\" fill=\"#000\"></path></svg></span></span><span class=\"spyral-dv-Object spyral-dv-right spyral-dv-expanded\"><span class=\"spyral-dv-content\" style=\"margin-left: 0px;\"><span class=\"spyral-dv-left\">term:&nbsp;</span><span class=\"spyral-dv-String spyral-dv-right\">\"augustus\"</span></span><span class=\"spyral-dv-content\" style=\"margin-left: 0px;\"><span class=\"spyral-dv-left\">rawFreq:&nbsp;</span><span class=\"spyral-dv-Number spyral-dv-right\">23</span></span><span class=\"spyral-dv-content\" style=\"margin-left: 0px;\"><span class=\"spyral-dv-left\">relativeFreq:&nbsp;</span><span class=\"spyral-dv-Number spyral-dv-right\">685.3601</span></span><span class=\"spyral-dv-content\" style=\"margin-left: 0px;\"><span class=\"spyral-dv-left\">zscore:&nbsp;</span><span class=\"spyral-dv-Number spyral-dv-right\">0.32333174</span></span><span class=\"spyral-dv-content\" style=\"margin-left: 0px;\"><span class=\"spyral-dv-left\">zscoreRatio:&nbsp;</span><span class=\"spyral-dv-Number spyral-dv-right\">-3.6528423</span></span><span class=\"spyral-dv-content\" style=\"margin-left: 0px;\"><span class=\"spyral-dv-left\">tfidf:&nbsp;</span><span class=\"spyral-dv-Number spyral-dv-right\">0.00061894185</span></span><span class=\"spyral-dv-content\" style=\"margin-left: 0px;\"><span class=\"spyral-dv-left\">totalTermsCount:&nbsp;</span><span class=\"spyral-dv-Number spyral-dv-right\">33559</span></span><span class=\"spyral-dv-content\" style=\"margin-left: 0px;\"><span class=\"spyral-dv-left\">docIndex:&nbsp;</span><span class=\"spyral-dv-Number spyral-dv-right\">0</span></span><span class=\"spyral-dv-content\" style=\"margin-left: 0px;\"><span class=\"spyral-dv-left\">docId:&nbsp;</span><span class=\"spyral-dv-String spyral-dv-right\">\"344c515bb464b5a590a956a29ae2524f\"</span></span></span></span><span class=\"spyral-dv-content\" style=\"margin-left: 0px;\"><span class=\"spyral-dv-left spyral-dv-folder\">4: <span class=\"spyral-dv-type\">Object</span><span class=\"spyral-dv-length\">{9}</span> <span class=\"spyral-dv-folder-icon spyral-dv-expanded\"><svg width=\"8\" height=\"8\" class=\"open\"><path d=\"M4 7L0 1h8z\" fill=\"#000\"></path></svg><svg width=\"8\" height=\"8\" class=\"closed\"><path d=\"M7 4L1 8V0z\" fill=\"#000\"></path></svg></span></span><span class=\"spyral-dv-Object spyral-dv-right spyral-dv-expanded\"><span class=\"spyral-dv-content\" style=\"margin-left: 0px;\"><span class=\"spyral-dv-left\">term:&nbsp;</span><span class=\"spyral-dv-String spyral-dv-right\">\"laura\"</span></span><span class=\"spyral-dv-content\" style=\"margin-left: 0px;\"><span class=\"spyral-dv-left\">rawFreq:&nbsp;</span><span class=\"spyral-dv-Number spyral-dv-right\">44</span></span><span class=\"spyral-dv-content\" style=\"margin-left: 0px;\"><span class=\"spyral-dv-left\">relativeFreq:&nbsp;</span><span class=\"spyral-dv-Number spyral-dv-right\">1311.1238</span></span><span class=\"spyral-dv-content\" style=\"margin-left: 0px;\"><span class=\"spyral-dv-left\">zscore:&nbsp;</span><span class=\"spyral-dv-Number spyral-dv-right\">0.7737204</span></span><span class=\"spyral-dv-content\" style=\"margin-left: 0px;\"><span class=\"spyral-dv-left\">zscoreRatio:&nbsp;</span><span class=\"spyral-dv-Number spyral-dv-right\">-9.106317</span></span><span class=\"spyral-dv-content\" style=\"margin-left: 0px;\"><span class=\"spyral-dv-left\">tfidf:&nbsp;</span><span class=\"spyral-dv-Number spyral-dv-right\">0.00055849773</span></span><span class=\"spyral-dv-content\" style=\"margin-left: 0px;\"><span class=\"spyral-dv-left\">totalTermsCount:&nbsp;</span><span class=\"spyral-dv-Number spyral-dv-right\">33559</span></span><span class=\"spyral-dv-content\" style=\"margin-left: 0px;\"><span class=\"spyral-dv-left\">docIndex:&nbsp;</span><span class=\"spyral-dv-Number spyral-dv-right\">0</span></span><span class=\"spyral-dv-content\" style=\"margin-left: 0px;\"><span class=\"spyral-dv-left\">docId:&nbsp;</span><span class=\"spyral-dv-String spyral-dv-right\">\"344c515bb464b5a590a956a29ae2524f\"</span></span></span></span><span class=\"spyral-dv-content\" style=\"margin-left: 0px;\"><span class=\"spyral-dv-left spyral-dv-folder\">5: <span class=\"spyral-dv-type\">Object</span><span class=\"spyral-dv-length\">{9}</span> <span class=\"spyral-dv-folder-icon spyral-dv-expanded\"><svg width=\"8\" height=\"8\" class=\"open\"><path d=\"M4 7L0 1h8z\" fill=\"#000\"></path></svg><svg width=\"8\" height=\"8\" class=\"closed\"><path d=\"M7 4L1 8V0z\" fill=\"#000\"></path></svg></span></span><span class=\"spyral-dv-Object spyral-dv-right spyral-dv-expanded\"><span class=\"spyral-dv-content\" style=\"margin-left: 0px;\"><span class=\"spyral-dv-left\">term:&nbsp;</span><span class=\"spyral-dv-String spyral-dv-right\">\"eloisa\"</span></span><span class=\"spyral-dv-content\" style=\"margin-left: 0px;\"><span class=\"spyral-dv-left\">rawFreq:&nbsp;</span><span class=\"spyral-dv-Number spyral-dv-right\">20</span></span><span class=\"spyral-dv-content\" style=\"margin-left: 0px;\"><span class=\"spyral-dv-left\">relativeFreq:&nbsp;</span><span class=\"spyral-dv-Number spyral-dv-right\">595.96533</span></span><span class=\"spyral-dv-content\" style=\"margin-left: 0px;\"><span class=\"spyral-dv-left\">zscore:&nbsp;</span><span class=\"spyral-dv-Number spyral-dv-right\">0.25899053</span></span><span class=\"spyral-dv-content\" style=\"margin-left: 0px;\"><span class=\"spyral-dv-left\">zscoreRatio:&nbsp;</span><span class=\"spyral-dv-Number spyral-dv-right\">-2.925947</span></span><span class=\"spyral-dv-content\" style=\"margin-left: 0px;\"><span class=\"spyral-dv-left\">tfidf:&nbsp;</span><span class=\"spyral-dv-Number spyral-dv-right\">0.0005382103</span></span><span class=\"spyral-dv-content\" style=\"margin-left: 0px;\"><span class=\"spyral-dv-left\">totalTermsCount:&nbsp;</span><span class=\"spyral-dv-Number spyral-dv-right\">33559</span></span><span class=\"spyral-dv-content\" style=\"margin-left: 0px;\"><span class=\"spyral-dv-left\">docIndex:&nbsp;</span><span class=\"spyral-dv-Number spyral-dv-right\">0</span></span><span class=\"spyral-dv-content\" style=\"margin-left: 0px;\"><span class=\"spyral-dv-left\">docId:&nbsp;</span><span class=\"spyral-dv-String spyral-dv-right\">\"344c515bb464b5a590a956a29ae2524f\"</span></span></span></span><span class=\"spyral-dv-content\" style=\"margin-left: 0px;\"><span class=\"spyral-dv-left spyral-dv-folder\">6: <span class=\"spyral-dv-type\">Object</span><span class=\"spyral-dv-length\">{9}</span> <span class=\"spyral-dv-folder-icon spyral-dv-expanded\"><svg width=\"8\" height=\"8\" class=\"open\"><path d=\"M4 7L0 1h8z\" fill=\"#000\"></path></svg><svg width=\"8\" height=\"8\" class=\"closed\"><path d=\"M7 4L1 8V0z\" fill=\"#000\"></path></svg></span></span><span class=\"spyral-dv-Object spyral-dv-right spyral-dv-expanded\"><span class=\"spyral-dv-content\" style=\"margin-left: 0px;\"><span class=\"spyral-dv-left\">term:&nbsp;</span><span class=\"spyral-dv-String spyral-dv-right\">\"matilda\"</span></span><span class=\"spyral-dv-content\" style=\"margin-left: 0px;\"><span class=\"spyral-dv-left\">rawFreq:&nbsp;</span><span class=\"spyral-dv-Number spyral-dv-right\">28</span></span><span class=\"spyral-dv-content\" style=\"margin-left: 0px;\"><span class=\"spyral-dv-left\">relativeFreq:&nbsp;</span><span class=\"spyral-dv-Number spyral-dv-right\">834.35144</span></span><span class=\"spyral-dv-content\" style=\"margin-left: 0px;\"><span class=\"spyral-dv-left\">zscore:&nbsp;</span><span class=\"spyral-dv-Number spyral-dv-right\">0.43056715</span></span><span class=\"spyral-dv-content\" style=\"margin-left: 0px;\"><span class=\"spyral-dv-left\">zscoreRatio:&nbsp;</span><span class=\"spyral-dv-Number spyral-dv-right\">-4.9638724</span></span><span class=\"spyral-dv-content\" style=\"margin-left: 0px;\"><span class=\"spyral-dv-left\">tfidf:&nbsp;</span><span class=\"spyral-dv-Number spyral-dv-right\">0.00050232967</span></span><span class=\"spyral-dv-content\" style=\"margin-left: 0px;\"><span class=\"spyral-dv-left\">totalTermsCount:&nbsp;</span><span class=\"spyral-dv-Number spyral-dv-right\">33559</span></span><span class=\"spyral-dv-content\" style=\"margin-left: 0px;\"><span class=\"spyral-dv-left\">docIndex:&nbsp;</span><span class=\"spyral-dv-Number spyral-dv-right\">0</span></span><span class=\"spyral-dv-content\" style=\"margin-left: 0px;\"><span class=\"spyral-dv-left\">docId:&nbsp;</span><span class=\"spyral-dv-String spyral-dv-right\">\"344c515bb464b5a590a956a29ae2524f\"</span></span></span></span><span class=\"spyral-dv-content\" style=\"margin-left: 0px;\"><span class=\"spyral-dv-left spyral-dv-folder\">7: <span class=\"spyral-dv-type\">Object</span><span class=\"spyral-dv-length\">{9}</span> <span class=\"spyral-dv-folder-icon spyral-dv-expanded\"><svg width=\"8\" height=\"8\" class=\"open\"><path d=\"M4 7L0 1h8z\" fill=\"#000\"></path></svg><svg width=\"8\" height=\"8\" class=\"closed\"><path d=\"M7 4L1 8V0z\" fill=\"#000\"></path></svg></span></span><span class=\"spyral-dv-Object spyral-dv-right spyral-dv-expanded\"><span class=\"spyral-dv-content\" style=\"margin-left: 0px;\"><span class=\"spyral-dv-left\">term:&nbsp;</span><span class=\"spyral-dv-String spyral-dv-right\">\"freindship\"</span></span><span class=\"spyral-dv-content\" style=\"margin-left: 0px;\"><span class=\"spyral-dv-left\">rawFreq:&nbsp;</span><span class=\"spyral-dv-Number spyral-dv-right\">18</span></span><span class=\"spyral-dv-content\" style=\"margin-left: 0px;\"><span class=\"spyral-dv-left\">relativeFreq:&nbsp;</span><span class=\"spyral-dv-Number spyral-dv-right\">536.36884</span></span><span class=\"spyral-dv-content\" style=\"margin-left: 0px;\"><span class=\"spyral-dv-left\">zscore:&nbsp;</span><span class=\"spyral-dv-Number spyral-dv-right\">0.21609639</span></span><span class=\"spyral-dv-content\" style=\"margin-left: 0px;\"><span class=\"spyral-dv-left\">zscoreRatio:&nbsp;</span><span class=\"spyral-dv-Number spyral-dv-right\">-2.4413502</span></span><span class=\"spyral-dv-content\" style=\"margin-left: 0px;\"><span class=\"spyral-dv-left\">tfidf:&nbsp;</span><span class=\"spyral-dv-Number spyral-dv-right\">0.0004843893</span></span><span class=\"spyral-dv-content\" style=\"margin-left: 0px;\"><span class=\"spyral-dv-left\">totalTermsCount:&nbsp;</span><span class=\"spyral-dv-Number spyral-dv-right\">33559</span></span><span class=\"spyral-dv-content\" style=\"margin-left: 0px;\"><span class=\"spyral-dv-left\">docIndex:&nbsp;</span><span class=\"spyral-dv-Number spyral-dv-right\">0</span></span><span class=\"spyral-dv-content\" style=\"margin-left: 0px;\"><span class=\"spyral-dv-left\">docId:&nbsp;</span><span class=\"spyral-dv-String spyral-dv-right\">\"344c515bb464b5a590a956a29ae2524f\"</span></span></span></span><span class=\"spyral-dv-content\" style=\"margin-left: 0px;\"><span class=\"spyral-dv-left spyral-dv-folder\">8: <span class=\"spyral-dv-type\">Object</span><span class=\"spyral-dv-length\">{9}</span> <span class=\"spyral-dv-folder-icon spyral-dv-expanded\"><svg width=\"8\" height=\"8\" class=\"open\"><path d=\"M4 7L0 1h8z\" fill=\"#000\"></path></svg><svg width=\"8\" height=\"8\" class=\"closed\"><path d=\"M7 4L1 8V0z\" fill=\"#000\"></path></svg></span></span><span class=\"spyral-dv-Object spyral-dv-right spyral-dv-expanded\"><span class=\"spyral-dv-content\" style=\"margin-left: 0px;\"><span class=\"spyral-dv-left\">term:&nbsp;</span><span class=\"spyral-dv-String spyral-dv-right\">\"adeiu\"</span></span><span class=\"spyral-dv-content\" style=\"margin-left: 0px;\"><span class=\"spyral-dv-left\">rawFreq:&nbsp;</span><span class=\"spyral-dv-Number spyral-dv-right\">18</span></span><span class=\"spyral-dv-content\" style=\"margin-left: 0px;\"><span class=\"spyral-dv-left\">relativeFreq:&nbsp;</span><span class=\"spyral-dv-Number spyral-dv-right\">536.36884</span></span><span class=\"spyral-dv-content\" style=\"margin-left: 0px;\"><span class=\"spyral-dv-left\">zscore:&nbsp;</span><span class=\"spyral-dv-Number spyral-dv-right\">0.21609639</span></span><span class=\"spyral-dv-content\" style=\"margin-left: 0px;\"><span class=\"spyral-dv-left\">zscoreRatio:&nbsp;</span><span class=\"spyral-dv-Number spyral-dv-right\">-2.4413502</span></span><span class=\"spyral-dv-content\" style=\"margin-left: 0px;\"><span class=\"spyral-dv-left\">tfidf:&nbsp;</span><span class=\"spyral-dv-Number spyral-dv-right\">0.0004843893</span></span><span class=\"spyral-dv-content\" style=\"margin-left: 0px;\"><span class=\"spyral-dv-left\">totalTermsCount:&nbsp;</span><span class=\"spyral-dv-Number spyral-dv-right\">33559</span></span><span class=\"spyral-dv-content\" style=\"margin-left: 0px;\"><span class=\"spyral-dv-left\">docIndex:&nbsp;</span><span class=\"spyral-dv-Number spyral-dv-right\">0</span></span><span class=\"spyral-dv-content\" style=\"margin-left: 0px;\"><span class=\"spyral-dv-left\">docId:&nbsp;</span><span class=\"spyral-dv-String spyral-dv-right\">\"344c515bb464b5a590a956a29ae2524f\"</span></span></span></span><span class=\"spyral-dv-content\" style=\"margin-left: 0px;\"><span class=\"spyral-dv-left spyral-dv-folder\">9: <span class=\"spyral-dv-type\">Object</span><span class=\"spyral-dv-length\">{9}</span> <span class=\"spyral-dv-folder-icon spyral-dv-expanded\"><svg width=\"8\" height=\"8\" class=\"open\"><path d=\"M4 7L0 1h8z\" fill=\"#000\"></path></svg><svg width=\"8\" height=\"8\" class=\"closed\"><path d=\"M7 4L1 8V0z\" fill=\"#000\"></path></svg></span></span><span class=\"spyral-dv-Object spyral-dv-right spyral-dv-expanded\"><span class=\"spyral-dv-content\" style=\"margin-left: 0px;\"><span class=\"spyral-dv-left\">term:&nbsp;</span><span class=\"spyral-dv-String spyral-dv-right\">\"beleive\"</span></span><span class=\"spyral-dv-content\" style=\"margin-left: 0px;\"><span class=\"spyral-dv-left\">rawFreq:&nbsp;</span><span class=\"spyral-dv-Number spyral-dv-right\">17</span></span><span class=\"spyral-dv-content\" style=\"margin-left: 0px;\"><span class=\"spyral-dv-left\">relativeFreq:&nbsp;</span><span class=\"spyral-dv-Number spyral-dv-right\">506.5705</span></span><span class=\"spyral-dv-content\" style=\"margin-left: 0px;\"><span class=\"spyral-dv-left\">zscore:&nbsp;</span><span class=\"spyral-dv-Number spyral-dv-right\">0.19464931</span></span><span class=\"spyral-dv-content\" style=\"margin-left: 0px;\"><span class=\"spyral-dv-left\">zscoreRatio:&nbsp;</span><span class=\"spyral-dv-Number spyral-dv-right\">-2.1990519</span></span><span class=\"spyral-dv-content\" style=\"margin-left: 0px;\"><span class=\"spyral-dv-left\">tfidf:&nbsp;</span><span class=\"spyral-dv-Number spyral-dv-right\">0.00045747875</span></span><span class=\"spyral-dv-content\" style=\"margin-left: 0px;\"><span class=\"spyral-dv-left\">totalTermsCount:&nbsp;</span><span class=\"spyral-dv-Number spyral-dv-right\">33559</span></span><span class=\"spyral-dv-content\" style=\"margin-left: 0px;\"><span class=\"spyral-dv-left\">docIndex:&nbsp;</span><span class=\"spyral-dv-Number spyral-dv-right\">0</span></span><span class=\"spyral-dv-content\" style=\"margin-left: 0px;\"><span class=\"spyral-dv-left\">docId:&nbsp;</span><span class=\"spyral-dv-String spyral-dv-right\">\"344c515bb464b5a590a956a29ae2524f\"</span></span></span></span></span></span></div>","mode":"javascript","expandResults":false}},{"cellId":"kqeagket","type":"text","content":"Now we can run some code to see the list of significant words as a text that can be copied. Here we produce the list with the raw frequency preceding each term.<p></p>"},{"cellId":"if5aopp8","type":"code","content":{"input":"let theList = \"\"\nfor(item in aList) {\n  theList += aList[item].rawFreq + \": \" + aList[item].term + \"<br />\";\n};\nshow(theList);","output":"<body class=\"\"><div class=\"info\">50: tho<br>40: freind<br>39: lesley<br>23: augustus<br>44: laura<br>20: eloisa<br>28: matilda<br>18: freindship<br>18: adeiu<br>17: beleive<br></div></body>","mode":"javascript","expandResults":true}},{"cellId":"n42mgoil","type":"text","content":"<h2>To Do<br></h2><ul><li>Show how to Comparison to an other corpus in CorpusTerms</li><li>Show how to show the Comparison column</li></ul><p></p>"}]}