{"metadata":{"title":"Named Entity Recognition with NSSI","userId":"learnspyral@gh","author":"","description":"","keywords":[],"modified":"2022-08-05T16:33:36.424Z","created":"2022-05-04T20:50:46.838Z","language":"","license":"","version":"0.1"},"cells":[{"cellId":"mibn7s2g","type":"text","content":"<p>This notebook demonstrates several capabilities for named entity recognition (NER) with Voyant and Spyral. <br></p>"},{"cellId":"u76hq52f","type":"code","content":{"input":"loadCorpus(\"frank\").tool(\"Reader\",{\"start\":9172,\"skipToDocId\":\"829ed17cbc48ab63407d1a78eb61aeb1\"});\n//Load Frankestein corpus and call up the Reader tool at specified location. Click on light bulb to enable NER through NSSI","output":"<body class=\"\">\n<iframe style=\"width: 350px; height: 350px\" float=\"right\" src=\"https://beta.voyant-tools.org/tool/Reader/?corpus=442d806066f0a2ca10984a3066eb7fc2&amp;forTool=Reader&amp;start=9172&amp;skipToDocId=829ed17cbc48ab63407d1a78eb61aeb1\"></iframe>\n</body>","mode":"javascript","expandResults":true}},{"cellId":"aefceq7s","type":"text","content":"<p>Voyant and Spyral work with NSSI, a service provided through LINCS. For more information, see <a data-cke-saved-href=\"https://lincsproject.ca/resources/\" target=\"_blank\" href=\"https://lincsproject.ca/resources/\" data-tabindex-value=\"none\" tabindex=\"-1\" data-tabindex-counter=\"2\">https://lincsproject.ca/resources/</a>. Named entity recognition uses Stanford NER available at <a data-cke-saved-href=\"https://nlp.stanford.edu/software/CRF-NER.html\" target=\"_blank\" href=\"https://nlp.stanford.edu/software/CRF-NER.html\" data-tabindex-value=\"none\" tabindex=\"-1\" data-tabindex-counter=\"2\">https://nlp.stanford.edu/software/CRF-NER.html</a><br></p>"},{"cellId":"a2d5j299","type":"code","content":{"input":"loadCorpus(\"frank\").assign(\"frankCorpus\");","output":"<div class=\"spyral-dv-container\"><span style=\"margin-left: 0px;\" class=\"spyral-dv-content\"><span class=\"spyral-dv-left spyral-dv-folder\">frankCorpus: <span class=\"spyral-dv-type\">Object</span><span class=\"spyral-dv-length\">{1}</span> <span class=\"spyral-dv-folder-icon spyral-dv-expanded\"><svg width=\"8\" height=\"8\" class=\"open\"><path d=\"M4 7L0 1h8z\" fill=\"#000\"></path></svg><svg width=\"8\" height=\"8\" class=\"closed\"><path d=\"M7 4L1 8V0z\" fill=\"#000\"></path></svg></span></span><span class=\"spyral-dv-Object spyral-dv-right spyral-dv-expanded\"><span style=\"margin-left: 0px;\" class=\"spyral-dv-content\"><span class=\"spyral-dv-left\">corpusid:&nbsp;</span><span class=\"spyral-dv-String spyral-dv-right\">\"442d806066f0a2ca10984a3066eb7fc2\"</span></span></span></span></div>","mode":"javascript","expandResults":true}},{"cellId":"yq92zh9n","type":"code","content":{"input":"frankCorpus.tool(\"RezoViz\");","output":"<body class=\"\">\n<iframe style=\"width: 350px; height: 350px\" float=\"right\" src=\"https://beta.voyant-tools.org/tool/RezoViz/?corpus=442d806066f0a2ca10984a3066eb7fc2&amp;forTool=RezoViz\"></iframe>\n</body>","mode":"javascript","expandResults":true}},{"cellId":"zeg2gg17","type":"code","content":{"input":"frankCorpus.entities({annotater: \"nssi\"});\n//Create an array of NER from the text. Each object in the array includes the following: docIndex, term, type, rawFreq, positions, offsets","output":"<body class=\"\">\n<div class=\"error\"><strong>TypeError: frankCorpus.entities is not a function</strong><pre><span style=\"cursor: pointer; text-decoration: underline; display: none;\" onclick=\"this.nextElementSibling.style.display='block';this.style.display='none';\">Details</span><span style=\"display: block;\">@https://beta.voyant-tools.org/resources/spyral/sandbox.js line 267 &gt; eval:1:13\nSandboxer/this.runCode/&lt;@https://beta.voyant-tools.org/resources/spyral/sandbox.js:267:20\n</span></pre></div>\n</body>","mode":"javascript","expandResults":true}},{"cellId":"hcms07fi","type":"code","content":{"input":"myTerms = frankCorpus.entities({annotater: \"nssi\"}).then(\n  myEntities => {\n    myTermList = []; // create empty array\n    for (let i = 0; i < myEntities.length; i++) { //loop through each element of myEntities\n      if (myEntities[i].type == \"location\") { //look for NERs that are locations\n        myTermList.push(myEntities[i].term); //add terms to array\n      }\n    }\n//     PYTHON VERSION\n//     for oneEntity in myEntities:\n//     \tif oneEntity.type == \"location\":\n//         \tmyTermList.append(oneEntity.term)\n    return myTermList\n  }\n);\n\n","output":"<body class=\"\">\n<div class=\"error\"><strong>TypeError: frankCorpus.entities is not a function</strong><pre><span style=\"cursor:pointer;text-decoration:underline;\" onclick=\"this.nextElementSibling.style.display='block';this.style.display='none';\">Details</span><span style=\"display:none;\">@https://beta.voyant-tools.org/resources/spyral/sandbox.js line 267 &gt; eval:1:23\nSandboxer/this.runCode/&lt;@https://beta.voyant-tools.org/resources/spyral/sandbox.js:267:20\n</span></pre></div>\n</body>","mode":"javascript","expandResults":true}},{"cellId":"dh8mg3ej","type":"text","content":"The code above gives a list of all the location names identified via NER. <br><p></p>"}]}