{"metadata":{"title":"Using XML Documents in Spyral","userId":"learnspyral@gh","author":"Geoffrey Rockwell","description":"This shows different ways of using Spyral to manipulate XML files. ","catalogue":false,"keywords":["XML","XPath"],"modified":"2024-03-13T18:03:00.992Z","created":"2023-03-19T19:32:42.368Z","language":"English","license":"Creative Commons Attribution (CC BY)","version":"0.1"},"cells":[{"cellId":"m40lcnye","type":"text","content":"<p>This is a Spyral Notebook that shows you different ways you can manipulate XML-encoded texts in Spyral.</p><h3>Table of Contents</h3><p>1. <a data-cke-saved-href=\"#accessingXML\" target=\"_self\" href=\"#accessingXML\" data-tabindex-value=\"none\" tabindex=\"-1\" data-tabindex-counter=\"3\">Different ways of accessing XML to process</a>.</p><p>2. <a data-cke-saved-href=\"#extractingXML\" target=\"_self\" href=\"#extractingXML\" data-tabindex-value=\"none\" tabindex=\"-1\" data-tabindex-counter=\"3\">Extracting a subset of the XML.</a></p>"},{"cellId":"z8teob7t","type":"text","content":"<h2>1. <a id=\"accessingXML\" name=\"accessingXML\" data-cke-saved-name=\"accessingXML\">Accessing</a> an XML-encoded text</h2><p>There are different ways to load an XML text so that you can handle it with Spyral. All three of these different ways assume you will load the xml text into a Variable \"xmlString\".<br></p>"},{"cellId":"s3lr4dgv","type":"text","content":"<h3>1.1 Declaring a Variable and assigning an XML to it</h3><p>We can declare a Variable (var) or Constant (const) and assign a string to it.<br></p>"},{"cellId":"jsal63te","type":"code","content":{"input":"// Assign a string of XML to a Variable\nvar xmlString = '<doc><sp s=\"Juliet\">Hello Romeo. How do you do!</sp><sp s=\"Romeo\">Hi you!</sp><sp s=\"Juliet\">Bye!</sp></doc>';","output":"<div class=\"spyral-dv-container\"><span class=\"spyral-dv-content\" style=\"margin-left: 0px;\"><span class=\"spyral-dv-left\"></span><span class=\"spyral-dv-Undefined spyral-dv-right\">undefined</span></span></div>","mode":"javascript","expandResults":true}},{"cellId":"qwwn5vq0","type":"text","content":"<h3>1.2 Use a Text Cell to manage your XML</h3><p>You can create a Code Cell and change the Configuration (Config) of the cell to \"XML\". Then you can edit the XML in the field and assign it to a variable name.</p><p>In the cell below I have a simple set of two interviews with two questions. I have Assigned it the variable name \"interviewsText\".<br></p>"},{"cellId":"m8j1z2mz","type":"data","content":{"input":"<interviews>\n  <interview number='1'>\n    <name>Joe</name>\n    <question questNum='1'>My name is Joseph.</question>\n    <question questNum='2'>I come from Ontario.</question>\n  </interview>\n  <interview number='2'>\n    <name>Jane</name>\n    <question questNum='1'>My name is Jane.</question>\n    <question questNum='2'>I come from Alberta.</question>\n  </interview>\n</interviews>","output":"<div class=\"spyral-dv-container\"><span class=\"spyral-dv-content\" style=\"margin-left: 0px;\"><span class=\"spyral-dv-left spyral-dv-folder\">xmlSrc: <span class=\"spyral-dv-type\">Node</span><span class=\"spyral-dv-length\">&lt;1&gt;</span> <span class=\"spyral-dv-folder-icon spyral-dv-expanded\"><svg width=\"8\" height=\"8\" class=\"open\"><path d=\"M4 7L0 1h8z\" fill=\"#000\"></path></svg><svg width=\"8\" height=\"8\" class=\"closed\"><path d=\"M7 4L1 8V0z\" fill=\"#000\"></path></svg></span></span><span class=\"spyral-dv-Node spyral-dv-right spyral-dv-expanded\"><span class=\"spyral-dv-content\" style=\"margin-left: 0px;\"><span class=\"spyral-dv-left spyral-dv-folder\">interviews: <span class=\"spyral-dv-type\">Node</span><span class=\"spyral-dv-length\">&lt;5&gt;</span> <span class=\"spyral-dv-folder-icon spyral-dv-expanded\"><svg width=\"8\" height=\"8\" class=\"open\"><path d=\"M4 7L0 1h8z\" fill=\"#000\"></path></svg><svg width=\"8\" height=\"8\" class=\"closed\"><path d=\"M7 4L1 8V0z\" fill=\"#000\"></path></svg></span></span><span class=\"spyral-dv-Node spyral-dv-right spyral-dv-expanded\"><span class=\"spyral-dv-content\" style=\"margin-left: 0px;\"><span class=\"spyral-dv-left spyral-dv-folder\">interview: <span class=\"spyral-dv-type\">Node</span><span class=\"spyral-dv-length\">&lt;7&gt;</span> <span class=\"spyral-dv-folder-icon spyral-dv-expanded\"><svg width=\"8\" height=\"8\" class=\"open\"><path d=\"M4 7L0 1h8z\" fill=\"#000\"></path></svg><svg width=\"8\" height=\"8\" class=\"closed\"><path d=\"M7 4L1 8V0z\" fill=\"#000\"></path></svg></span></span><span class=\"spyral-dv-Node spyral-dv-right spyral-dv-expanded\"><span class=\"spyral-dv-content\" style=\"margin-left: 0px;\"><span class=\"spyral-dv-left spyral-dv-folder\">name: <span class=\"spyral-dv-type\">Node</span><span class=\"spyral-dv-length\">&lt;1&gt;</span> <span class=\"spyral-dv-folder-icon spyral-dv-expanded\"><svg width=\"8\" height=\"8\" class=\"open\"><path d=\"M4 7L0 1h8z\" fill=\"#000\"></path></svg><svg width=\"8\" height=\"8\" class=\"closed\"><path d=\"M7 4L1 8V0z\" fill=\"#000\"></path></svg></span></span><span class=\"spyral-dv-Node spyral-dv-right spyral-dv-expanded\"><span class=\"spyral-dv-content\" style=\"margin-left: 0px;\"><span class=\"spyral-dv-left\">#text:&nbsp;</span><span class=\"spyral-dv-String spyral-dv-right\">\"Joe\"</span></span></span></span><span class=\"spyral-dv-content\" style=\"margin-left: 0px;\"><span class=\"spyral-dv-left spyral-dv-folder\">question: <span class=\"spyral-dv-type\">Node</span><span class=\"spyral-dv-length\">&lt;1&gt;</span> <span class=\"spyral-dv-folder-icon spyral-dv-expanded\"><svg width=\"8\" height=\"8\" class=\"open\"><path d=\"M4 7L0 1h8z\" fill=\"#000\"></path></svg><svg width=\"8\" height=\"8\" class=\"closed\"><path d=\"M7 4L1 8V0z\" fill=\"#000\"></path></svg></span></span><span class=\"spyral-dv-Node spyral-dv-right spyral-dv-expanded\"><span class=\"spyral-dv-content\" style=\"margin-left: 0px;\"><span class=\"spyral-dv-left\">#text:&nbsp;</span><span class=\"spyral-dv-String spyral-dv-right\">\"My name is Joseph.\"</span></span></span></span><span class=\"spyral-dv-content\" style=\"margin-left: 0px;\"><span class=\"spyral-dv-left spyral-dv-folder\">question: <span class=\"spyral-dv-type\">Node</span><span class=\"spyral-dv-length\">&lt;1&gt;</span> <span class=\"spyral-dv-folder-icon spyral-dv-expanded\"><svg width=\"8\" height=\"8\" class=\"open\"><path d=\"M4 7L0 1h8z\" fill=\"#000\"></path></svg><svg width=\"8\" height=\"8\" class=\"closed\"><path d=\"M7 4L1 8V0z\" fill=\"#000\"></path></svg></span></span><span class=\"spyral-dv-Node spyral-dv-right spyral-dv-expanded\"><span class=\"spyral-dv-content\" style=\"margin-left: 0px;\"><span class=\"spyral-dv-left\">#text:&nbsp;</span><span class=\"spyral-dv-String spyral-dv-right\">\"I come from Ontario.\"</span></span></span></span></span></span><span class=\"spyral-dv-content\" style=\"margin-left: 0px;\"><span class=\"spyral-dv-left spyral-dv-folder\">interview: <span class=\"spyral-dv-type\">Node</span><span class=\"spyral-dv-length\">&lt;7&gt;</span> <span class=\"spyral-dv-folder-icon spyral-dv-expanded\"><svg width=\"8\" height=\"8\" class=\"open\"><path d=\"M4 7L0 1h8z\" fill=\"#000\"></path></svg><svg width=\"8\" height=\"8\" class=\"closed\"><path d=\"M7 4L1 8V0z\" fill=\"#000\"></path></svg></span></span><span class=\"spyral-dv-Node spyral-dv-right spyral-dv-expanded\"><span class=\"spyral-dv-content\" style=\"margin-left: 0px;\"><span class=\"spyral-dv-left spyral-dv-folder\">name: <span class=\"spyral-dv-type\">Node</span><span class=\"spyral-dv-length\">&lt;1&gt;</span> <span class=\"spyral-dv-folder-icon spyral-dv-expanded\"><svg width=\"8\" height=\"8\" class=\"open\"><path d=\"M4 7L0 1h8z\" fill=\"#000\"></path></svg><svg width=\"8\" height=\"8\" class=\"closed\"><path d=\"M7 4L1 8V0z\" fill=\"#000\"></path></svg></span></span><span class=\"spyral-dv-Node spyral-dv-right spyral-dv-expanded\"><span class=\"spyral-dv-content\" style=\"margin-left: 0px;\"><span class=\"spyral-dv-left\">#text:&nbsp;</span><span class=\"spyral-dv-String spyral-dv-right\">\"Jane\"</span></span></span></span><span class=\"spyral-dv-content\" style=\"margin-left: 0px;\"><span class=\"spyral-dv-left spyral-dv-folder\">question: <span class=\"spyral-dv-type\">Node</span><span class=\"spyral-dv-length\">&lt;1&gt;</span> <span class=\"spyral-dv-folder-icon spyral-dv-expanded\"><svg width=\"8\" height=\"8\" class=\"open\"><path d=\"M4 7L0 1h8z\" fill=\"#000\"></path></svg><svg width=\"8\" height=\"8\" class=\"closed\"><path d=\"M7 4L1 8V0z\" fill=\"#000\"></path></svg></span></span><span class=\"spyral-dv-Node spyral-dv-right spyral-dv-expanded\"><span class=\"spyral-dv-content\" style=\"margin-left: 0px;\"><span class=\"spyral-dv-left\">#text:&nbsp;</span><span class=\"spyral-dv-String spyral-dv-right\">\"My name is Jane.\"</span></span></span></span><span class=\"spyral-dv-content\" style=\"margin-left: 0px;\"><span class=\"spyral-dv-left spyral-dv-folder\">question: <span class=\"spyral-dv-type\">Node</span><span class=\"spyral-dv-length\">&lt;1&gt;</span> <span class=\"spyral-dv-folder-icon spyral-dv-expanded\"><svg width=\"8\" height=\"8\" class=\"open\"><path d=\"M4 7L0 1h8z\" fill=\"#000\"></path></svg><svg width=\"8\" height=\"8\" class=\"closed\"><path d=\"M7 4L1 8V0z\" fill=\"#000\"></path></svg></span></span><span class=\"spyral-dv-Node spyral-dv-right spyral-dv-expanded\"><span class=\"spyral-dv-content\" style=\"margin-left: 0px;\"><span class=\"spyral-dv-left\">#text:&nbsp;</span><span class=\"spyral-dv-String spyral-dv-right\">\"I come from Alberta.\"</span></span></span></span></span></span></span></span></span></span></div>","mode":"xml","expandResults":false,"dataName":"xmlSrc"}},{"cellId":"fy8n0cmr","type":"text","content":"<p></p><p></p><p></p><h2></h2><h3>1.3 Uploading anXML file</h3><p>You can also upload a File by choosing to Configure a Code cell to \"File.\" That will give you a File Upload button and you can then assign&nbsp;</p><p></p><p></p><p></p><h2></h2><p></p>"},{"cellId":"bquj8iqm","type":"data","content":{"input":{},"output":"<body class=\"\"></body>","mode":"file","expandResults":true,"dataName":"xmlString"}},{"cellId":"f2e23uxw","type":"text","content":"<h2>2. <a id=\"extractingXML\" name=\"extractingXML\" data-cke-saved-name=\"extractingXML\">Extracting</a> a Subset using XPath</h2><p>Once you have the XML you can do things to it. In the next code example, you can see how you can use XPath to extract the interview number 1. You could also use this to:</p><ul><li>Extract the&nbsp;</li></ul>"},{"cellId":"pzxp04j1","type":"code","content":{"input":"const xpathExpr = \"//interview[@number = '1']\";\nconst items = xmlSrc.evaluate(xpathExpr, xmlSrc, null, XPathResult.ORDERED_NODE_SNAPSHOT_TYPE, null);\n\nvar theTexts = [];\n\nfor (let i = 0; i < items.snapshotLength; i++) {\n  const item = items.snapshotItem(i);\n  theTexts.push(item.textContent);\n};\n\ntheTexts;","output":"<div class=\"spyral-dv-container\"><span class=\"spyral-dv-content\" style=\"margin-left: 0px;\"><span class=\"spyral-dv-left spyral-dv-folder\">theTexts: <span class=\"spyral-dv-type\">Array</span><span class=\"spyral-dv-length\">[1]</span> <span class=\"spyral-dv-folder-icon spyral-dv-expanded\"><svg width=\"8\" height=\"8\" class=\"open\"><path d=\"M4 7L0 1h8z\" fill=\"#000\"></path></svg><svg width=\"8\" height=\"8\" class=\"closed\"><path d=\"M7 4L1 8V0z\" fill=\"#000\"></path></svg></span></span><span class=\"spyral-dv-Array spyral-dv-right spyral-dv-expanded\"><span class=\"spyral-dv-content\" style=\"margin-left: 0px;\"><span class=\"spyral-dv-left\">0:&nbsp;</span><span class=\"spyral-dv-String spyral-dv-right\">\"<br>    Joe<br>    My name is Joseph.<br>    I come from Ontario.<br>  \"</span></span></span></span></div>","mode":"javascript","expandResults":true}},{"cellId":"mlq8w2jq","type":"text","content":"<h2>3. Using XPath to Create Special Corpora in Voyant</h2><p>Voyant has the capability to take XPath arguments when you create a corpus to create special corpora. To do this you have to:</p><ol><li>Create a code cell and choose \"Corpus\" from the Config panel. This gives you an interactive panel where you will choose what sort of input, the name of corpus created and you have an Options button.</li><li>To use the&nbsp;</li></ol><p><br></p>"},{"cellId":"jssevv8u","type":"data","content":{"input":{"corpusId":"88a6901e3f24501efc2c4dbb05b18f25","type":"variable","value":"interviewsText"},"output":"<div class=\"spyral-dv-container\"><span class=\"spyral-dv-content\" style=\"margin-left: 0px;\"><span class=\"spyral-dv-left spyral-dv-folder\">undefined: <span class=\"spyral-dv-type\">Object</span><span class=\"spyral-dv-length\">{10}</span> <span class=\"spyral-dv-folder-icon spyral-dv-expanded\"><svg width=\"8\" height=\"8\" class=\"open\"><path d=\"M4 7L0 1h8z\" fill=\"#000\"></path></svg><svg width=\"8\" height=\"8\" class=\"closed\"><path d=\"M7 4L1 8V0z\" fill=\"#000\"></path></svg></span></span><span class=\"spyral-dv-Object spyral-dv-right spyral-dv-expanded\"><span class=\"spyral-dv-content\" style=\"margin-left: 0px;\"><span class=\"spyral-dv-left\">id:&nbsp;</span><span class=\"spyral-dv-String spyral-dv-right\">\"88a6901e3f24501efc2c4dbb05b18f25\"</span></span><span class=\"spyral-dv-content\" style=\"margin-left: 0px;\"><span class=\"spyral-dv-left\">title:&nbsp;</span><span class=\"spyral-dv-String spyral-dv-right\">\"\"</span></span><span class=\"spyral-dv-content\" style=\"margin-left: 0px;\"><span class=\"spyral-dv-left\">subTitle:&nbsp;</span><span class=\"spyral-dv-String spyral-dv-right\">\"\"</span></span><span class=\"spyral-dv-content\" style=\"margin-left: 0px;\"><span class=\"spyral-dv-left\">documentsCount:&nbsp;</span><span class=\"spyral-dv-Number spyral-dv-right\">2</span></span><span class=\"spyral-dv-content\" style=\"margin-left: 0px;\"><span class=\"spyral-dv-left\">createdTime:&nbsp;</span><span class=\"spyral-dv-Number spyral-dv-right\">1679418538855</span></span><span class=\"spyral-dv-content\" style=\"margin-left: 0px;\"><span class=\"spyral-dv-left\">createdDate:&nbsp;</span><span class=\"spyral-dv-String spyral-dv-right\">\"2023-03-21T17:08:58.855+0000\"</span></span><span class=\"spyral-dv-content\" style=\"margin-left: 0px;\"><span class=\"spyral-dv-left\">lexicalTokensCount:&nbsp;</span><span class=\"spyral-dv-Number spyral-dv-right\">16</span></span><span class=\"spyral-dv-content\" style=\"margin-left: 0px;\"><span class=\"spyral-dv-left\">lexicalTypesCount:&nbsp;</span><span class=\"spyral-dv-Number spyral-dv-right\">10</span></span><span class=\"spyral-dv-content\" style=\"margin-left: 0px;\"><span class=\"spyral-dv-left\">noPasswordAccess:&nbsp;</span><span class=\"spyral-dv-String spyral-dv-right\">\"NORMAL\"</span></span><span class=\"spyral-dv-content\" style=\"margin-left: 0px;\"><span class=\"spyral-dv-left spyral-dv-folder\">languageCodes: <span class=\"spyral-dv-type\">Array</span><span class=\"spyral-dv-length\">[2]</span> <span class=\"spyral-dv-folder-icon spyral-dv-expanded\"><svg width=\"8\" height=\"8\" class=\"open\"><path d=\"M4 7L0 1h8z\" fill=\"#000\"></path></svg><svg width=\"8\" height=\"8\" class=\"closed\"><path d=\"M7 4L1 8V0z\" fill=\"#000\"></path></svg></span></span><span class=\"spyral-dv-Array spyral-dv-right spyral-dv-expanded\"><span class=\"spyral-dv-content\" style=\"margin-left: 0px;\"><span class=\"spyral-dv-left\">0:&nbsp;</span><span class=\"spyral-dv-String spyral-dv-right\">\"pt\"</span></span><span class=\"spyral-dv-content\" style=\"margin-left: 0px;\"><span class=\"spyral-dv-left\">1:&nbsp;</span><span class=\"spyral-dv-String spyral-dv-right\">\"en\"</span></span></span></span></span></span></div>","mode":"corpus","expandResults":true,"dataName":"theInterviews"}},{"cellId":"y3ikwhza","type":"code","content":{"input":"theInterviews.tool('Reader');\n","output":"<body class=\"\"><iframe style=\"width: 350px; height: 350px;\" src=\"https://voyant-tools.org/tool/Reader/?corpus=88a6901e3f24501efc2c4dbb05b18f25&amp;forTool=Reader\"></iframe></body>","mode":"javascript","expandResults":true}},{"cellId":"jaa71uwr","type":"data","content":{"input":"<interviews>\n  <interview number='1'>\n    <name>Joe</name>\n    <question questNum='1'>My name is Joseph.</question>\n    <question questNum='2'>I come from Ontario.</question>\n  </interview>\n  <interview number='2'>\n    <name>Jane</name>\n    <question questNum='1'>My name is Jane.</question>\n    <question questNum='2'>I come from Alberta.</question>\n  </interview>\n</interviews>","output":"<div class=\"spyral-dv-container\"><span class=\"spyral-dv-content\" style=\"margin-left: 0px;\"><span class=\"spyral-dv-left spyral-dv-folder\">xmlSrc: <span class=\"spyral-dv-type\">Node</span><span class=\"spyral-dv-length\">&lt;1&gt;</span> <span class=\"spyral-dv-folder-icon spyral-dv-expanded\"><svg width=\"8\" height=\"8\" class=\"open\"><path d=\"M4 7L0 1h8z\" fill=\"#000\"></path></svg><svg width=\"8\" height=\"8\" class=\"closed\"><path d=\"M7 4L1 8V0z\" fill=\"#000\"></path></svg></span></span><span class=\"spyral-dv-Node spyral-dv-right spyral-dv-expanded\"><span class=\"spyral-dv-content\" style=\"margin-left: 0px;\"><span class=\"spyral-dv-left spyral-dv-folder\">interviews: <span class=\"spyral-dv-type\">Node</span><span class=\"spyral-dv-length\">&lt;5&gt;</span> <span class=\"spyral-dv-folder-icon spyral-dv-expanded\"><svg width=\"8\" height=\"8\" class=\"open\"><path d=\"M4 7L0 1h8z\" fill=\"#000\"></path></svg><svg width=\"8\" height=\"8\" class=\"closed\"><path d=\"M7 4L1 8V0z\" fill=\"#000\"></path></svg></span></span><span class=\"spyral-dv-Node spyral-dv-right spyral-dv-expanded\"><span class=\"spyral-dv-content\" style=\"margin-left: 0px;\"><span class=\"spyral-dv-left spyral-dv-folder\">interview: <span class=\"spyral-dv-type\">Node</span><span class=\"spyral-dv-length\">&lt;7&gt;</span> <span class=\"spyral-dv-folder-icon spyral-dv-expanded\"><svg width=\"8\" height=\"8\" class=\"open\"><path d=\"M4 7L0 1h8z\" fill=\"#000\"></path></svg><svg width=\"8\" height=\"8\" class=\"closed\"><path d=\"M7 4L1 8V0z\" fill=\"#000\"></path></svg></span></span><span class=\"spyral-dv-Node spyral-dv-right spyral-dv-expanded\"><span class=\"spyral-dv-content\" style=\"margin-left: 0px;\"><span class=\"spyral-dv-left spyral-dv-folder\">name: <span class=\"spyral-dv-type\">Node</span><span class=\"spyral-dv-length\">&lt;1&gt;</span> <span class=\"spyral-dv-folder-icon spyral-dv-expanded\"><svg width=\"8\" height=\"8\" class=\"open\"><path d=\"M4 7L0 1h8z\" fill=\"#000\"></path></svg><svg width=\"8\" height=\"8\" class=\"closed\"><path d=\"M7 4L1 8V0z\" fill=\"#000\"></path></svg></span></span><span class=\"spyral-dv-Node spyral-dv-right spyral-dv-expanded\"><span class=\"spyral-dv-content\" style=\"margin-left: 0px;\"><span class=\"spyral-dv-left\">#text:&nbsp;</span><span class=\"spyral-dv-String spyral-dv-right\">\"Joe\"</span></span></span></span><span class=\"spyral-dv-content\" style=\"margin-left: 0px;\"><span class=\"spyral-dv-left spyral-dv-folder\">question: <span class=\"spyral-dv-type\">Node</span><span class=\"spyral-dv-length\">&lt;1&gt;</span> <span class=\"spyral-dv-folder-icon spyral-dv-expanded\"><svg width=\"8\" height=\"8\" class=\"open\"><path d=\"M4 7L0 1h8z\" fill=\"#000\"></path></svg><svg width=\"8\" height=\"8\" class=\"closed\"><path d=\"M7 4L1 8V0z\" fill=\"#000\"></path></svg></span></span><span class=\"spyral-dv-Node spyral-dv-right spyral-dv-expanded\"><span class=\"spyral-dv-content\" style=\"margin-left: 0px;\"><span class=\"spyral-dv-left\">#text:&nbsp;</span><span class=\"spyral-dv-String spyral-dv-right\">\"My name is Joseph.\"</span></span></span></span><span class=\"spyral-dv-content\" style=\"margin-left: 0px;\"><span class=\"spyral-dv-left spyral-dv-folder\">question: <span class=\"spyral-dv-type\">Node</span><span class=\"spyral-dv-length\">&lt;1&gt;</span> <span class=\"spyral-dv-folder-icon spyral-dv-expanded\"><svg width=\"8\" height=\"8\" class=\"open\"><path d=\"M4 7L0 1h8z\" fill=\"#000\"></path></svg><svg width=\"8\" height=\"8\" class=\"closed\"><path d=\"M7 4L1 8V0z\" fill=\"#000\"></path></svg></span></span><span class=\"spyral-dv-Node spyral-dv-right spyral-dv-expanded\"><span class=\"spyral-dv-content\" style=\"margin-left: 0px;\"><span class=\"spyral-dv-left\">#text:&nbsp;</span><span class=\"spyral-dv-String spyral-dv-right\">\"I come from Ontario.\"</span></span></span></span></span></span><span class=\"spyral-dv-content\" style=\"margin-left: 0px;\"><span class=\"spyral-dv-left spyral-dv-folder\">interview: <span class=\"spyral-dv-type\">Node</span><span class=\"spyral-dv-length\">&lt;7&gt;</span> <span class=\"spyral-dv-folder-icon spyral-dv-expanded\"><svg width=\"8\" height=\"8\" class=\"open\"><path d=\"M4 7L0 1h8z\" fill=\"#000\"></path></svg><svg width=\"8\" height=\"8\" class=\"closed\"><path d=\"M7 4L1 8V0z\" fill=\"#000\"></path></svg></span></span><span class=\"spyral-dv-Node spyral-dv-right spyral-dv-expanded\"><span class=\"spyral-dv-content\" style=\"margin-left: 0px;\"><span class=\"spyral-dv-left spyral-dv-folder\">name: <span class=\"spyral-dv-type\">Node</span><span class=\"spyral-dv-length\">&lt;1&gt;</span> <span class=\"spyral-dv-folder-icon spyral-dv-expanded\"><svg width=\"8\" height=\"8\" class=\"open\"><path d=\"M4 7L0 1h8z\" fill=\"#000\"></path></svg><svg width=\"8\" height=\"8\" class=\"closed\"><path d=\"M7 4L1 8V0z\" fill=\"#000\"></path></svg></span></span><span class=\"spyral-dv-Node spyral-dv-right spyral-dv-expanded\"><span class=\"spyral-dv-content\" style=\"margin-left: 0px;\"><span class=\"spyral-dv-left\">#text:&nbsp;</span><span class=\"spyral-dv-String spyral-dv-right\">\"Jane\"</span></span></span></span><span class=\"spyral-dv-content\" style=\"margin-left: 0px;\"><span class=\"spyral-dv-left spyral-dv-folder\">question: <span class=\"spyral-dv-type\">Node</span><span class=\"spyral-dv-length\">&lt;1&gt;</span> <span class=\"spyral-dv-folder-icon spyral-dv-expanded\"><svg width=\"8\" height=\"8\" class=\"open\"><path d=\"M4 7L0 1h8z\" fill=\"#000\"></path></svg><svg width=\"8\" height=\"8\" class=\"closed\"><path d=\"M7 4L1 8V0z\" fill=\"#000\"></path></svg></span></span><span class=\"spyral-dv-Node spyral-dv-right spyral-dv-expanded\"><span class=\"spyral-dv-content\" style=\"margin-left: 0px;\"><span class=\"spyral-dv-left\">#text:&nbsp;</span><span class=\"spyral-dv-String spyral-dv-right\">\"My name is Jane.\"</span></span></span></span><span class=\"spyral-dv-content\" style=\"margin-left: 0px;\"><span class=\"spyral-dv-left spyral-dv-folder\">question: <span class=\"spyral-dv-type\">Node</span><span class=\"spyral-dv-length\">&lt;1&gt;</span> <span class=\"spyral-dv-folder-icon spyral-dv-expanded\"><svg width=\"8\" height=\"8\" class=\"open\"><path d=\"M4 7L0 1h8z\" fill=\"#000\"></path></svg><svg width=\"8\" height=\"8\" class=\"closed\"><path d=\"M7 4L1 8V0z\" fill=\"#000\"></path></svg></span></span><span class=\"spyral-dv-Node spyral-dv-right spyral-dv-expanded\"><span class=\"spyral-dv-content\" style=\"margin-left: 0px;\"><span class=\"spyral-dv-left\">#text:&nbsp;</span><span class=\"spyral-dv-String spyral-dv-right\">\"I come from Alberta.\"</span></span></span></span></span></span></span></span></span></span></div>","mode":"xml","expandResults":true,"dataName":"xmlSrc"}},{"cellId":"lgi6rgj8","type":"code","content":{"input":"const xpathExpr = \"//interview[@number = '1']\";\nconst items = xmlSrc.evaluate(xpathExpr, xmlSrc, null, XPathResult.ORDERED_NODE_SNAPSHOT_TYPE, null);\n\nvar theTexts = [];\n\nfor (let i = 0; i < items.snapshotLength; i++) {\n  const item = items.snapshotItem(i);\n  theTexts.push(item.textContent);\n};\n\ntheTexts;","output":"<div class=\"spyral-dv-container\"><span class=\"spyral-dv-content\" style=\"margin-left: 0px;\"><span class=\"spyral-dv-left spyral-dv-folder\">theTexts: <span class=\"spyral-dv-type\">Array</span><span class=\"spyral-dv-length\">[1]</span> <span class=\"spyral-dv-folder-icon spyral-dv-expanded\"><svg width=\"8\" height=\"8\" class=\"open\"><path d=\"M4 7L0 1h8z\" fill=\"#000\"></path></svg><svg width=\"8\" height=\"8\" class=\"closed\"><path d=\"M7 4L1 8V0z\" fill=\"#000\"></path></svg></span></span><span class=\"spyral-dv-Array spyral-dv-right spyral-dv-expanded\"><span class=\"spyral-dv-content\" style=\"margin-left: 0px;\"><span class=\"spyral-dv-left\">0:&nbsp;</span><span class=\"spyral-dv-String spyral-dv-right\">\"<br>    Joe<br>    My name is Joseph.<br>    I come from Ontario.<br>  \"</span></span></span></span></div>","mode":"javascript","expandResults":true}}]}