{"metadata":{"title":"Hugging Face Example","userId":"learnspyral@gh","author":"Andrew MacDonald and Geoffrey Rockwell","description":"","catalogue":false,"keywords":"","modified":"2024-04-10T02:32:57.773Z","created":"2024-03-12T18:10:21.367Z","language":"English","license":"","version":"0.1"},"cells":[{"cellId":"dx2111ab","type":"text","content":"<h2>Introduction</h2><p>This notebook is where I am playing around with Hugging Face models.</p><p><a data-cke-saved-href=\"https://huggingface.co/models?pipeline_tag=summarization\" target=\"_blank\" href=\"https://huggingface.co/models?pipeline_tag=summarization\">https://huggingface.co/models?pipeline_tag=summarization</a><br></p>"},{"cellId":"se53vdue","type":"text","content":"<h2>Provide your Hugging Face token</h2><p>For any of this to work you need to provide your Hugging Face token. For that you need to get an account with Hugging Face and then go into Settings where you can get a token. Don't share that with others.&nbsp;</p><p>The token will be flushed from this notebook when you leave the page.</p><p></p>"},{"cellId":"qrxydvu8","type":"code","content":{"input":"var HF_TOKEN = prompt('token?', '')","output":"<div class=\"spyral-dv-container\"><span class=\"spyral-dv-content\" style=\"margin-left: 0px;\"><span class=\"spyral-dv-left\"></span><span class=\"spyral-dv-Undefined spyral-dv-right\">undefined</span></span></div>","mode":"javascript","expandResults":true}},{"cellId":"y2wz4egb","type":"text","content":"<h2>Summarization</h2><p>In the next blocks you can upload a text file and then send it to one of the models for summarization.<br></p><p>This next cell lets you upload a text file (XML doesn't work) and assign it to a variable.&nbsp;</p><p></p>"},{"cellId":"dsllb0qq","type":"data","content":{"input":{"resourceId":"eqt5ekrt1anrkd4v87avtjpf0n2gtf2z","fileName":"Plato.Republic.txt"},"output":"<div class=\"spyral-dv-container\"><span class=\"spyral-dv-content\" style=\"margin-left: 0px;\"><span class=\"spyral-dv-left\">content:&nbsp;</span><span class=\"spyral-dv-Undefined spyral-dv-right\">[object Blob]</span></span></div>","mode":"file","expandResults":false,"dataName":"content"}},{"cellId":"yb8llrb7","type":"text","content":"<p>The next cell imports a function from another notebook and then runs the summarization. It will return a stringified object.<br></p><p>The imported function is here:</p><p>&nbsp; &nbsp; &nbsp;<a data-cke-saved-href=\"https://voyant-tools.org/spyral/ajmacdonald@gh/huggingface/\" target=\"_blank\" href=\"https://voyant-tools.org/spyral/ajmacdonald@gh/huggingface/\">https://voyant-tools.org/spyral/ajmacdonald@gh/huggingface/</a></p><p></p>"},{"cellId":"p3wk3mwn","type":"code","content":{"input":"(async () => { // wrap everything in an async IIFE so that we can make use of await\n\n  await Spyral.Notebook.import('ajmacdonald@gh_huggingface');\n\n  var HFLib = await loadHuggingFace();\n  var hf = new HFLib(HF_TOKEN);\n  var result = await hf.summarization({\n    inputs: content,\n    model: 'kabita-choudhary/finetuned-bart-for-conversation-summary',\n  });\n\n  show(JSON.stringify(result));\n  \n})();","output":"<body class=\"\"><script type=\"module\">\n      import { HfInference } from 'https://cdn.jsdelivr.net/npm/@huggingface/inference@2.6.4/+esm';\n      window.HfInference = HfInference;\n      window.resolve(window.HfInference);\n    </script><div class=\"info\">{\"summary_text\":\"Glaucon went to the Piraeus yesterday to offer his prayers to the goddess and to see the festival. Glaucon, Adeimantus, Niceratus the son of Nicias, Thrasymachus the Chalcedonian, Charmantides the Paeanian, and Cleitophon, son of Ariston, went with Polemarchus to his house. They are going to see a torch-race on horseback in honour of the goddess in the evening.\"}</div></body>","mode":"javascript","expandResults":true}},{"cellId":"oeqcnh5u","type":"text","content":"<h2>Sentiment Analysis</h2><p>Here I'm going to try to get sentiment analysis working. The next cell is where you can put some text to check the sentiment of.</p>"},{"cellId":"cnqdndur","type":"data","content":{"input":"I love the world, but I wonder sometimes.","output":"<div class=\"spyral-dv-container\"><span class=\"spyral-dv-content\" style=\"margin-left: 0px;\"><span class=\"spyral-dv-left\">content2:&nbsp;</span><span class=\"spyral-dv-String spyral-dv-right\">\"I love the world, but I wonder sometimes.\"</span></span></div>","mode":"text","expandResults":true,"dataName":"content2"}},{"cellId":"aaczr7kd","type":"code","content":{"input":"(async () => { // wrap everything in an async IIFE so that we can make use of await\n\n  await Spyral.Notebook.import('ajmacdonald@gh_huggingface');\n\n  var HFLib = await loadHuggingFace();\n  var hf = new HFLib(HF_TOKEN);\n  var result = await hf.textClassification({\n    inputs: content2,\n    model: 'FacebookAI/roberta-large-mnli',\n  });\n\n  show(JSON.stringify(result));\n  \n})();","output":"<body class=\"\"><script type=\"module\">\n      import { HfInference } from 'https://cdn.jsdelivr.net/npm/@huggingface/inference@2.6.4/+esm';\n      window.HfInference = HfInference;\n      window.resolve(window.HfInference);\n    </script><div class=\"info\">[{\"label\":\"NEUTRAL\",\"score\":0.7520964741706848},{\"label\":\"ENTAILMENT\",\"score\":0.23967096209526062},{\"label\":\"CONTRADICTION\",\"score\":0.008232551626861095}]</div></body>","mode":"javascript","expandResults":true}}]}