{"metadata":{"title":"Types of Cells","userId":"learnspyral@gh","author":"Ayushi Khemka","description":"","keywords":"","modified":"2022-07-12T20:11:17.693Z","created":"2022-02-11T04:41:01.210Z","language":"English","license":"Creative Commons Attribution (CC BY)","version":"0.1"},"cells":[{"cellId":"jf3mk1g7","type":"text","content":"<h2>This Spyral Notebook is designed to understand the different types of cells in a notebook.</h2><h3>Table of Contents of Notebook:</h3><ul><li>Types of cells</li><li>Adding a cell</li><li>Deleting a cell</li><li>Moving a cell</li></ul><h2>Types of cells</h2><p>A Spyral notebook consists of two types of cells: <strong>text cell</strong> and <strong>code cell</strong>. You would find that oftentimes, another term used for cells is \"blocks\". The text cell allows you to write the textual material that you wish to include in your notebook. You can edit it and style it as per your requirements through the tool bar at the top of the text cell. The toolbar is a pretty standard toolbar that you would find in say, a Word document or a Google doc. You can do all sorts of things in this cell, including <strong>bold</strong>,<em> italicise</em>, <u>underline</u>, align and so on, just like you would do in a regular Word doc.</p><p><br></p><p><img alt=\"\" data-cke-saved-src=\"https://raw.githubusercontent.com/wiki/voyanttools/Voyant/images/using-spyral-images/Toolbar%20Image.png\" src=\"https://raw.githubusercontent.com/wiki/voyanttools/Voyant/images/using-spyral-images/Toolbar%20Image.png\" style=\"width: 830px; height: 150px; float: left;\"><br></p><p><br></p><p><br></p><p><br></p><p><br></p><p><br></p><p>The code cell is the cell where all your code would go. To run the code in the code cell, click the play button to the left of the cell. The button would appear when you hover your cursor over&nbsp;the code cell.<br></p><p><br></p><p><img alt=\"\" data-cke-saved-src=\"https://raw.githubusercontent.com/wiki/voyanttools/Voyant/images/using-spyral-images/Play%20button%20image.png\" src=\"https://raw.githubusercontent.com/wiki/voyanttools/Voyant/images/using-spyral-images/Play%20button%20image.png\" style=\"width: 790px; height: 150px;\"><br></p><p><br></p><p><br></p>"},{"cellId":"cgiloh0z","type":"code","content":{"input":"//This is a text cell or block.\nloadCorpus(\"austen\").summary(); //This is my code.\n//To run the code, click on the play button to the left.","output":"<div class=\"spyral-dv-container\"><span class=\"spyral-dv-content\" style=\"margin-left: 0px;\"><span class=\"spyral-dv-left\"></span><span class=\"spyral-dv-String spyral-dv-right\">\"This corpus (austen) has 8 documents with 781,763 total words and 15,368 unique word forms.\"</span></span></div>","mode":"javascript","expandResults":true}},{"cellId":"ct7qvr16","type":"text","content":"<h2>Adding a cell</h2><p>In order to add a cell in your notebook, click the plus '+' button&nbsp;on the top left corner of the cell after which you wish to add a cell.</p><p><br></p><p><img alt=\"\" data-cke-saved-src=\"https://raw.githubusercontent.com/wiki/voyanttools/Voyant/images/using-spyral-images/Adding%20a%20cell%20image.png\" src=\"https://raw.githubusercontent.com/wiki/voyanttools/Voyant/images/using-spyral-images/Adding%20a%20cell%20image.png\" style=\"width: 907px; height: 200px;\"><br></p><p><br></p><p>Spyral automatically adds cells alternately, i.e. if you click plus after a code cell, Spyral will automatically add a text cell and vice-versa. But what if you want to add another code cell after a code cell? In such a case, press the Shift key on your keyboard and simultaneously click the '+' button. Shift and '+' command adds the same type of cell as the previous one.</p><p><br></p>"},{"cellId":"cb8ixpcx","type":"text","content":"<h2>Deleting a cell</h2><p>If you want to delete a particular cell, click the trash button on the right of the cell which you wish to delete.</p><p><br></p><p><img alt=\"\" data-cke-saved-src=\"https://raw.githubusercontent.com/wiki/voyanttools/Voyant/images/using-spyral-images/Delete%20cell.png\" src=\"https://raw.githubusercontent.com/wiki/voyanttools/Voyant/images/using-spyral-images/Delete%20cell.png\" style=\"width: 899px; height: 120px;\"><br></p><p><br></p><p>Note that you cannot undo the delete command!</p>"},{"cellId":"l5vxqpq4","type":"text","content":"<h2>Moving a cell</h2><p>What if you create&nbsp;your entire notebook but while editing, realise that you want to move some cells around? The solution is simple. Click on the cell that you wish to move. Next, click on the Up or Down arrow as per your requirement and the cell will start moving.&nbsp;</p><p><img alt=\"\" data-cke-saved-src=\"https://raw.githubusercontent.com/wiki/voyanttools/Voyant/images/using-spyral-images/Moving%20a%20cell%20image.png\" src=\"https://raw.githubusercontent.com/wiki/voyanttools/Voyant/images/using-spyral-images/Moving%20a%20cell%20image.png\" style=\"width: 668px; height: 100px;\">​​​​​​​<br></p><p><br></p>"}]}