{"metadata":{"title":"Test notebook","userId":"learnspyral@gh","author":"","description":"","catalogue":false,"keywords":"","modified":"2024-03-04T10:14:00.828Z","created":"2024-03-04T10:11:38.873Z","language":"English","license":"","version":"0.1"},"cells":[{"cellId":"tmhailsy","type":"text","content":"<p>This is a Spyral Notebook, a dynamic document that combines writing, code and data in service of reading, analyzing and interpreting digital texts.</p><p>Spyral Notebooks are composed of text cells (like this one) and code cells (like the one below). You can click on the cells to edit them and add new cells by clicking add icon that appears in the left column when hovering over a cell.</p><p>To learn more check out our <a data-cke-saved-href=\"https://voyant-tools.org/spyral/learnspyral@gh/Tutorials/\" href=\"https://voyant-tools.org/spyral/learnspyral@gh/Tutorials/\" target=\"_blank\" data-tabindex-value=\"none\" tabindex=\"-1\" data-tabindex-counter=\"1\">Spyral Tutorials Table of Contents</a> page.</p>"},{"cellId":"ojkvfp96","type":"code","content":{"input":"8 + 3","output":"<div class=\"spyral-dv-container\"><span class=\"spyral-dv-content\" style=\"margin-left: 0px;\"><span class=\"spyral-dv-left\"></span><span class=\"spyral-dv-Number spyral-dv-right\">11</span></span></div>","mode":"javascript","expandResults":true}}]}