{"metadata":{"title":"Promise Tutorial","userId":"learnspyral@gh","author":"Ryan Chartier","description":"","catalogue":true,"keywords":["tutorial","tutorials"],"modified":"2024-06-16T15:58:37.540Z","created":"2024-04-23T20:00:14.970Z","language":"English","license":"","version":"0.1"},"cells":[{"cellId":"wvxarbm3","type":"text","content":"<h2>A quick primer on Javascript Promises.<br type=\"_moz\"></h2><p>Unlike languages like Python, which are single threaded and run commands sequentially, Javascript is an event based language which attaches code to an event then runs that code whenever that event occurs.<br type=\"_moz\"></p><p>In the case of a Spyral notebook, the most common event is simply running a cell. Whenever we run a cell, the code inside that cell is triggered and can run. However, there are other events that can occur and we can attach code to those events as well.<br type=\"_moz\"></p><h2>Example: Loading data.<br type=\"_moz\"></h2><p>In a conventional programing language we might load data as follows.<br type=\"_moz\"></p><p></p>"},{"cellId":"w2c2nbsg","type":"code","content":{"input":"function some_load_function(argument) {\n  // We would add some data load logic here.\n  show(\"we are doing some loading now\");\n  return \"This is the data that we loaded: \" + argument;\n}\n\n\ndataset = some_load_function(\"data\");\nconsole.log(dataset);\nshow(dataset);\n\n// Now that the data is loaded we can do something with it!","output":"<body class=\"\"><div class=\"info\">we are doing some loading now</div><div class=\"info\">This is the data that we loaded: data</div></body>","mode":"javascript","expandResults":true}},{"cellId":"kd8zjifo","type":"text","content":"<p>In this case the system processes each command one at a time. We will always process the data after the data is loaded, because the main thread waits for each command to finish before starting the next one.</p><p>This works great in dedicated applications that only need to process one item at a time; however, your web browser is doing a lot more than processing a single cell and we wouldn't want the entire browser to hang while it waits for your data to load. So instead, we can tell our system that it doesn't have to wait by creating an asynchronous (async) function.<br type=\"_moz\"></p><p><br></p>"},{"cellId":"nzlhwp1e","type":"code","content":{"input":"async function some_load_function(argument) {\n  // We would add some data load logic here.\n  \n  // This is just javascripts way of sleeping for 1 seconds.  \n  await new Promise(r => setTimeout(r, 1000));\n  \n  show(\"we are done loading now\");\n  return \"This is the data that we loaded: \" + argument;\n}\n\nlet dataset = some_load_function(\"data\");\nshow(\"this is after the loading\")\n\n// Now that the data is loaded we can do something with it!","output":"<body class=\"\"><div class=\"info\">this is after the loading</div><div class=\"info\">we are done loading now</div></body>","mode":"javascript","expandResults":true}},{"cellId":"empwua85","type":"text","content":"<p>Asynchronous functions are functions that javascript runs in a thread seperate from the main thread. When the main thread is asked to execute an async function it creates a seperate thread independant of the main thread and asks it to process the function for it before moving on. The 'after loading' message appeared first because the main thread processes it after it has initiated the asynchronous thread without waiting for the asynchronous thread to finish.<br type=\"_moz\"></p><p>Depending on how fast the asynchronous thread is, either message could appear first depending on which thread wins the race and reaches their show call first.<br type=\"_moz\"></p><p>Confusingly, the output of an asynchronous function is not the output of the function as we normally think of it. Instead, we get an object that javascript calls a 'Promise'. In the example the variable 'dataset' is a promise.<br type=\"_moz\"></p><p>Promises allow us to continue processing data even though that data is not available on the main thread. To do this we can use the 'then' method to attach further instructions to the promise once it has finished processing.<br type=\"_moz\"></p><p><br></p>"},{"cellId":"z2ma72ym","type":"code","content":{"input":"async function some_load_function(argument) {\n  // We would add some data load logic here.\n  // This is just javascripts way of sleeping for 1 seconds.  \n  await new Promise(r => setTimeout(r, 1000));\n  show(\"we are done loading now\");\n  return \"This is the data that we loaded: \" + argument;\n}\n\n// run the load function and then run the show() function after it finishes.\nsome_load_function(\"data\").then(x => show(x));\nshow(\"this is after the loading\")","output":"<body class=\"\"><div class=\"info\">this is after the loading</div><div class=\"info\">we are done loading now</div><div class=\"info\">This is the data that we loaded: data</div></body>","mode":"javascript","expandResults":true}},{"cellId":"s3tn8i4r","type":"text","content":"<p>Alternatively, we can ask threads to wait for other threads to finish before processing using the await command.<br type=\"_moz\"></p><p>IMPORTANT NOTE: The await command cannot be used on the main thread, as doing so would force all Javascript execution to wait for your function to finish effectivly freezing your web browser. Javascript does not allow this.<br type=\"_moz\"></p><p></p>"},{"cellId":"xxinhpz9","type":"code","content":{"input":"async function some_load_function(argument) {\n  // We would add some data load logic here.\n  // This is just javascripts way of sleeping for 1 seconds.  \n  await new Promise(r => setTimeout(r, 1000));\n  show(\"we are done loading now\");\n  return \"This is the data that we loaded: \" + argument;\n}\n\n\nasync function main() {\n  // Run an async function, but then wait for that function to finish before moving on.\n  let loaded_data = await some_load_function(\"data\");\n  show(loaded_data);\n}\n\nmain() // We cannot await this function as we are still in the main thread.","output":"<body class=\"\"><div class=\"info\">we are done loading now</div><div class=\"info\">This is the data that we loaded: data</div></body>","mode":"javascript","expandResults":true}},{"cellId":"y2ti0nr6","type":"text","content":"<p></p>"}]}