{"metadata":{"title":"Working with Categories","userId":"learnspyral@gh","author":"Geoffrey Rockwell","description":"Examples of how to work with categories feature in Voyant/Spyral.","catalogue":true,"keywords":["Categories","Tutorial"],"modified":"2024-04-16T13:42:22.356Z","created":"2022-08-03T21:02:37.134Z","language":"English","license":"Creative Commons Attribution (CC BY)","version":"0.1"},"cells":[{"cellId":"jhty7jvu","type":"text","content":"<h2>Introduction</h2><p>This Spyral notebook shows how you can work with <strong>categories</strong>. Categories are lists of words or patterns. Thus you can define a theme or sentiment by a list of words that you can then use across one or more corpora.&nbsp;</p><p>In this notebook we will show you how to:</p><ol><li>Use a pre-existing <strong>Category</strong> in a tool.&nbsp;</li><li>Create a <strong>Category Set</strong> that you can use in Voyant.</li><li><strong>Use</strong>&nbsp;a category set in Voyant.</li><li><strong>Manage&nbsp;</strong>a&nbsp;<strong>Category&nbsp;</strong>list of words.</li><li><strong>Open</strong>&nbsp;tools with the category list enabled.</li><li>Discuss ideas for <strong>Further Exploration</strong>.</li></ol>"},{"cellId":"n72e2of9","type":"text","content":"<p>Some <strong>definitions</strong>:</p><ul><li>A <strong>Category Set</strong> is a set of one or more&nbsp;Categories. It will have an&nbsp;<strong>ID&nbsp;</strong>that you can use to load it.</li><li>A&nbsp;<strong>Category</strong>&nbsp;is a list of words or patterns that you want to treat as one. It could be a theme, an issue, a sentiment or just a random set of words.</li><li>A Category&nbsp;<strong>ID&nbsp;</strong>is what you use to tell Voyant to use a particular Category Set.&nbsp;</li><li>A&nbsp;<strong>Pattern</strong>&nbsp;uses the Voyant Search Syntax to find a number of similar words. For example, <code>miser*</code>&nbsp;with the asterisk, \"*\", will do a truncation search to find any word beginning with \"miser\". It will match \"miser\", \"misery\", \"miserable\", \"miseries\", and so on. See the Voyant Guide on Search:&nbsp;<a data-cke-saved-href=\"https://voyant-tools.org/docs/#!/guide/search\" target=\"_blank\" href=\"https://voyant-tools.org/docs/#!/guide/search\" data-tabindex-value=\"none\" tabindex=\"-1\" data-tabindex-counter=\"6\">https://voyant-tools.org/docs/#!/guide/search</a>​​​​​​​</li></ul>"},{"cellId":"v4uzqhq7","type":"text","content":"<p></p><p></p><p></p><h2></h2><h2>Use a Pre-Existing Category</h2><p>Voyant has two pre-existing categories that you can experiment with, one <code>@positive</code> with positive words, and <code>@negative</code> with negative words.</p><p>Here is the code to use them with the Trends tool on the&nbsp;<em>Frankenstein&nbsp;</em>​​​​​​​text.</p><p></p>"},{"cellId":"zqh5nmc2","type":"code","content":{"input":"loadCorpus(\"frank\").tool(\"Trends\", {\"query\": [\"@positive\",\"@negative\"], \"style\": \"width: 800px; height: 500px\"});","output":"<body class=\"\"><iframe style=\"width: 800px; height: 500px\" src=\"https://voyant-tools.org/tool/Trends/?corpus=30cb1499e84c7b83954e20ce2b35f938&amp;forTool=Trends&amp;query=%40positive%2C%40negative\"></iframe></body>","mode":"javascript","expandResults":true}},{"cellId":"jg3wxx8x","type":"text","content":"<p><strong>Try It:&nbsp;</strong>Try playing with these categories.<br></p><ul><li>Try changing the tool from \"Trends\" to another one that use queries like \"CorpusCollocates\".</li><li>Try a different corpus like \"austen\".</li><li>Click the Options button of the tool above and then click <strong>Edit</strong> for Categories. Try playing with the categories.&nbsp;</li></ul><p></p>"},{"cellId":"gesoskt7","type":"text","content":"<h2>Create a Category Set</h2><p>In the next code cell you can see how to create a Category Set with one Category called \"friendCategory\"&nbsp;with a list of words and patterns around friendship.</p>"},{"cellId":"n3n4bb4y","type":"code","content":{"input":"let myCategories = new Spyral.Categories(); // Note that \"let\" sets the variable just for this block\nmyCategories.addCategory(\"friendCategory\");\nmyCategories.addTerms(\"friendCategory\", [\"friend*\",\"companion*\",\"budd*\",\"familiar\",\"intimate\",\"pal\",\"mate\",\"beloved\"]); // Edit this array for your category.\n// You could add another category and then add terms to it here if you wanted more than one category in your set\nmyCategories.save().then(id => {show(id)})","output":"<body class=\"\"><div class=\"info\">abf9e6085810f14fabde5f8f0b5a1ba7</div></body>","mode":"javascript","expandResults":true}},{"cellId":"ryzisan8","type":"text","content":"<p>The result of this code is an <strong>ID</strong> for the new set of categories. The ID will be a long string of letters and numbers like: \"b9fd30efe1d6ae86664fe73901e8c2b5\".&nbsp; Copy this ID if you want to use it in Voyant. Of course, you can also put it in a variable and call it from within a Spyral notebook. See below.</p>"},{"cellId":"ad5acbgc","type":"text","content":"<h2>Use a Category Set in Voyant</h2><p>Once you have the ID of a category set, you can then open Voyant with any corpus and use it. To use the category set you need to:</p><ul><li>open <strong>Voyant</strong> with your corpus,</li><li>Choose the <strong>Options</strong> panel for any tool that can use Categories (any tool with a Search field),</li><li>Where it says <strong>Categories</strong>&nbsp;you fill the blank line or replace&nbsp;\"auto\" with the <strong>ID</strong> of the new category set you have created.</li><li>Press the <strong>Confirm</strong> button and then reopen the Options panel and you will see your&nbsp;new set of categories, They will now work in any relevant tool.</li><li>You can also further <strong>edit</strong> the categories by clicking on the \"Edit\" button next to the field.</li></ul><p>In this case there is only one category named \"friendCategory\", but you could add more manually or by editing the code above.</p>"},{"cellId":"f474ln75","type":"text","content":"<h2>Managing a Category (List of Words) in a Code Cell</h2><p>Each category is a list of words. With Spyral you can manage a category in a text cell like the one below. A text cell is a normal <strong>Code Cell</strong> where you have changed the type of the code in the Configuration Options. If you set it to Text then you can edit the text in the cell and you are prompted to assign a name to the data so you can access the text in a code cell.</p><p><strong>Note:&nbsp;</strong>that a Code Cell configured for text cannot handle formatted text like a Text Cell (like this one.) Code Cells, even when configured for text, are not Text Cells.&nbsp;<br></p><p>Here you can see a cell with words and patterns having to do with \"misery\". I then assign them to the data container \"misery\"</p>"},{"cellId":"cskc37go","type":"data","content":{"input":"misery, death, wretch, fiend, torture, agony, anguish, despair, discomfort, gloom, grief, hardship, headache, heartache, passion, sadness, sorrow, squalor, suffer, torment, woe, worry, worries, ache, blues, depress, desolation, despondency, distress, dolor, hurt, melancholy, pang, throe, twinge, unhappy, worriment\n","output":"<div class=\"spyral-dv-container\"><span class=\"spyral-dv-content\" style=\"margin-left: 0px;\"><span class=\"spyral-dv-left\">misery:&nbsp;</span><span class=\"spyral-dv-String spyral-dv-right\">\"misery, death, wretch, fiend, torture, agony, anguish, despair, discomfort, gloom, grief, hardship, headache, heartache, passion, sadness, sorrow, squalor, suffer, torment, woe, worry, worries, ache, blues, depress, desolation, despondency, distress, dolor, hurt, melancholy, pang, throe, twinge, unhappy, worriment<br>\"</span></span></div>","mode":"text","expandResults":true,"dataName":"misery"}},{"cellId":"k86ap7gu","type":"text","content":"<p>Now you can use this variable (<code>misery</code>) with its words to create a categories (in a set) and then use the category in a tool. In this case we are loading the Trends tool with the category.</p><p><strong>Note&nbsp;</strong>how we call the category in the query in Trends by prefixing the name of the category with \"@\". Thus <code>@Misery</code>&nbsp;calls all the words in the category as one.&nbsp;<br></p>"},{"cellId":"x3z6m98v","type":"code","content":{"input":"var myCatId = \"\"\nvar myListOfWords = misery.split(\",\"); // Create an array of the new category words from cell above\nmyListOfWords = myListOfWords.map((item) => item.trim()); // removes every space around each word\nlet categories = new Spyral.Categories(); // Create a new set of categories\ncategories.addCategory(\"Misery\"); // Add a category called Misery\ncategories.addTerms(\"Misery\", myListOfWords); // Put the words in the array into the Misery category\ncategories.setCategoryFeature(\"Misery\", \"color\", \"#0f0101\"); // Add a color feature to the category so it displays\ncategories.save().then(id => {\n    myCatId = id;\n  \treturn loadCorpus(\"frank\").tool(\"Trends\", {\n      \"categories\": myCatId, // We use the new set of categories\n      \"query\": \"@Misery\", // We query Trends for the category Misery\n      \"style\": \"width: 600px; height: 400px\", // We set the size of the tool panel\n    });\n})\n\n\n","output":"<body class=\"\"><iframe style=\"width: 600px; height: 400px\" src=\"https://voyant-tools.org/tool/Trends/?corpus=30cb1499e84c7b83954e20ce2b35f938&amp;forTool=Trends&amp;categories=07faa342cb99d25d27945408ef262d0c&amp;query=%40Misery\"></iframe></body>","mode":"javascript","expandResults":true}},{"cellId":"icfa08a0","type":"code","content":{"input":"myListOfWords","output":"<div class=\"spyral-dv-container\"><span class=\"spyral-dv-content\" style=\"margin-left: 0px;\"><span class=\"spyral-dv-left spyral-dv-folder\">myListOfWords: <span class=\"spyral-dv-type\">Array</span><span class=\"spyral-dv-length\">[41]</span> <span class=\"spyral-dv-folder-icon spyral-dv-expanded\"><svg width=\"8\" height=\"8\" class=\"open\"><path d=\"M4 7L0 1h8z\" fill=\"#000\"></path></svg><svg width=\"8\" height=\"8\" class=\"closed\"><path d=\"M7 4L1 8V0z\" fill=\"#000\"></path></svg></span></span><span class=\"spyral-dv-Array spyral-dv-right spyral-dv-expanded\"><span class=\"spyral-dv-content\" style=\"margin-left: 0px;\"><span class=\"spyral-dv-left\">0:&nbsp;</span><span class=\"spyral-dv-String spyral-dv-right\">\"misery\"</span></span><span class=\"spyral-dv-content\" style=\"margin-left: 0px;\"><span class=\"spyral-dv-left\">1:&nbsp;</span><span class=\"spyral-dv-String spyral-dv-right\">\"death\"</span></span><span class=\"spyral-dv-content\" style=\"margin-left: 0px;\"><span class=\"spyral-dv-left\">2:&nbsp;</span><span class=\"spyral-dv-String spyral-dv-right\">\"wretch\"</span></span><span class=\"spyral-dv-content\" style=\"margin-left: 0px;\"><span class=\"spyral-dv-left\">3:&nbsp;</span><span class=\"spyral-dv-String spyral-dv-right\">\"fiend\"</span></span><span class=\"spyral-dv-content\" style=\"margin-left: 0px;\"><span class=\"spyral-dv-left\">4:&nbsp;</span><span class=\"spyral-dv-String spyral-dv-right\">\"torture\"</span></span><span class=\"spyral-dv-content\" style=\"margin-left: 0px;\"><span class=\"spyral-dv-left\">5:&nbsp;</span><span class=\"spyral-dv-String spyral-dv-right\">\"agony\"</span></span><span class=\"spyral-dv-content\" style=\"margin-left: 0px;\"><span class=\"spyral-dv-left\">6:&nbsp;</span><span class=\"spyral-dv-String spyral-dv-right\">\"anguish\"</span></span><span class=\"spyral-dv-content\" style=\"margin-left: 0px;\"><span class=\"spyral-dv-left\">7:&nbsp;</span><span class=\"spyral-dv-String spyral-dv-right\">\"despair\"</span></span><span class=\"spyral-dv-content\" style=\"margin-left: 0px;\"><span class=\"spyral-dv-left\">8:&nbsp;</span><span class=\"spyral-dv-String spyral-dv-right\">\"discomfort\"</span></span><span class=\"spyral-dv-content\" style=\"margin-left: 0px;\"><span class=\"spyral-dv-left\">9:&nbsp;</span><span class=\"spyral-dv-String spyral-dv-right\">\"gloom\"</span></span><span class=\"spyral-dv-content\">...</span></span></span></div>","mode":"javascript","expandResults":true}},{"cellId":"b11q9m0f","type":"code","content":{"input":"myCatId","output":"<div class=\"spyral-dv-container\"><span class=\"spyral-dv-content\" style=\"margin-left: 0px;\"><span class=\"spyral-dv-left\">myCatId:&nbsp;</span><span class=\"spyral-dv-String spyral-dv-right\">\"fa4dfa7c34be9a3d93b0ae046a69b1d7\"</span></span></div>","mode":"javascript","expandResults":true}},{"cellId":"k4wn2hz7","type":"text","content":"<h2>Opening Different Tools with your Categories</h2><p>Since we saved the ID of the categories to a global variable \"myCatId\" we can use it in other tools. Here we use it with \"Links\".&nbsp;</p><p>What tools can use categories? Generally any tool that has a search field. These include: Trends, Terms, Contexts, Bubblelines, Links, Phrases, Collocates.</p>"},{"cellId":"fintgkv0","type":"code","content":{"input":"loadCorpus(\"frank\").tool(\"Links\", {\"categories\": myCatId, \"query\": \"@Misery\", \"style\": \"width: 800px; height: 500px\"});\n","output":"<body class=\"\"><iframe style=\"width: 800px; height: 500px\" src=\"https://voyant-tools.org/tool/Links/?corpus=30cb1499e84c7b83954e20ce2b35f938&amp;forTool=Links&amp;categories=fa4dfa7c34be9a3d93b0ae046a69b1d7&amp;query=%40Misery\"></iframe></body>","mode":"javascript","expandResults":true}},{"cellId":"dzsrpg1s","type":"text","content":"<h2>Some Ideas for Further Exploration</h2><p>Now you can explore the theme of Misery as defined by your list of words entered above. As you explore it, you may decide that you need to add or remove words from the original list. You can do that above and then regenerate the subsequent cells.&nbsp;<br></p><p>Some ideas for further exploration:<br></p><ul><li>You can <strong>fork this notebook</strong> and replace it with your category and ideas.</li><li>You could use the <strong>Collocates</strong> or <strong>Contexts</strong> tool to explore the words near your category words. Explore the semantic field of the theme.</li><li>With the Links tool above you can <strong>Right-Click/Control-click on @Misery</strong> and get more collocates. You can also Right-Click/Control-Click on the collocates themselves&nbsp;to get a menu to add collocates to the collocate or to remove it.</li><li>By <strong>adding collocates</strong> and then <strong>removing the ones you don't want</strong> you can generate a graph that might illustrate your theme.</li></ul><p><br></p><p></p>"}]}