{"metadata":{"title":"Using Voyant Correlations and Collocates Tools in Spyral","userId":"learnspyral@gh","author":"learnspyral","description":"","catalogue":true,"keywords":"","modified":"2024-04-11T21:27:32.336Z","created":"2022-11-10T00:41:22.371Z","language":"English","license":"","version":"0.1"},"cells":[{"cellId":"jqjyakz4","type":"text","content":"<p>This Spyral Notebook shows how to use the Voyant Correlations and Collocates tool (<a data-cke-saved-href=\"https://voyant-tools.org/docs/#!/guide/corpuscollocates\" target=\"_blank\" href=\"https://voyant-tools.org/docs/#!/guide/corpuscollocates\" data-tabindex-value=\"none\" tabindex=\"-1\" data-tabindex-counter=\"2\">https://voyant-tools.org/docs/#!/guide/corpuscollocates</a>) in Spyral, including expanded capabilities.</p><p>Voyant has several tools related to Correlations and Collocates. The Correlations tool produces a table that shows terms that occur together and whose frequencies vary in sync with each other. Collocate tools include the Collocates Graph which shows a visualization of keywords and terms that appear together as a forced network graph and Corpus Collocates which shows a table of keywords and terms appearing together. This notebook shows the different parameters possible to customize these visualizations using JavaScript. The different options include:<br></p><p>CollocatesGraph<br></p><ul><li><strong>centralize</strong>: the term to use for centralize mode (where things are focused on a single word) <br></li><li><strong>context</strong>: the size of the context (the number of words on each side of the keyword) <br></li><li>limit: the number of collocates to load for each keyword<br></li><li>query: a query for the keywords (can be comma-separated list) <br></li><li><strong>stopList</strong>: a named stopword list or comma-separated list of words<br></li></ul><p>CorpusCollocates<br></p><ul><li>context: the size of the context (the number of words on each side of the keyword) <br></li><li>query: a query for the keywords (can be comma-separated list) <br></li><li>sort: sort order of collocates by term raw frequency, raw frequency, or by term <br></li><li>stopList: a named stopword list or comma-separated list of words<br></li></ul>"},{"cellId":"vjfsbmzq","type":"text","content":"<h2>Loading a corpus<br></h2><p>To use the Trends tool in Spyral, either create a new corpus in Spyral or use your corpus ID from Voyant to call up your corpus. You can also open a new Spyral notebook with your corpus from Voyant. Use the code below to input your corpus ID from Voyant (found in the URL). For more help creating a corpus, see LINK. This code assigns your corpus to a variable called myCorpus that you can use throughout the notebook to reference your corpus<br></p>"},{"cellId":"oabwjgob","type":"data","content":{"input":{"corpusId":"austen","type":"id","value":"austen"},"output":"<div class=\"spyral-dv-container\"><span class=\"spyral-dv-content\" style=\"margin-left: 0px;\"><span class=\"spyral-dv-left spyral-dv-folder\">myCorpus: <span class=\"spyral-dv-type\">Object</span><span class=\"spyral-dv-length\">{1}</span> <span class=\"spyral-dv-folder-icon spyral-dv-expanded\"><svg width=\"8\" height=\"8\" class=\"open\"><path d=\"M4 7L0 1h8z\" fill=\"#000\"></path></svg><svg width=\"8\" height=\"8\" class=\"closed\"><path d=\"M7 4L1 8V0z\" fill=\"#000\"></path></svg></span></span><span class=\"spyral-dv-Object spyral-dv-right spyral-dv-expanded\"><span class=\"spyral-dv-content\" style=\"margin-left: 0px;\"><span class=\"spyral-dv-left\">corpusid:&nbsp;</span><span class=\"spyral-dv-String spyral-dv-right\">\"austen\"</span></span></span></span></div>","mode":"corpus","expandResults":true,"dataName":"myCorpus"}},{"cellId":"v4cnx76w","type":"text","content":"<h2>Viewing Collocates Graph or Corpus Collocates Tools:<br></h2><p>To view the Collocates Graph or Corpus Collocates tool with your corpus called myCorpus, use the code below. This code displays the tools with the default format options from Voyant. In subsequent code cells we show how to customize these visualizations.<br></p><p><br></p>"},{"cellId":"aougxpqr","type":"code","content":{"input":"myCorpus.tool(\"CollocatesGraph\");\n//Replace \"CollocatesGraph\" with \"CorpusCollocates\" to see table view","output":"<body class=\"\"><iframe style=\"width: 350px; height: 350px;\" src=\"https://voyant-tools.org/tool/CollocatesGraph/?corpus=austen&amp;forTool=CollocatesGraph\"></iframe></body>","mode":"javascript","expandResults":true}},{"cellId":"c2t9my2i","type":"text","content":"<p>To edit the visualization using JavaScript code, you need to edit the configuration options. The basic syntax for this approach is shown below:</p><p><code>myCorpus.tool(\"CollocatesGraph, {style: \"width: 500px; height: 500px\"});</code><br></p><p>Configuration options go in between curly brackets. See configuration options in detail below.</p>"},{"cellId":"f4h2stl1","type":"text","content":"<h2>Centralize Term (Collocates Graph)<br></h2><p>This option causes the visualization to center on a single word chosen by the user. <br></p><p><br></p>"},{"cellId":"jnu1l3al","type":"code","content":{"input":"myCorpus.tool(\"CollocatesGraph\", {centralize: \"mrs\"});\n//Replace \"mrs\" with the keyword you wish to centralize","output":"<body class=\"\"><iframe style=\"width: 350px; height: 350px;\" src=\"https://voyant-tools.org/tool/CollocatesGraph/?corpus=austen&amp;forTool=CollocatesGraph&amp;centralize=mrs\"></iframe></body>","mode":"javascript","expandResults":true}},{"cellId":"n5cxgkul","type":"text","content":"<h2>Changing the number of terms shown (Collocates Graph):<br></h2><p>Change the number of collocates shown in the visualization or the number of words on each side of the keyword in the table<br></p>"},{"cellId":"uifaef1w","type":"code","content":{"input":"myCorpus.tool(\"CollocatesGraph\", {limit: 10});\n//Limits the number of collocates to load for each keyword","output":"<body class=\"\"><iframe style=\"width: 350px; height: 350px;\" src=\"https://voyant-tools.org/tool/CollocatesGraph/?corpus=austen&amp;forTool=CollocatesGraph&amp;limit=10\"></iframe></body>","mode":"javascript","expandResults":true}},{"cellId":"rahwgv8g","type":"text","content":"<h2>Limit size of context (Collocates Graph or Corpus Collocates) <br></h2><p>Limit the number of terms considered on either side of the keyword. For example, a context limit of five will instruct the computer to consider the five words to the left of the keyword and the five words to the right of the keyword. <br></p><p></p>"},{"cellId":"ww48fr84","type":"code","content":{"input":"myCorpus.tool(\"CorpusCollocates\", {limit: 2});\n//Limits collocates shown in table to specified number of terms on either side of keyword","output":"<body class=\"\"><iframe style=\"width: 350px; height: 350px;\" src=\"https://voyant-tools.org/tool/CorpusCollocates/?corpus=austen&amp;forTool=CorpusCollocates&amp;limit=2\"></iframe></body>","mode":"javascript","expandResults":true}},{"cellId":"nibbxtc4","type":"code","content":{"input":"myCorpus.tool(\"CollocatesGraph\", {limit: 1});\n//Limits collocates shown in visualization to specified number of terms on either side of keyword","output":"<body class=\"\"><iframe style=\"width: 350px; height: 350px;\" src=\"https://voyant-tools.org/tool/CollocatesGraph/?corpus=austen&amp;forTool=CollocatesGraph&amp;limit=1\"></iframe></body>","mode":"javascript","expandResults":true}},{"cellId":"uxb5v3iv","type":"text","content":"<h2>Sort Corpus Collocates Table<br></h2><p>You can sort the collocates by relative frequency and raw frequency. Relative frequency is a measure of how often terms appear in a corpus relative to each other. Relative frequencies are given as percentages. Raw frequencies show a count of how frequently terms are used in a text.<br></p><p><br></p>"},{"cellId":"j2wl7nz1","type":"code","content":{"input":"myCorpus.tool(\"CorpusCollocates\", {sort: \"contextTermRawFreq\"});\n//Change order of collocates by changing \"contextTermRawFreq\" to \"rawFreq\" or \"term\"","output":"<body class=\"\"><iframe style=\"width: 350px; height: 350px;\" src=\"https://voyant-tools.org/tool/CorpusCollocates/?corpus=austen&amp;forTool=CorpusCollocates&amp;sort=contextTermRawFreq\"></iframe></body>","mode":"javascript","expandResults":true}},{"cellId":"kuegmv6e","type":"text","content":"<h2>Editing or making a custom stop-word list (Collocates Graph and Corpus Collocates):<br></h2><p><br></p>"},{"cellId":"ycehtzty","type":"code","content":{"input":"myCorpus.tool(\"CollocatesGraph\", {stopList: \"mr, mrs\"});\n//Indicate the terms you wish to exclude in the results via a comma separated list. Note that this overrides the default stop word list.","output":"<body class=\"\"><iframe style=\"width: 350px; height: 350px;\" src=\"https://voyant-tools.org/tool/CollocatesGraph/?corpus=austen&amp;forTool=CollocatesGraph&amp;stopList=mr%2C+mrs\"></iframe></body>","mode":"javascript","expandResults":true}},{"cellId":"x95w58s3","type":"text","content":"<h2>Search for specific terms (Collocates Graph or Corpus Collocates):<br></h2><p>You can search for specific terms in your corpus using a comma separated list. You can also use the same search parameters in Voyant to narrow down your results. For a full list hover over the question mark to the right of the text input box in the visualization.<br></p><p></p>"},{"cellId":"ss5w6kc6","type":"code","content":{"input":"myCorpus.tool(\"CollocatesGraph\", {query: \"love\"});\n//Show only collocates of query term. To search for new term replace \"love\" with your search term","output":"<body class=\"\"><iframe style=\"width: 350px; height: 350px;\" src=\"https://voyant-tools.org/tool/CollocatesGraph/?corpus=austen&amp;forTool=CollocatesGraph&amp;query=love\"></iframe></body>","mode":"javascript","expandResults":true}},{"cellId":"mr0bzrip","type":"text","content":"<h2>Summary of parameters</h2><p>The code cells below shows all the editable parameters (with the exception of style parameters that are uniform across the tools):</p>"},{"cellId":"b373wm5l","type":"code","content":{"input":"myCorpus.tool(\"CollocatesGraph\", \n              {centralize: \"love\",//centralize visualization on chosen keyword\n               context: 5,//number of terms considered on either side of keyword\n               limit: 1,//limit number of collocates shown for keyword\n               query: \"love\",//search for specific terms\n               stopList: \"mr., mrs., and\"});//named stopword list or comma-separated list","output":"<body class=\"\"><iframe style=\"width: 350px; height: 350px;\" src=\"https://voyant-tools.org/tool/CollocatesGraph/?corpus=austen&amp;forTool=CollocatesGraph&amp;centralize=love&amp;context=5&amp;limit=5&amp;query=love%2C+hate&amp;stopList=mr.%2C+mrs.%2C+and\"></iframe></body>","mode":"javascript","expandResults":true}},{"cellId":"aq47q74n","type":"code","content":{"input":"myCorpus.tool(\"CorpusCollocates\", \n              {context: 5,//number of terms considered on either side of keyword\n               query: \"love, hate\",//search for specific keywords\n               sort: \"rawFreq\",//sort collocates by raw or relative frequency\n               stopList: \"mr., mrs.\"});//named stopword list or comma-separated list","output":"<body class=\"\"><iframe style=\"width: 350px; height: 350px;\" src=\"https://voyant-tools.org/tool/CorpusCollocates/?corpus=austen&amp;forTool=CorpusCollocates&amp;context=5&amp;query=love%2C+hate&amp;sort=rawFreq&amp;stopList=mr.%2C+mrs.\"></iframe></body>","mode":"javascript","expandResults":true}}]}