{"metadata":{"title":"Using Correlations in Spyral","userId":"learnspyral@gh","author":"lernspyral","description":"To show how to use the correlation tool in the Spyral notebook environment.","catalogue":true,"keywords":["text analysis","spyral","notebook","JavaScript","Correlation"],"modified":"2024-04-16T14:42:12.394Z","created":"2024-04-09T13:20:43.900Z","language":"English","license":"Creative Commons Attribution-ShareAlike (CC BY-SA)","version":"0.1"},"cells":[{"cellId":"fv1mocee","type":"text","content":"<p>This Spyral Notebook shows how to use Voyant's Correlation tool (<a data-cke-saved-href=\"https://voyant-tools.org/docs/#!/guide/correlations\" target=\"_blank\" href=\"https://voyant-tools.org/docs/#!/guide/correlations\">https://voyant-tools.org/docs/#!/guide/correlations</a>)&nbsp;in Spyral, including expanded capabilities.</p><p>The Correlations tool enables an exploration of the extent to which term frequencies vary in sync (terms whose frequencies rise and fall together or inversely). Use it with a&nbsp;<a data-cke-saved-href=\"https://voyant-tools.org/?view=Correlations&amp;corpus=austen\" href=\"https://voyant-tools.org/?view=Correlations&amp;corpus=austen\" target=\"_blank\">Jane Austen corpus</a>&nbsp;or with your own corpus, The tool as the following parameters.</p><ul><li><strong>minInDocumentsCountRatio</strong>: the minimum percentage of documents in which the correlation must appear</li><li><strong>query</strong>: a query for the keywords (can be comma-separated list)</li><li><strong>stopList</strong>: a named stopword list or comma-separated list of words</li></ul><p>A cell with all the parameters used at the same time can be found <a data-cke-saved-href=\"#summ\" href=\"#summ\">here</a>.</p>"},{"cellId":"e7xqz4mb","type":"text","content":"<h2>Loading a Corpus</h2><p>To use the Correlations tool in Spyral, either create a new corpus in Spyral or use your corpus ID from Voyant to call up your corpus. You can also open a new Spyral notebook with your corpus from Voyant. Use the code below to input your corpus ID from Voyant (found in the URL). For more help creating a corpus, see <a data-cke-saved-href=\"https://voyant-tools.org/spyral/learnspyral@gh/data/\" target=\"_blank\" href=\"https://voyant-tools.org/spyral/learnspyral@gh/data/\">LINK</a>. This code assigns your corpus to a variable called myCorpus that you can use throughout the notebook to reference your corpus.</p><p><br></p>"},{"cellId":"x3p9jse0","type":"code","content":{"input":"loadCorpus(\"austen\").assign(\"myCorpus\");\n//Change \"austen\" to your corpus ID ","output":"<div class=\"spyral-dv-container\"><span class=\"spyral-dv-content\" style=\"margin-left: 0px;\"><span class=\"spyral-dv-left spyral-dv-folder\">myCorpus: <span class=\"spyral-dv-type\">Object</span><span class=\"spyral-dv-length\">{1}</span> <span class=\"spyral-dv-folder-icon spyral-dv-expanded\"><svg width=\"8\" height=\"8\" class=\"open\"><path d=\"M4 7L0 1h8z\" fill=\"#000\"></path></svg><svg width=\"8\" height=\"8\" class=\"closed\"><path d=\"M7 4L1 8V0z\" fill=\"#000\"></path></svg></span></span><span class=\"spyral-dv-Object spyral-dv-right spyral-dv-expanded\"><span class=\"spyral-dv-content\" style=\"margin-left: 0px;\"><span class=\"spyral-dv-left\">corpusid:&nbsp;</span><span class=\"spyral-dv-String spyral-dv-right\">\"austen\"</span></span></span></span></div>","mode":"javascript","expandResults":true}},{"cellId":"a9thcwr4","type":"text","content":"<h2>Viewing the Correlations Tool</h2><p>To view the Correlations tool with your corpus called myCorpus, use the code below. This code displays the Correlations tool with the default format options from Voyant. In subsequent code cells we show how to customize the output using the parameters.</p><p><br></p>"},{"cellId":"ab1mw2px","type":"code","content":{"input":"myCorpus.tool(\"Correlations\");","output":"<body class=\"\"><iframe style=\"width: 350px; height: 350px;\" src=\"https://voyant-tools.org/tool/Correlations/?corpus=austen&amp;forTool=Correlations\"></iframe></body>","mode":"javascript","expandResults":true}},{"cellId":"pa2regvg","type":"text","content":"<h2>Change the Size of the Tool Panel</h2><p>The default panel might be small and some keywords might not be displayed completely. We can use general style parameters to increase the size of the tool panel displayed.&nbsp;</p><p><br></p>"},{"cellId":"djdst9q1","type":"code","content":{"input":"myCorpus.tool(\"Correlations\", {style: \"width: 700px; height: 300px\"});","output":"<body class=\"\"><iframe style=\"width: 700px; height: 300px\" src=\"https://voyant-tools.org/tool/Correlations/?corpus=austen&amp;forTool=Correlations\"></iframe></body>","mode":"javascript","expandResults":true}},{"cellId":"mok1kfmx","type":"text","content":"<h2>Setting the minimum document count ratio</h2><p>We can also use the&nbsp;<strong>minInDocumentsCountRatio</strong>&nbsp;parameter to specify&nbsp;the minimum percentage of documents in which the correlation must appear.</p><p></p>"},{"cellId":"hsbqc2wr","type":"code","content":{"input":"myCorpus.tool(\"Correlations\", {style: \"width: 700px; height: 300px\", minInDocumentsCountRatio:75});","output":"<body class=\"\"><iframe style=\"width: 700px; height: 300px\" src=\"https://voyant-tools.org/tool/Correlations/?corpus=austen&amp;forTool=Correlations&amp;minInDocumentsCountRatio=75\"></iframe></body>","mode":"javascript","expandResults":true}},{"cellId":"aqi6md37","type":"text","content":"<h2>Querying<br></h2><p>To get the correlation of specific words, we use the query parameter.</p><p><br></p><p></p>"},{"cellId":"f7ubog5l","type":"code","content":{"input":"myCorpus.tool(\"Correlations\", {style: \"width: 700px; height: 300px\", query: \"happy, sad,mr,mrs\"});","output":"<body class=\"\"><iframe style=\"width: 700px; height: 300px\" src=\"https://voyant-tools.org/tool/Correlations/?corpus=austen&amp;forTool=Correlations&amp;query=happy%2C+sad%2Cmr%2Cmrs\"></iframe></body>","mode":"javascript","expandResults":true}},{"cellId":"mvog4ei1","type":"text","content":"<h2>Custom Stopword List<br></h2><p>You can specify a custom stopword list for words to exclude from the correlation. The moment you specify a custom list you lose the default longer stopword list.</p><p>For a longer discussion of stopword lists and how to use them see:&nbsp;<a data-cke-saved-href=\"https://voyant-tools.org/spyral/learnspyral@gh/StopwordLists/\" target=\"_blank\" href=\"https://voyant-tools.org/spyral/learnspyral@gh/StopwordLists/\" data-tabindex-value=\"none\" tabindex=\"-1\" data-tabindex-counter=\"7\">https://voyant-tools.org/spyral/learnspyral@gh/StopwordLists/</a></p><p></p>"},{"cellId":"k8gi6nuo","type":"code","content":{"input":"myCorpus.tool(\"Correlations\", {style: \"width: 700px; height: 300px\", stopList:\"think, return, old far. gone,party, hear\"});","output":"<body class=\"\"><iframe style=\"width: 700px; height: 300px\" src=\"https://voyant-tools.org/tool/Correlations/?corpus=austen&amp;forTool=Correlations&amp;stopList=think%2C+return%2C+old+far.+gone%2Cparty%2C+hear\"></iframe></body>","mode":"javascript","expandResults":true}},{"cellId":"rnmf5vfb","type":"text","content":"<h2><a id=\"summ\" name=\"summ\" data-cke-saved-name=\"summ\">Summary</a> of Parameter<br></h2><p>Below is code in which the parameters are used in a single execution.</p><p></p>"},{"cellId":"k4wcr0lu","type":"code","content":{"input":"myCorpus.tool(\"Correlations\", \n              {\n  style: \"width: 700px; height: 300px\", // used to make the panel bigger\n  minInDocumentsCountRatio:75,  // used to set the minimum percentage of documents in which the coreelation appear\n  query: \"happy, sad,mr,mrs\",  // used to query the correlation of specific wors.\n  stopList:\"think, return, old far. gone,party, hear\" //  used to define custom stopword list\n});","output":"<body class=\"\"><iframe style=\"width: 700px; height: 300px\" src=\"https://voyant-tools.org/tool/Correlations/?corpus=austen&amp;forTool=Correlations&amp;minInDocumentsCountRatio=75&amp;query=happy%2C+sad%2Cmr%2Cmrs&amp;stopList=think%2C+return%2C+old+far.+gone%2Cparty%2C+hear\"></iframe></body>","mode":"javascript","expandResults":true}}]}