{"metadata":{"title":"Using the Links Tool in Spyral","userId":"learnspyral@gh","author":"Bennett Tchoh","description":"This notebook shows how to use the Links tool in Spyral.","catalogue":false,"keywords":["visualization","collocates","corpus","links","interactive"],"modified":"2024-04-11T21:10:21.352Z","created":"2024-04-01T23:38:18.991Z","language":"English","license":"Creative Commons Attribution-ShareAlike (CC BY-SA)","version":"0.1"},"cells":[{"cellId":"zm7evrdp","type":"text","content":"<p>This notebook shows how to use the Voyant-Tools Links visualization tool (<a data-cke-saved-href=\"https://voyant-tools.org/docs/#!/guide/collocatesgraph\" target=\"_blank\" href=\"https://voyant-tools.org/docs/#!/guide/collocatesgraph\">https://voyant-tools.org/docs/#!/guide/collocatesgraph</a>) in the Spyral notebook environment.</p><p>The Links tool represents keywords and terms that occur in close proximity as a force directed network graph. Below are some of the parameters that can be used with the tool.<br></p><ul><li><strong>centralize</strong>: the term to use for centralize mode (where things are focused on a single word)<br></li><li><strong>context</strong>: the size of the context (the number of words on each side of the keyword)<br></li><li><strong>limit</strong>: the number of collocates to load for each keyword<br></li><li><strong>query</strong>: a query for the keywords (can be comma-separated list)<br></li><li><strong>stopList</strong>: a named stopword list or comma-separated list of words</li></ul><p>This notebook ends with a cell that has a summary of all the parameters. Click <a data-cke-saved-href=\"#summ\" href=\"#summ\">here </a>to view this cell.</p>"},{"cellId":"fg2uo7mo","type":"text","content":"<h2>Loading a Corpus<br></h2><p>To use the Links tool in Spyral, either create a new corpus in Spyral or use your corpus ID from Voyant to call up your corpus. You can also open a new Spyral notebook with your corpus from Voyant. Use the code below to input your corpus ID from Voyant (found in the URL). Change \"austen\" to your corpus ID.&nbsp;For more help creating a corpus, see <a data-cke-saved-href=\"https://voyant-tools.org/spyral/learnspyral@gh/data/\" target=\"_blank\" href=\"https://voyant-tools.org/spyral/learnspyral@gh/data/\">LINK</a>. This code assigns your corpus to a variable called myCorpus that you can use throughout the notebook to reference your corpus.</p><p></p>"},{"cellId":"iu4i3sck","type":"code","content":{"input":"loadCorpus(\"austen\").assign(\"myCorpus\");\n//Change \"austen\" to your corpus ID ","output":"<div class=\"spyral-dv-container\"><span class=\"spyral-dv-content\" style=\"margin-left: 0px;\"><span class=\"spyral-dv-left spyral-dv-folder\">myCorpus: <span class=\"spyral-dv-type\">Object</span><span class=\"spyral-dv-length\">{1}</span> <span class=\"spyral-dv-folder-icon spyral-dv-expanded\"><svg width=\"8\" height=\"8\" class=\"open\"><path d=\"M4 7L0 1h8z\" fill=\"#000\"></path></svg><svg width=\"8\" height=\"8\" class=\"closed\"><path d=\"M7 4L1 8V0z\" fill=\"#000\"></path></svg></span></span><span class=\"spyral-dv-Object spyral-dv-right spyral-dv-expanded\"><span class=\"spyral-dv-content\" style=\"margin-left: 0px;\"><span class=\"spyral-dv-left\">corpusid:&nbsp;</span><span class=\"spyral-dv-String spyral-dv-right\">\"austen\"</span></span></span></span></div>","mode":"javascript","expandResults":true}},{"cellId":"pob8l5yf","type":"text","content":"<h2>Viewing the Links Tool</h2><p>To view the Links tool with your corpus called myCorpus, use the code below. This code displays the Links tool with the default format options from Voyant. In subsequent code cells we show how to customize this visualization.</p><p></p>"},{"cellId":"tnhh22wf","type":"code","content":{"input":"myCorpus.tool(\"CollocatesGraph\");","output":"<body class=\"\"><iframe style=\"width: 350px; height: 350px;\" src=\"https://voyant-tools.org/tool/CollocatesGraph/?corpus=austen&amp;forTool=CollocatesGraph\"></iframe></body>","mode":"javascript","expandResults":true}},{"cellId":"q12sp6cb","type":"text","content":"<p>This represents a network graph where keywords in blue are shown linked to collocates in maroon. You can hover over a term to see its frequency (for keywords it's the corpus frequency, for collocates it's the frequency in the context of the linked keywords).</p><p>You can drag and drop terms to move them. You can drag terms off the canvas to remove them.</p><p><b>Note:&nbsp;</b>Control-Clicking on a word will give you a small menu that lets you:<br></p><ul><li><strong>Fixed</strong>&nbsp;which fixes the position of word so it doesn't move<br></li><li><strong>Fetch Collocates</strong>&nbsp;which gets more words collocated with the word clicked<br></li><li><strong>Centralize </strong>which changes the display so your word is in the center and you see collocates around it. (See next section)<br></li><li><strong>Remove</strong> the word from the graph</li></ul>"},{"cellId":"fmhulfhc","type":"text","content":"<h2>Centralizing a single word<br></h2><p>To view only one keyword, we can use the centralize parameter. We will also use the style parameter to make the visualization bigger for better viewing.</p><p></p>"},{"cellId":"fxko4c6e","type":"code","content":{"input":"myCorpus.tool(\"CollocatesGraph\", {centralize: \"darcy\", style: \"width: 700px; height: 700px\"});\n// you can use the mouse to click, hold and move the visualization and to zoom in and out with the mouse's scroll.","output":"<body class=\"\"><iframe style=\"width: 700px; height: 700px\" src=\"https://voyant-tools.org/tool/CollocatesGraph/?corpus=austen&amp;forTool=CollocatesGraph&amp;centralize=darcy\"></iframe></body>","mode":"javascript","expandResults":true}},{"cellId":"rbrt030z","type":"text","content":"<h2>Context Parameter</h2><p>The context parameter is used to determine the maximum number of words on each side of the keyword from which collocates should be considered. The larger the context, the more words.</p><p><br></p>"},{"cellId":"kgzi8s0o","type":"code","content":{"input":"myCorpus.tool(\"CollocatesGraph\", {context:12});","output":"<body class=\"\"><iframe style=\"width: 350px; height: 350px;\" src=\"https://voyant-tools.org/tool/CollocatesGraph/?corpus=austen&amp;forTool=CollocatesGraph&amp;context=12\"></iframe></body>","mode":"javascript","expandResults":true}},{"cellId":"x4nn55yg","type":"text","content":"<h2>Number of collocates for each Keyword</h2><p>The number of collocate for each keyword is set using the <strong>limit </strong>parameter as shown below.</p><p></p>"},{"cellId":"t43w66wr","type":"code","content":{"input":"myCorpus.tool(\"CollocatesGraph\", {limit:5});","output":"<body class=\"\"><iframe style=\"width: 350px; height: 350px;\" src=\"https://voyant-tools.org/tool/CollocatesGraph/?corpus=austen&amp;forTool=CollocatesGraph&amp;limit=5\"></iframe></body>","mode":"javascript","expandResults":true}},{"cellId":"gs1c8zrx","type":"text","content":"<h2>Setting the Number of Keywords<br></h2><p>The number of keywords can also be set using the <strong>query </strong>parameter.</p><p></p>"},{"cellId":"priosnns","type":"code","content":{"input":"myCorpus.tool(\"CollocatesGraph\", {query:\"died, darcy, room, key\"});","output":"<body class=\"\"><iframe style=\"width: 350px; height: 350px;\" src=\"https://voyant-tools.org/tool/CollocatesGraph/?corpus=austen&amp;forTool=CollocatesGraph&amp;query=died%2C+darcy%2C+room%2C+key\"></iframe></body>","mode":"javascript","expandResults":true}},{"cellId":"l0agw10x","type":"text","content":"<h2>Custom stopword list<br></h2><p>You can specify a custom stopword list for the Links tool. The moment you specify a custom list you lose the default longer stopword list of common words.</p><p>For a longer discussion of stopword lists and how to use them see:&nbsp;<a data-cke-saved-href=\"https://voyant-tools.org/spyral/learnspyral@gh/StopwordLists/\" target=\"_blank\" href=\"https://voyant-tools.org/spyral/learnspyral@gh/StopwordLists/\" data-tabindex-value=\"none\" tabindex=\"-1\" data-tabindex-counter=\"7\">https://voyant-tools.org/spyral/learnspyral@gh/StopwordLists/</a></p><p><br></p><p></p>"},{"cellId":"c2pjfcdr","type":"code","content":{"input":"myCorpus.tool(\"CollocatesGraph\", {stopList:\"said, mr, mrs\"});","output":"<body class=\"\"><iframe style=\"width: 350px; height: 350px;\" src=\"https://voyant-tools.org/tool/CollocatesGraph/?corpus=austen&amp;forTool=CollocatesGraph&amp;stopList=said%2C+mr%2C+mrs\"></iframe></body>","mode":"javascript","expandResults":true}},{"cellId":"s6qgd0cc","type":"text","content":"We can notice that words because the default stopword list is overridden when we provide our own stopwords, the new links visualization is made up of high frequency words that were part of the default stopword list.<p></p>"},{"cellId":"lms3x61u","type":"text","content":"<h2><a id=\"summ\" name=\"summ\" data-cke-saved-name=\"summ\">Summary</a> of Parameters<br></h2><p>The code cell below shows all the tool parameters used in a single call of the tool method.</p><p></p>"},{"cellId":"z7zpcvgg","type":"code","content":{"input":"myCorpus.tool(\"CollocatesGraph\", {\n  //centralize: \"darcy\",\n  context:4,\n  limit:4,\n  query:\"sir, room, key, darcy\",\n  //stopList:\"mr,mrs, of, the, a, was, to\",\n  style:\"width: 500px; height: 500px\"\n} );","output":"<body class=\"\"><iframe style=\"width: 500px; height: 500px\" src=\"https://voyant-tools.org/tool/CollocatesGraph/?corpus=austen&amp;forTool=CollocatesGraph&amp;context=4&amp;limit=4&amp;query=sir%2C+room%2C+key%2C+darcy\"></iframe></body>","mode":"javascript","expandResults":true}}]}