<org.voyanttools.trombone.util.FlexibleParameters>
  <entries>
    <entry>
      <string>tokensCount-lexical</string>
      <list>
        <string>781763</string>
      </list>
    </entry>
    <entry>
      <string>typesCount-lexical</string>
      <list>
        <string>15368</string>
      </list>
    </entry>
    <entry>
      <string>createdTime</string>
      <list>
        <string>1637012178953</string>
      </list>
    </entry>
    <entry>
      <string>id</string>
      <list>
        <string>austen</string>
      </list>
    </entry>
    <entry>
      <string>documentIds</string>
      <list>
        <string>344c515bb464b5a590a956a29ae2524f</string>
        <string>8a183d9f9a6530ba6c4533c67ce5f11c</string>
        <string>e6fcbcb20208ca24317a67b07062f6ad</string>
        <string>da93284da30767acba80881ff2a8bebe</string>
        <string>c06cdc708c4ed2f9d78e5bd756c9a519</string>
        <string>1f44f0a5a0d3c969ec9b37b96f7c3497</string>
        <string>e9627efcb4cd52a36925855be7513d69</string>
        <string>7a3fd7f250b5181dd8781d037c668ba8</string>
      </list>
    </entry>
  </entries>
</org.voyanttools.trombone.util.FlexibleParameters>