<org.voyanttools.trombone.util.FlexibleParameters>
  <entries>
    <entry>
      <string>VOYANT_BUILD</string>
      <list>
        <string></string>
      </list>
    </entry>
    <entry>
      <string>textarea-1015-inputEl</string>
      <list>
        <string>Type in one or more URLs on separate lines or paste in a full text.</string>
      </list>
    </entry>
    <entry>
      <string>VOYANT_REMOTE_ID</string>
      <list>
        <string>127.0.0.1</string>
      </list>
    </entry>
    <entry>
      <string>accessIP</string>
      <list>
        <string>127.0.0.1</string>
      </list>
    </entry>
    <entry>
      <string>upload</string>
      <list>
        <string>D:\Git\VoyantServer\dist\VoyantServer2_5_0\data\tmp.voyant.uploads\tmp.voyant.uploads5616965924552776389\Austen.zip</string>
      </list>
    </entry>
    <entry>
      <string>VOYANT_VERSION</string>
      <list>
        <string>2.5.0</string>
      </list>
    </entry>
    <entry>
      <string>dtocIndexDoc</string>
      <list>
        <string>-1</string>
      </list>
    </entry>
    <entry>
      <string>palette</string>
      <list>
        <string>default</string>
      </list>
    </entry>
    <entry>
      <string>categories</string>
      <list>
        <string>auto</string>
      </list>
    </entry>
    <entry>
      <string>suppressTools</string>
      <list>
        <string>false</string>
      </list>
    </entry>
    <entry>
      <string>tool</string>
      <list>
        <string>corpus.CorpusCreator</string>
      </list>
    </entry>
  </entries>
</org.voyanttools.trombone.util.FlexibleParameters>