<org.voyanttools.trombone.util.FlexibleParameters>
  <entries>
    <entry>
      <string>VOYANT_BUILD</string>
      <list>
        <string></string>
      </list>
    </entry>
    <entry>
      <string>xmlAuthorXpath</string>
      <list>
        <string>//front//docAuthor</string>
      </list>
    </entry>
    <entry>
      <string>accessIP</string>
      <list>
        <string>127.0.0.1</string>
      </list>
    </entry>
    <entry>
      <string>upload</string>
      <list>
        <string>D:\Git\VoyantServer\dist\VoyantServer2_6_2\data\tmp.voyant.uploads\tmp.voyant.uploads12049491358633822427\frnknstn.xml</string>
      </list>
    </entry>
    <entry>
      <string>VOYANT_VERSION</string>
      <list>
        <string>2.6.2</string>
      </list>
    </entry>
    <entry>
      <string>dtocIndexDoc</string>
      <list>
        <string>-1</string>
      </list>
    </entry>
    <entry>
      <string>inputFormat</string>
      <list>
        <string>TEI</string>
      </list>
    </entry>
    <entry>
      <string>title</string>
      <list>
        <string>Frankenstein</string>
      </list>
    </entry>
    <entry>
      <string>suppressTools</string>
      <list>
        <string>false</string>
      </list>
    </entry>
    <entry>
      <string>tool</string>
      <list>
        <string>corpus.CorpusCreator</string>
      </list>
    </entry>
    <entry>
      <string>textarea-1015-inputEl</string>
      <list>
        <string>Type in one or more URLs on separate lines or paste in a full text.</string>
      </list>
    </entry>
    <entry>
      <string>VOYANT_REMOTE_ID</string>
      <list>
        <string>127.0.0.1</string>
      </list>
    </entry>
    <entry>
      <string>subTitle</string>
      <list>
        <string>or, the Modern Prometheus</string>
      </list>
    </entry>
    <entry>
      <string>palette</string>
      <list>
        <string>default</string>
      </list>
    </entry>
    <entry>
      <string>categories</string>
      <list>
        <string>auto</string>
      </list>
    </entry>
    <entry>
      <string>xmlTitleXpath</string>
      <list>
        <string>//front//docTitle</string>
      </list>
    </entry>
  </entries>
</org.voyanttools.trombone.util.FlexibleParameters>