<org.voyanttools.trombone.util.FlexibleParameters>
  <entries>
    <entry>
      <string>parent_source</string>
      <list>
        <string>file</string>
      </list>
    </entry>
    <entry>
      <string>parent_modified</string>
      <list>
        <string>1637011964097</string>
      </list>
    </entry>
    <entry>
      <string>parent_id</string>
      <list>
        <string>011db413f7104d4b1e20807ccc04751e</string>
      </list>
    </entry>
    <entry>
      <string>modified</string>
      <list>
        <string>1637011716000</string>
      </list>
    </entry>
    <entry>
      <string>location</string>
      <list>
        <string>1608 Pericles Prince of Tyre.txt</string>
      </list>
    </entry>
    <entry>
      <string>parent_title</string>
      <list>
        <string>shakespeare</string>
      </list>
    </entry>
    <entry>
      <string>source</string>
      <list>
        <string>stream</string>
      </list>
    </entry>
    <entry>
      <string>title</string>
      <list>
        <string>1608 Pericles Prince of Tyre</string>
      </list>
    </entry>
    <entry>
      <string>parent_queryParameters</string>
      <list>
        <string>VOYANT_BUILD=&amp;textarea-1015-inputEl=Type+in+one+or+more+URLs+on+separate+lines+or+paste+in+a+full+text.&amp;VOYANT_REMOTE_ID=127.0.0.1&amp;accessIP=127.0.0.1&amp;VOYANT_VERSION=2.5.0&amp;dtocIndexDoc=-1&amp;palette=default&amp;categories=auto&amp;suppressTools=false</string>
      </list>
    </entry>
    <entry>
      <string>parent_location</string>
      <list>
        <string>shakespeare.zip</string>
      </list>
    </entry>
    <entry>
      <string>parentType</string>
      <list>
        <string>expansion</string>
      </list>
    </entry>
  </entries>
</org.voyanttools.trombone.util.FlexibleParameters>