<org.voyanttools.trombone.util.FlexibleParameters>
  <entries>
    <entry>
      <string>extra.X-Parsed-By</string>
      <list>
        <string>org.apache.tika.parser.DefaultParser</string>
      </list>
    </entry>
    <entry>
      <string>tokensCount-lexical</string>
      <list>
        <string>160461</string>
      </list>
    </entry>
    <entry>
      <string>lastTokenStartOffset-lexical</string>
      <list>
        <string>1220825</string>
      </list>
    </entry>
    <entry>
      <string>parent_modified</string>
      <list>
        <string>1637012172267</string>
      </list>
    </entry>
    <entry>
      <string>typesCount-lexical</string>
      <list>
        <string>8077</string>
      </list>
    </entry>
    <entry>
      <string>typesCountMean-lexical</string>
      <list>
        <string>19.866411</string>
      </list>
    </entry>
    <entry>
      <string>lastTokenPositionIndex-lexical</string>
      <list>
        <string>160460</string>
      </list>
    </entry>
    <entry>
      <string>language</string>
      <list>
        <string>en</string>
      </list>
    </entry>
    <entry>
      <string>sentencesCount</string>
      <list>
        <string>6800</string>
      </list>
    </entry>
    <entry>
      <string>source</string>
      <list>
        <string>stream</string>
      </list>
    </entry>
    <entry>
      <string>typesCountStdDev-lexical</string>
      <list>
        <string>164.32185</string>
      </list>
    </entry>
    <entry>
      <string>title</string>
      <list>
        <string>1814 Mansfield Park</string>
      </list>
    </entry>
    <entry>
      <string>parent_queryParameters</string>
      <list>
        <string>VOYANT_BUILD=&amp;textarea-1015-inputEl=Type+in+one+or+more+URLs+on+separate+lines+or+paste+in+a+full+text.&amp;VOYANT_REMOTE_ID=127.0.0.1&amp;accessIP=127.0.0.1&amp;VOYANT_VERSION=2.5.0&amp;dtocIndexDoc=-1&amp;palette=default&amp;categories=auto&amp;suppressTools=false</string>
      </list>
    </entry>
    <entry>
      <string>extra.Content-Type</string>
      <list>
        <string>text/plain; charset=windows-1252</string>
      </list>
    </entry>
    <entry>
      <string>parentType</string>
      <list>
        <string>expansion</string>
      </list>
    </entry>
    <entry>
      <string>extra.Content-Encoding</string>
      <list>
        <string>windows-1252</string>
      </list>
    </entry>
    <entry>
      <string>parent_source</string>
      <list>
        <string>file</string>
      </list>
    </entry>
    <entry>
      <string>parent_id</string>
      <list>
        <string>91dc602ca3bed74451054cf99c2d7de4</string>
      </list>
    </entry>
    <entry>
      <string>modified</string>
      <list>
        <string>1637011716000</string>
      </list>
    </entry>
    <entry>
      <string>location</string>
      <list>
        <string>1814 Mansfield Park.txt</string>
      </list>
    </entry>
    <entry>
      <string>parent_title</string>
      <list>
        <string>Austen</string>
      </list>
    </entry>
    <entry>
      <string>parent_location</string>
      <list>
        <string>Austen.zip</string>
      </list>
    </entry>
  </entries>
</org.voyanttools.trombone.util.FlexibleParameters>