<org.voyanttools.trombone.util.FlexibleParameters>
  <entries>
    <entry>
      <string>tokensCount-lexical</string>
      <list>
        <string>78030</string>
      </list>
    </entry>
    <entry>
      <string>lastTokenStartOffset-lexical</string>
      <list>
        <string>472846</string>
      </list>
    </entry>
    <entry>
      <string>parent_modified</string>
      <list>
        <string>1672940965261</string>
      </list>
    </entry>
    <entry>
      <string>author</string>
      <list>
        <string>Mary Wollstonecraft Shelley</string>
      </list>
    </entry>
    <entry>
      <string>typesCount-lexical</string>
      <list>
        <string>7296</string>
      </list>
    </entry>
    <entry>
      <string>format</string>
      <list>
        <string>xml</string>
      </list>
    </entry>
    <entry>
      <string>typesCountMean-lexical</string>
      <list>
        <string>10.694901</string>
      </list>
    </entry>
    <entry>
      <string>lastTokenPositionIndex-lexical</string>
      <list>
        <string>78029</string>
      </list>
    </entry>
    <entry>
      <string>language</string>
      <list>
        <string>en</string>
      </list>
    </entry>
    <entry>
      <string>sentencesCount</string>
      <list>
        <string>3404</string>
      </list>
    </entry>
    <entry>
      <string>typesCountStdDev-lexical</string>
      <list>
        <string>95.62297</string>
      </list>
    </entry>
    <entry>
      <string>title</string>
      <list>
        <string>Frankenstein or, the Modern Prometheus.</string>
      </list>
    </entry>
    <entry>
      <string>parent_queryParameters</string>
      <list>
        <string>VOYANT_BUILD=&amp;xmlAuthorXpath=%2F%2Ffront%2F%2FdocAuthor&amp;accessIP=127.0.0.1&amp;VOYANT_VERSION=2.6.2&amp;dtocIndexDoc=-1&amp;inputFormat=TEI&amp;title=Frankenstein&amp;suppressTools=false&amp;textarea-1015-inputEl=Type+in+one+or+more+URLs+on+separate+lines+or+paste+in+a+full+text.&amp;VOYANT_REMOTE_ID=127.0.0.1&amp;subTitle=or%2C+the+Modern+Prometheus&amp;palette=default&amp;categories=auto&amp;xmlTitleXpath=%2F%2Ffront%2F%2FdocTitle</string>
      </list>
    </entry>
    <entry>
      <string>parentType</string>
      <list>
        <string>extraction</string>
      </list>
    </entry>
    <entry>
      <string>parent_source</string>
      <list>
        <string>file</string>
      </list>
    </entry>
    <entry>
      <string>parent_id</string>
      <list>
        <string>bc892b9f310435611384150745191eda</string>
      </list>
    </entry>
    <entry>
      <string>location</string>
      <list>
        <string>frnknstn.xml</string>
      </list>
    </entry>
    <entry>
      <string>parent_title</string>
      <list>
        <string>frnknstn</string>
      </list>
    </entry>
    <entry>
      <string>parent_location</string>
      <list>
        <string>frnknstn.xml</string>
      </list>
    </entry>
  </entries>
</org.voyanttools.trombone.util.FlexibleParameters>