<org.voyanttools.trombone.util.FlexibleParameters>
  <entries>
    <entry>
      <string>tokensCount-lexical</string>
      <list>
        <string>895737</string>
      </list>
    </entry>
    <entry>
      <string>typesCount-lexical</string>
      <list>
        <string>25114</string>
      </list>
    </entry>
    <entry>
      <string>createdTime</string>
      <list>
        <string>1637011972209</string>
      </list>
    </entry>
    <entry>
      <string>id</string>
      <list>
        <string>shakespeare</string>
      </list>
    </entry>
    <entry>
      <string>documentIds</string>
      <list>
        <string>e69aa95d0288e64e3cf6ad8685901d7f</string>
        <string>fb9db23c777f0e960a8ed26bf896be70</string>
        <string>dcf8f2c7fe360d3fa56830ae55266e2e</string>
        <string>6f1f1f8281fc0be5da182eecdfbed9df</string>
        <string>711cdabc229720b0f32ff92b1c961bb0</string>
        <string>0105c90104f42965c2aa8abec03e43d8</string>
        <string>c7cf3f8bda8e482c6d0245d6f3ffa7be</string>
        <string>fb61e72febac49795a515da6bc2b0296</string>
        <string>f9b61a356cd95d851a258b0bca0f6efc</string>
        <string>fab07a802024e74495924148cb9df9fb</string>
        <string>d73549b535f51b46f3a208741825cf06</string>
        <string>ce5658afa64b8e9dd00f9340d703762a</string>
        <string>ed524b83d2e6a59c07676d832667ed35</string>
        <string>ccd2e73995a22978b0006673ec7454d5</string>
        <string>722fe658bea92d7ad9d7b42af2fce0f2</string>
        <string>a47fee43a130c1141ecef02bb189d746</string>
        <string>5a312a97177f7c56f1f137ed4bfe5a92</string>
        <string>75f510dd97aa047ef496e64c2217a4e3</string>
        <string>77c96f29e3f87d89b8f2e690fa64525c</string>
        <string>c7a686c13a26ab7acc1090fd0dc8ce5f</string>
        <string>1eaaa859cc75165427cc014bd69f8aca</string>
        <string>c77b820a78f814c8c87577797a880fd2</string>
        <string>7bd360d3aecf05316302f0ce4e886a08</string>
        <string>6c14db4cfb7ba04dcd529ac31730b548</string>
        <string>7735143b246e090baed5d4c2de0de3c2</string>
        <string>1e473da595708a4944c3895bda98c8dc</string>
        <string>96f03af18878650c4dad264a2f32ed50</string>
        <string>63ee329d4450c441de9382f79e16d8a0</string>
        <string>205164998e930b34f2286393ee13d76d</string>
        <string>a06af6a06a61d9ad26e3c3e3fb5ffc04</string>
        <string>5d9bdbd6b0895abbde43eb666e6e2a83</string>
        <string>a3a459db652d8481136e2b78ae60a131</string>
        <string>83182de7619e4bb48d4b6ae8955cca0a</string>
        <string>ce1c70d94f216c41fb1e6244b2f3134b</string>
        <string>1ce31c538ce5fa5798bd0283ffd87e0a</string>
        <string>2fd91cbb6cd1c572a11fd64d74d78f40</string>
        <string>ba701653807016e23f29440a113e333f</string>
      </list>
    </entry>
  </entries>
</org.voyanttools.trombone.util.FlexibleParameters>